CASSLGGNLYEQYF	TRBV06-4_01	EFFWDANDIY:HLA-B_12
CASRPGLAGGRPEQYF	TRBV06-5_01	LLFGYPVYV:HLA-A_02:01:59
CATSDGLAGGWANVLTF	TRBV24-1_01	GILGFVFTL:HLA-A_02:01
CASSARQGIDTGELFF	TRBV07-9_01	TPRVTGGGAM:HLA-B_07:02
CASSQVLAPIQYF	TRBV04-1_01	GPGHKARVL:HLA-B_07:02
CANTRGENTEAFF	TRBV02_01	NLVPMVATV:HLA-A_02:01
CASRTTSGGASEQFF	TRBV28_01	YVLDHLIVV:HLA-A_02:01
CATSRPLDSTDTQYF	TRBV15_01	YSEHPTFTSQY:HLA-A_01:01
CASSLELGDEQFF	TRBV07-6_01	GPGMKARVL:HLA-B_07:02
CASSLGSSPREQFF	TRBV27_01	TPRVTGGGAM:HLA-B_07:02
CASSPWASGTQETQYF	TRBV18_01	RAKFKQLL:HLA-B_08:01
CASSIAGSAYEQYF	TRBV19_01	KLVALGINAV:HLA-A_02
CASMNDGATYEQYF	TRBV05-1_01	NLVPMVATV:HLA-A_02:01
CSGTGGTNEKLFF	TRBV29-1_01	GLCTLVAML:HLA-A_02:01
CASSPSREPNEKLFF	TRBV28_01	IPSINVHHY:HLA-B_35:01
CASSIRSSYEQYF	TRBV19_01	GILGFVFTL:HLA-A_02
CASSLPGQGRTPLHF	TRBV07-2_01	EIYKRWII:HLA-B_08
CASSLVSGSPTGELFF	TRBV27_01	NLVPMVATV:HLA-A_02:01
CASSFAGELFF	TRBV05-1_01	NEGVKAAW:HLA-B_44:03:08
CASSPETGIGGQPQHF	TRBV07-2_01	NLSALGIFST:HLA-A_02
CASSSDREEQYF	TRBV07-9_01	KRWIILGLNK:HLA-B_27:05
CASSVEGTIHTDTQYF	TRBV09_01	GLNKIVRMY:HLA-B_15
CASSLVTGEGLGEQFF	TRBV07-6_01	RAKFKQLL:HLA-B_08:01
CASSLQGSNQPQHF	TRBV06-2_01	YVLDHLIVV:HLA-A_02:01
CASSLEGYTEAFF	TRBV27_01	NLVPMVATV:HLA-A_02:01
CASSMGGEQYF	TRBV19_01	KLVALGINAV:HLA-A_02
CASSRSWLAGGLSTDTQYF	TRBV14_01	KRWIILGLNK:HLA-B_27
CASSPTGTGVRNTEAFF	TRBV27_01	EIYKRWII:HLA-B_08
CASRVGGAGNSPLHF	TRBV27_01	TPRVTGGGAM:HLA-B_07:02
CASSLVGEGLRDEQFF	TRBV07-9_01	TPRVTGGGAM:HLA-B_07:02
CASSLGQAYEQYF	TRBV07-8_01	FLRGRAYGL:HLA-B_08:01
CSARDRSLGNTIYF	TRBV20-1_01	GLCTLVAML:HLA-A_02:01
CATSMGQTTYEQYF	TRBV15_01	KRWIILGLNK:HLA-B_27
CASSHSRGSGNTIYF	TRBV04-1_01	HSKKKCDEL:HLA-B_08:01
CASSQQTGTIGGYTF	TRBV06-5_01	NLVPMVATV:HLA-A_02
CASREDGASGSPDTQYF	TRBV02_01	KLVALGINAV:HLA-A_02
CASSPRSGNEQYF	TRBV19_01	NEGVKAAW:HLA-B_44:03:08
CASSLSVSTSLDTQYF	TRBV27_01	YVLDHLIVV:HLA-A_02:01
CASSGSKGAAGELFF	TRBV11-2_01	NLSALGIFST:HLA-A_02
CASTEYSGSIEQFF	TRBV09_01	KRWIILGLNK:HLA-B_27:05
CSVGTGGTNEKLFF	TRBV29-1_01	GLCTLVAML:HLA-A_02:01
CASRPGQGNNEQFF	TRBV06-5_01	KRWIILGLNK:HLA-B_27:05
CSARDRTGNGYTF	TRBV20-1_01	GLCTLVAML:HLA-A_02:01
CASRSAQRGFTETQYF	TRBV28_01	NLVPMVATV:HLA-A_02:01
CASSQGSELMTGNTIYF	TRBV06-6_01	GLCTLVAML:HLA-A_02:01
CASSQDGVYTQYF	TRBV04-1_01	GPGHKARVL:HLA-B_07:02
CATSSFPRLEWDEQFF	TRBV15_01	RAKFKQLL:HLA-B_08:01
CASSLGPQNTGELFF	TRBV07-9_01	NEGVKAAW:HLA-B_44:03:08
CASSGRAAGELFF	TRBV19_01	GILGFVFTL:HLA-A_02:01
CASSQDRELAFF	TRBV12-4_01	MLNIPSINV:HLA-A_02
CASSKQTGTGNYGYTF	TRBV06-5_01	GILGFVFTL:HLA-A_02:01
CASSPTGQLETQYF	TRBV07-3_01	ATDALMTGY:HLA-A_01:01
CASSPFQRSSGNTIYF	TRBV18_01	YVLDHLIVV:HLA-A_02:01
CASSQSPGGTQYF	TRBV14_01	GLCTLVAML:HLA-A_02
CASIPTAMNTEAFF	TRBV12-3_01	NEGVKAAW:HLA-B_44:03:08
CASSSRTGELFF	TRBV27_01	KRWIILGLNK:HLA-B_27
CASRTGQGAYEQYF	TRBV06-5_01	KRWIILGLNK:HLA-B_27:05
CSARDSTGNGYTF	TRBV20-1_01	GLCTLVAML:HLA-A_02:01
CATSTVGVGTGFPPSFF	TRBV15_01	NLVPMVATV:HLA-A_02:01
CASSVVERAFF	TRBV12-3_01	NLVPMVATV:HLA-A_02:01
CASSLAERSYEQYF	TRBV07-9_01	NLVPMVATV:HLA-A_02:01
CASSIRSAYEQYF	TRBV19_01	GILGFVFTL:HLA-A_02:01
CASSPYRNTEAFF	TRBV04-3_01	RPHERNGFTVL:HLA-B_07:02
CASSTGFYGYTF	TRBV19_01	GILGFVFTL:HLA-A_02:01
CATSDFEVAGSSYNEQFF	TRBV24-1_01	GILGFVFTL:HLA-A_02:01
CAISEWDIHSSGNTIYF	TRBV10-3_01	NLVPMVATV:HLA-A_02:01
CASRPYSGRAGAYTGELFF	TRBV06-1_01	SLYNTVATL:HLA-A_02:01
CASSFDREVTGELFF	TRBV07-3_01	FLKEKGGL:HLA-B_08
CASSPHRNTEAFF	TRBV07-2_01	RPHERNGFTV:HLA-B_07
CASSLVPQGEEQYF	TRBV07-2_01	TLNAWVKVV:HLA-A_02:01
CSASHRAGNEQYF	TRBV20-1_01	LLWNGPMAV:HLA-A_02
CASSSAFYGYTF	TRBV11-1_01	NLVPMVATV:HLA-A_02:01
CAISESDPLRGTEAFF	TRBV10-3_01	HPVGEADYFEY:HLA-B_35:08
CASSLDRGVGGYTF	TRBV13_01	RLRPGGKKK:HLA-A_03:01
CASRGMTPPTQYF	TRBV02_01	VSFIEFVGW:HLA-B_57:01
CSVGTGGTNEKLFF	TRBV29-1_01	GLCTLVAML:HLA-A_02:01
CSARDLAEGTYEQYF	TRBV20-1_01	KRWIILGLNK:HLA-B_27
CASSLYSDTQYF	TRBV28_01	YVLDHLIVV:HLA-A_02:01
CASSLEGYTEAFF	TRBV27_01	NLVPMVATV:HLA-A_02:01
CASSSHERQGQNSPLHF	TRBV07-9_01	TPRVTGGGAM:HLA-B_07:02
CASSLPGRDEQYF	TRBV28_01	EPLPQGQLTAY:HLA-B_35:01
CASSQTQLWETQYF	TRBV07-2_01	NLVPMVATV:HLA-A_02
CASSLETGDEQYF	TRBV07-6_01	GPGMKARVL:HLA-B_07:02
CASSSLTGSGQPQHF	TRBV28_01	YVLDHLIVV:HLA-A_02:01
CASSQDEPSEQYF	TRBV04-1_01	GPGHKARVL:HLA-B_07:02
CASSDRQSLVQFF	TRBV07-9_01	LPPIVAKEI:HLA-B_42:01
CASSPGGELFF	TRBV09_01	KLVALGINAV:HLA-A_02
CASSKVRRGRADEQFF	TRBV19_01	NEGVKAAW:HLA-B_44:03:08
CASSVGDWAQGNTIYF	TRBV09_01	IVTDFSVIK:HLA-A_11:01
CATGTGDSNQPQHF	TRBV10-3_01	EPLPQGQLTAY:HLA-B_35:01
CASSQGAYGYTF	TRBV19_01	GILGFVFTL:HLA-A_02:01
CSANSRTGLGYTF	TRBV20-1_01	KLVALGINAV:HLA-A_02
CASSPLTDTQYF	TRBV27_01	RAKFKQLL:HLA-B_08:01
CASSSHDLAGVKSEQFF	TRBV07-9_01	TPRVTGGGAM:HLA-B_07:02
CASSQGLAEWDEQFF	TRBV04-3_01	IPSINVHHY:HLA-B_35:01
CASSADSNGELFF	TRBV11-2_01	IPSINVHHY:HLA-B_35:01
CSASRDSYEQYF	TRBV20-1_01	KINAWIKVV:HLA-A_02:01
CASSIVSSSYNEQFF	TRBV19_01	VAANIVLTV:HLA-A_02
CASSGSAGGVWDNEQFF	TRBV07-9_01	RAKFKQLL:HLA-B_08:01
CASSLWAGGLYEQFF	TRBV07-6_01	RAKFKQLL:HLA-B_08:01
CASSLRNSYEQFF	TRBV28_01	GLCTLVAML:HLA-A_02:01
CASSLDRNTGELFF	TRBV05-6_01	RLRPGGKKK:HLA-A_03:01
CASPGLAGEYEQYF	TRBV06-1_01	LPEPLPQGGLTAY:HLA-B_35:08
CASSPGGGKETQYF	TRBV07-6_01	DEEDAIAAY:HLA-B_18
CASTRADTGELFF	TRBV18_01	YSEHPTFTSQY:HLA-A_01:01
CASSFPTGGLWPSDGQYF	TRBV28_01	MLNIPSINV:HLA-A_02
CASSYVGGDGYTF	TRBV06-2_01	FLGKIWPSHK:HLA-A_02:01
CASSQDLAGEGTDTQYF	TRBV03-1_01	GILGFVFTL:HLA-A_02:01
CASSPGQVTPLHF	TRBV04-2_01	RAKFKQLL:HLA-B_08:01
CASSPSFPPDTQYF	TRBV27_01	GLNKIVRMY:HLA-B_15
CASSLVGRGLDEQYF	TRBV07-6_01	KRWIIMGLNK:HLA-B_27:05
CASSPLGDRETQYF	TRBV13_01	KRWIILGLNK:HLA-B_27:05
CASSLGTPNEQFF	TRBV12-3_01	TPRVTGGGAM:HLA-B_07:02
CASSLIGQGGPDTQYF	TRBV07-9_01	TPRVTGGGAM:HLA-B_07:02
CASSARTPRPGSSYNEQFF	TRBV09_01	MLNIPSINV:HLA-A_02
CASSPRGGMTQHF	TRBV19_01	GILGFVFTL:HLA-A_02:01
CASSPSHGPNEKLFF	TRBV28_01	IPSINVHHY:HLA-B_35:01
CASKGQGARDGYTF	TRBV06-6_01	IPSINVHHY:HLA-B_35:01
CASSTGDSNQPQHF	TRBV19_01	EPLPQGQLTAY:HLA-B_35:01
CASSYTGELFF	TRBV06-6_01	KLVALGINAV:HLA-A_02
CATSRGQAYEQYF	TRBV15_01	LLWNGPMAV:HLA-A_02
CASSVDKGGTDEQFF	TRBV09_01	IIKDYGKQM:HLA-B_42:01
CASSLVDGDIQYF	TRBV05-1_01	GLCTLVAML:HLA-A_02
CASSPTTAYEQYF	TRBV06-2_01	IPSINVHHY:HLA-B_35:01
CASSQDGAGGLGEQFF	TRBV04-2_01	GLCTLVAML:HLA-A_02:01
CASSGSGLVNTGELFF	TRBV07-8_01	RAKFKQLL:HLA-B_08:01
CASSSDRSWTDEAFF	TRBV11-2_01	NEGVKAAW:HLA-B_44:03:08
CASSLAPLAGGAFSYNEQFF	TRBV11-2_01	ATDALMTGY:HLA-A_01:01
CASTTGQINYGYTF	TRBV19_01	GPGHKARVL:HLA-B_07:02
CSARDRSLGNTIYF	TRBV20-1_01	GLCTLVAML:HLA-A_02:01
CASSPLTDTQYF	TRBV27_01	RAKFKQLL:HLA-B_08:01
CATSSSWDLNQPQHF	TRBV15_01	NLVPMVATV:HLA-A_02:01
CASSFTTLGEQYF	TRBV07-2_01	KRWIIMGLNK:HLA-B_27:05
CASSLYGGSNTGELFF	TRBV07-9_01	ARMILMTHF:HLA-B_27
CASSIRSTGELFF	TRBV19_01	GILGFVFTL:HLA-A_02:01
CSVEERVWGGEQYF	TRBV29-1_01	TPRVTGGGAM:HLA-B_07:02
CASSPSKPGDNEQFF	TRBV07-9_01	RAKFKQLL:HLA-B_08:01
CASSPGLTYPGELFF	TRBV02_01	GLCTLVAML:HLA-A_02:01
CASSPVGGSMAKNIQYF	TRBV03-1_01	VLEETSVML:HLA-A_02:01
CASSPRQGGTGELFF	TRBV05-1_01	HSKKKCDEL:HLA-B_08:01
CASSYSPPIPGQGIDEQYF	TRBV06-5_01	YSEHPTFTSQY:HLA-A_01:01
CASSYVIYEQYF	TRBV12-3_01	TPRVTGGGAM:HLA-B_07:02
CASSPITGTGIYGYTF	TRBV06-5_01	NLVPMVATV:HLA-A_02:01
CASSFSKNTEAFF	TRBV12-3_01	TPQDLNTML:HLA-B_42:01
CASSSANYGYTF	TRBV12-3_01	NLVPMVATV:HLA-A_02
CASATGIFNNEQFF	TRBV04-3_01	KRWIILGLNK:HLA-B_27
CASSQSGQLDTQYF	TRBV07-8_01	ATDALMTGY:HLA-A_01:01
CASSSGMRGTEAFF	TRBV07-2_01	KRWIILGLNK:HLA-B_27
CASSLVSSGANVLTF	TRBV07-9_01	RAKFKQLL:HLA-B_08:01
CASSIVGHLNTEAFF	TRBV19_01	ARMILMTHF:HLA-B_27
CASSDNGGDRSPGELFF	TRBV27_01	GLNKIVRMY:HLA-B_15
CASSPGTSIDEQFF	TRBV07-9_01	KRWIILGLNK:HLA-B_27:05
CASSQETGASGTQYF	TRBV04-1_01	RPPIFIRRL:HLA-B_07:02
CASSLDLGDRGGYGYTF	TRBV11-2_01	ATDALMTGY:HLA-A_01:01
CASSVLAGDTQYF	TRBV07-2_01	RAKFKQLL:HLA-B_08:01
CASSVDKGGADEQFF	TRBV09_01	IIKDYGKQM:HLA-B_42:01
CASSPGTGELFF	TRBV18_01	KRWIILGLNK:HLA-B_27:05
CASSLGQAYEQYF	TRBV07-8_01	FLRGRAYGL:HLA-B_08:01
CASSLNGFRGDTEAFF	TRBV05-1_01	EIYKRWII:HLA-B_08
CASRGQVSSQETQYF	TRBV02_01	QYDPVAALF:HLA-A_24:02
CSARDLGLAGDTDTQYF	TRBV20-1_01	KRWIILGLNK:HLA-B_27:05
CASSTGLYGYTF	TRBV19_01	GILGFVFTL:HLA-A_02:01
CASSSQRESSDTQYF	TRBV07-2_01	YSEHPTFTSQY:HLA-A_01:01
CASSPSRNTEAFF	TRBV04-3_01	TPRVTGGGAM:HLA-B_07:02
CASNPMGQGILFF	TRBV09_01	NLVPMVATV:HLA-A_02:01
CASSPGNILYGYTF	TRBV18_01	NLVPMVATV:HLA-A_02:01
CASSEGGQAYNEQFF	TRBV09_01	LLWNGPMAV:HLA-A_02
CASSCQTGAACGYTF	TRBV06-5_01	NLVPMVATV:HLA-A_02:01
CASTGWVTDTQYF	TRBV07-9_01	VSFIEFVGW:HLA-B_57:01
CASSTRSSYEQYF	TRBV19_01	GILGFVFTL:HLA-A_02:01
CASSEWNTEAFF	TRBV10-2_01	RLRPGGKKR:HLA-A_03:01
CASSVRTGELFF	TRBV09_01	HPVGEADYFEY:HLA-B_35:01
CASSLAPGATNEKLFF	TRBV07-6_01	NLVPMVATV:HLA-A_02:01
CASSDQETQYF	TRBV25-1_01	VAANIVLTV:HLA-A_02
CASSLRPLDMNTEAFF	TRBV12-3_01	NLVPMVATV:HLA-A_02:01
CASNTGGANTDTQYF	TRBV27_01	TPRVTGGGAM:HLA-B_07:02
CASSLTAPGIQPQHF	TRBV07-9_01	RAKFKQLL:HLA-B_08:01
CSARDRTGNTIYF	TRBV20-1_01	GLCTLVAML:HLA-A_02:01
CASSLERETEAFF	TRBV13_01	RLRPGGKKR:HLA-A_03:01
CASSVRSSYEQYF	TRBV19_01	GILGFVFTL:HLA-A_02:01
CASKEDRQSNSPLHF	TRBV07-9_01	SFHSLHLLF:HLA-A_24:02
CASRSGAEAFF	TRBV19_01	GILGFVFTL:HLA-A_02
CSVPGQVLETQYF	TRBV29-1_01	GLCTLVAML:HLA-A_02:01
CSARVEPGNGYTF	TRBV20-1_01	GLCTLVAML:HLA-A_02:01
CASSLGTSSYEQYF	TRBV04-3_01	KRWIILGLNK:HLA-B_27:05
CASSFRQGLGHTGELFF	TRBV28_01	FPRPWLHGL:HLA-B_42:01
CASIPNLGNEQFF	TRBV05-5_01	LPPIVAKEI:HLA-B_42:01
CASSLYSGGGQPQHF	TRBV07-2_01	FPRPWLHGL:HLA-B_42:01
CASSLFTDRRDGYTF	TRBV27_01	IPSINVHHY:HLA-B_35:01
CASSFGGATGPGELFF	TRBV09_01	GPGHKARVL:HLA-B_07:02
CASSFSSLNTGELFF	TRBV28_01	NLVPMVATV:HLA-A_02:01
CASSIRSTGELFF	TRBV19_02	GILGFVFTL:HLA-A_02:01
CASTREGLNTGELFF	TRBV07-7_01	GLCTLVAML:HLA-A_02:01
CASSVQALLAGDWADTQYF	TRBV04-1_01	RPRGEVRFL:HLA-B_07:02
CASSLGSTPYEQYF	TRBV27_01	TPRVTGGGAM:HLA-B_07:02
CASSQGAGGIEQFF	TRBV04-3_01	KRWIILGLNK:HLA-B_27
CASSVGGDARETQYF	TRBV09_01	EIYKRWII:HLA-B_08
CASSSRTGASGNTIYF	TRBV11-2_01	GPGHKARVL:HLA-B_07:02
CASSQWERDPQYF	TRBV04-3_01	YSEHPTFTSQY:HLA-A_01:01
CASSQTQLWETQYF	TRBV07-2_02	NLVPMVATV:HLA-A_02:01:110
CASSIFGGAEAFF	TRBV19_01	GILGFVFTL:HLA-A_02:01
CASSFSSGTTDTQYF	TRBV11-2_01	GLCTLVAML:HLA-A_02:01
CASSPVQGAFYNSPLHF	TRBV06-5_01	NLVPMVATV:HLA-A_02:01
CASSSDRSFYGYTF	TRBV13_01	RLRPGGKKK:HLA-A_03:01
CASRGQGFSYEQYF	TRBV13_01	NLVPMVATV:HLA-A_02
CATSGTDRGGGETQYF	TRBV15_01	SLYNTVATL:HLA-A_02:01
CASSYRTGELFF	TRBV27_01	KRWIILGLNK:HLA-B_27:05
CASSPVTGTGHYGYTF	TRBV06-5_01	NLVPMVATV:HLA-A_02
CASSSRTGGRNTEAFF	TRBV03-1_01	SFHSLHLLF:HLA-A_24:02
CASSLQTGLNTEAFF	TRBV07-9_01	TPRVTGGGAM:HLA-B_07:02
CASSLYGSPDQPQHF	TRBV07-2_01	FPRPWLHGL:HLA-B_42:01
CASSDVAPAPFYGYTF	TRBV06-4_01	EPLPQGQLTAY:HLA-B_35:01
CASSFDAEQFF	TRBV05-1_01	SLYNTVATL:HLA-A_02:01
CASSPSGYNNEQFF	TRBV05-1_01	GPGHKARVL:HLA-B_07:02
CASSIRAAETQYF	TRBV19_01	GILGFVFTL:HLA-A_02
CASSYSNLPVFSPNQPQHF	TRBV06-5_01	ARMILMTHF:HLA-B_27
CASSLGSSPREQFF	TRBV27_01	TPRVTGGGAM:HLA-B_07:02
CASSLIGAGGPDEQFF	TRBV07-9_01	TPRVTGGGAM:HLA-B_07:02
CSATDVTKGQLISGYTF	TRBV20-1_01	NLVPMVATV:HLA-A_02:01
CASSIVGHLNTEAFF	TRBV19_01	ARMILMTHF:HLA-B_27
CASSVDPAGGSSYEQYF	TRBV09_01	GILGFVFTL:HLA-A_02:01
CASRIWGGADTQYF	TRBV05-1_01	RPRGEVRFL:HLA-B_07:02
CSARDSGRGIENYEQYF	TRBV20-1_01	FLKEKGGL:HLA-B_08
CASSIRSSYEQYF	TRBV19_01	GILGFVFTL:HLA-A_02:01
CASSASTGEAYGYTF	TRBV09_01	GPGHKARVL:HLA-B_07:02
CASSQGIFAYEQYF	TRBV04-3_01	KRWIIMGLNK:HLA-B_27:05
CASRLGLAGGINEQFF	TRBV27_01	TPRVTGGGAM:HLA-B_07:02
CASSPLTDTQYF	TRBV27_01	RAKFKQLL:HLA-B_08:01
CASSLWAGETEAFF	TRBV07-2_01	FPRPWLHGL:HLA-B_42:01
CSARDRTGNGYTF	TRBV20-1_01	GLCTLVAML:HLA-A_02:01
CASSVATLRVSTNEKLFF	TRBV10-1_01	NLSALGIFST:HLA-A_02
CASSSHERQGQNSPLHF	TRBV07-9_01	TPRVTGGGAM:HLA-B_07:02
CASSFDAEQFF	TRBV05-1_01	SLYNTVATL:HLA-A_02
CASSLYSDTQYF	TRBV28_01	YVLDHLIVV:HLA-A_02:01
CASSFRGEGHPDTQYF	TRBV07-9_01	TPRVTGGGAM:HLA-B_07:02
CASRGLLGGITEAFF	TRBV19_01	YVLDHLIVV:HLA-A_02:01
CASRLGLAGGINEQFF	TRBV27_01	TPRVTGGGAM:HLA-B_07:02
CASSLSDRGGDEQFF	TRBV12-3_01	NLVPMVATV:HLA-A_02:01
CASSYLGNTGELFF	TRBV06-5_01	SLLMWITQC:HLA-A_02:01:48
CASSTLRYEQYF	TRBV07-9_01	NLSALGIFST:HLA-A_02
CASSLDVNEQFF	TRBV07-9_01	KRWIILGLNK:HLA-B_27:05
CASSPETGIGGQPQHF	TRBV07-2_01	NLSALGIFST:HLA-A_02
CASSGYTGELFF	TRBV04-3_01	KLVALGINAV:HLA-A_02
CASSFGQQETQYF	TRBV12-4_01	GLCTLVAML:HLA-A_02:01
CASSVGGEAYEQYF	TRBV09_01	GLCTLVAML:HLA-A_02:01
CASSIRSAYEQYF	TRBV19_01	GILGFVFTL:HLA-A_02:01
CASSEAAGGFYNEQFF	TRBV02_01	IVTDFSVIK:HLA-A_11:01
CASSSSSGASYNEQFF	TRBV11-2_01	RAKFKQLL:HLA-B_08:01
CASSPTSGGNNEQFF	TRBV06-1_01	CVNGSCFTV:HLA-A_02:01
CASSFGGATGPGELFF	TRBV09_01	GPGHKARVL:HLA-B_07:02
CASREDGGGYEQYF	TRBV05-1_01	ARMILMTHF:HLA-B_27
CATSRPTSGSDEQFF	TRBV15_01	YSEHPTFTSQY:HLA-A_01:01
CASSLPGTSGISQDTQYF	TRBV07-9_01	RAKFKQLL:HLA-B_08:01
CASSLHDRGSRTEAFF	TRBV06-4_01	TPRVTGGGAM:HLA-B_07
CASSIPPSGEQFF	TRBV19_01	GPGHKARVL:HLA-B_07:02
CASSMIQGADTQYF	TRBV19_01	TPQDLNTML:HLA-B_42
CSVVDAAPGANVLTF	TRBV29-1_01	LLWNGPMAV:HLA-A_02
CSARDRSLGNTIYF	TRBV20-1_01	GLCTLVAML:HLA-A_02:01
CASSPRDSQPYGYTF	TRBV18_01	TPRVTGGGAM:HLA-B_07:02
CASSPGLDGEQYF	TRBV13_01	RLRPGGKKK:HLA-A_03:01
CSARDGTGNGYTF	TRBV20-1_01	GLCTLVAML:HLA-A_02
CASSFQGYTEAFF	TRBV28_01	NLVPMVATV:HLA-A_02:01
CASKKSTGGNTDTQYF	TRBV12-3_01	KRWIILGLNK:HLA-B_27:05
CASSAREGKLFF	TRBV09_01	HPVGEADYFEY:HLA-B_35:01
CASTFKESIVNTEAFF	TRBV07-9_01	GLCTLVAML:HLA-A_02
CASSLGSSGNEQFF	TRBV27_01	TPRVTGGGAM:HLA-B_07:02
CASQSYRVGSEQYF	TRBV06-5_01	VAANIVLTV:HLA-A_02
CASSRENSNQPQHF	TRBV18_01	IPSINVHHY:HLA-B_35:01
CASSYVGQLDEQFF	TRBV11-2_01	ATDALMTGY:HLA-A_01:01
CASSLISGEGQPQHF	TRBV28_01	EPLPQGQLTAY:HLA-B_35:01
CSVGGGTEAFF	TRBV29-1_01	RAKFKQLL:HLA-B_08:01
CASSLLQGARTEAFF	TRBV07-9_01	TPRVTGGGAM:HLA-B_07:02
CASSFSLGAAGELFF	TRBV07-2_01	YVLDHLIVV:HLA-A_02:01
CASSIRSSYEQYF	TRBV19_02	GILGFVFTL:HLA-A_02:01
CSARDSTGNGYTF	TRBV20-1_01	GLCTLVAML:HLA-A_02:01
CASSSAFYGYTF	TRBV19_01	NLVPMVATV:HLA-A_02:01
CASSFTGIAETQYF	TRBV12-3_01	MLNIPSINV:HLA-A_02
CASSETSGRSPYEQYF	TRBV06-1_01	NLVPMVATV:HLA-A_02:01
CSARDRTGNGYTF	TRBV20-1_01	GLCTLVAML:HLA-A_02:01
CASSWSFGTEAFF	TRBV06-4_01	ELAGIGILTV:HLA-A_02:01:48
CATATGTGSNTEAFF	TRBV24-1_01	RPPIFIRRL:HLA-B_07:02
CASSKEDREKETQYF	TRBV19_01	TPRVTGGGAM:HLA-B_07:02
CASSSHDRQGQNSPLHF	TRBV07-9_01	TPRVTGGGAM:HLA-B_07:02
CASSLRQGANTGELFF	TRBV07-9_01	TPRVTGGGAM:HLA-B_07:02
CASSQSRGSGNTIYF	TRBV04-1_01	HSKKKCDEL:HLA-B_08:01
CASSKWTGGNQWFF	TRBV06-1_01	GLCTLVAML:HLA-A_02:01
CAISESTAGNNEQFF	TRBV10-3_01	ATDALMTGY:HLA-A_01:01
CASSYPRGGEGSPLHF	TRBV06-1_01	RAKFKQLL:HLA-B_08:01
CASSVFGELFF	TRBV19_01	NEGVKAAW:HLA-B_44:03:08
CASSYLAGQGAPYSNQPQHF	TRBV06-2_01	FLKEKGGL:HLA-B_08
CSVGGVSSGVYNEQFF	TRBV29-1_01	RAKFKQLL:HLA-B_08:01
CAWSVLPEAFF	TRBV30_01	GILGFVFTL:HLA-A_02:01
CSARDKTGNGYTF	TRBV20-1_01	GLCTLVAML:HLA-A_02:01
CASSLAGQGSPYEQYF	TRBV07-8_01	LPRRSGAAGA:HLA-B_07:02
CASSVRSSYEQYF	TRBV19_01	GILGFVFTL:HLA-A_02:01
CASSEGSHSNQPQHF	TRBV02_01	ARMILMTHF:HLA-B_27
CASSARSGELFF	TRBV09_01	HPVGEADYFEY:HLA-B_35:01
CASSLIPGNQPQHF	TRBV07-2_01	EIYKRWII:HLA-B_08
CASSLSGQLDEQYF	TRBV11-2_01	ATDALMTGY:HLA-A_01:01
CASSQGTSDYEQYF	TRBV04-3_01	KRWIILGLNK:HLA-B_27:05
CASGDSGDEQFF	TRBV05-1_01	IIKDYGKQM:HLA-B_42:01
CASSLTAPDTEAFF	TRBV05-4_01	KRWIILGLNK:HLA-B_27
CASSQWSNEKLFF	TRBV04-1_01	NLVPMVATV:HLA-A_02:01
CASSLQRGRTDTQYF	TRBV11-2_01	VLEETSVML:HLA-A_02:01
CASSSLNTEAFF	TRBV27_01	RAKFKQLL:HLA-B_08:01
CASSTGLAGGKEQYF	TRBV04-3_01	KRWIILGLNK:HLA-B_27
CASSQIVTSAAQYF	TRBV07-2_01	RAKFKQLL:HLA-B_08:01
CSVGSAGTNEKLFF	TRBV29-1_01	GLCTLVAML:HLA-A_02
CSARDGLGLAYEQYF	TRBV20-1_01	IVTDFSVIK:HLA-A_11:01
CASSPRTLGTEAFF	TRBV09_01	FLRGRAYGL:HLA-B_08:01
CASSLVGGAGEQFF	TRBV07-3_01	ATDALMTGY:HLA-A_01:01
CSVGAGDYEQYF	TRBV29-1_01	RAKFKQLL:HLA-B_08:01
CASSIDGTAYEQYF	TRBV19_01	GLCTLVAML:HLA-A_02:01
CASSIGHNTGELFF	TRBV19_01	KLVALGINAV:HLA-A_02
CASSVEGGGAKETQYF	TRBV09_01	KLVALGINAV:HLA-A_02
CASSLASDGPQETQYF	TRBV05-1_01	RPHERNGFTVL:HLA-B_07:02
CASSIRSSYEQYF	TRBV19_02	GILGFVFTL:HLA-A_02:01
CASRPGQGSHEQFF	TRBV06-5_01	KRWIIMGLNK:HLA-B_27:05
CASSFGLDEAFF	TRBV12-3_01	TPQDLNTML:HLA-B_42:01
CASSLEGYTEAFF	TRBV27_01	NLVPMVATV:HLA-A_02:01
CASSTRSTDTQYF	TRBV19_02	GILGFVFTL:HLA-A_02:01
CASSSPNTEAFF	TRBV27_01	RAKFKQLL:HLA-B_08:01
CSVDLGVAGGPNTGELFF	TRBV29-1_01	GPGHKARVL:HLA-B_07:02
CASSLVQGTYEQYF	TRBV05-1_01	NEGVKAAW:HLA-B_44:03:08
CASSPLPGTTGTDTQYF	TRBV28_01	YVLDHLIVV:HLA-A_02:01
CAISESSAGNQPQHF	TRBV10-3_01	ATDALMTGY:HLA-A_01:01
CASTGSTSGPSRYNEQFF	TRBV27_01	TPGPGVRYPL:HLA-B_07:02
CSARDGTGNGYTF	TRBV20-1_01	GLCTLVAML:HLA-A_02:01
CASSPGWGSYEQYF	TRBV05-6_01	RLRPGGKKK:HLA-A_03:01
CASSFEPGQGFYSNQPQHF	TRBV13_01	FLKEQGGL:HLA-B_08
CSARDQRGLAGGIGDTQYF	TRBV20-1_01	NLVPMVATV:HLA-A_02:01
CASSFYSSGRNSYF	TRBV12-3_01	NLVPMVATV:HLA-A_02:01
CASRPPGGVNEQFF	TRBV28_01	EPLPQGQLTAY:HLA-B_35:01
CSARVMVGGTEAFF	TRBV20-1_01	NLVPMVATV:HLA-A_02:01
CASSVELAGTYEQYF	TRBV07-8_01	KLVALGINAV:HLA-A_02
CSARVPDSNTGELFF	TRBV20-1_01	CVNGSCFTV:HLA-A_02:01
CASSQETGDTQYF	TRBV14_01	GPGMKARVL:HLA-B_07:02
CASSRRGATTSTDTQYF	TRBV11-3_01	HSKKKCDEL:HLA-B_08:01
CASSVSTGEAYGYTF	TRBV09_01	GPGHKARVL:HLA-B_07:02
CASSPRGGYNEQFF	TRBV05-1_01	TPGPGVRYPL:HLA-B_07:02
CASSIRSAYEQYF	TRBV19_01	GILGFVFTL:HLA-A_02
CASSQTGQLDEQYF	TRBV07-8_01	ATDALMTGY:HLA-A_01:01
CASSLAPGATNEKLFF	TRBV07-6_01	NLVPMVATV:HLA-A_02:01
CSVGGTLDTQYF	TRBV29-1_01	NLVPMVATV:HLA-A_02:01
CASSIFSGGQNIQYF	TRBV19_02	GILGFVFTL:HLA-A_02:01
CASSFSRDSDEQFF	TRBV05-1_01	GLCTLVAML:HLA-A_02:01
CASSIRSSYEQYF	TRBV19_02	GILGFVFTL:HLA-A_02:01
CASSDLTGTAYNEQFF	TRBV25-1_01	KRWIIMGLNK:HLA-B_27:05
CASSQYRATQETQYF	TRBV04-3_01	TPGPGVRYPL:HLA-B_42:01
CASSPSRNTEAFF	TRBV04-3_01	TPRVTGGGAM:HLA-B_07:02
CASSYSGHVNTEAFF	TRBV06-5_01	GILGFVFTL:HLA-A_02:01
CASSARSGELFF	TRBV09_01	HPVGEADYFEY:HLA-B_35:08:01
CASTSGQTFPGELFF	TRBV02_01	GLCTLVAML:HLA-A_02
CASSVWGTDTQYF	TRBV09_01	RPRGEVRFL:HLA-B_07:02
CASSDTPQPFSSGYTF	TRBV06-4_01	EPLPQGQLTAY:HLA-B_35:01
CASSTHDRDGGGSAQHF	TRBV07-9_01	TPRVTGGGAM:HLA-B_07:02
CASSPGQVTPLHF	TRBV04-2_01	RAKFKQLL:HLA-B_08:01
CSGGQGEGEQFF	TRBV29-1_01	RAKFKQLL:HLA-B_08:01
CASSFQGFTEAFF	TRBV28_01	NLVPMVATV:HLA-A_02
CASRSGTYDNSPLHF	TRBV05-1_01	NLVPMVATV:HLA-A_02:01
CASSHTGAEAFF	TRBV06-2_01	IPSINVHHY:HLA-B_35:01
CASSSRSRQYRGSSYEQYF	TRBV05-6_01	GILGFVFTL:HLA-A_02:01
CASSSSGQLDEQFF	TRBV11-2_01	ATDALMTGY:HLA-A_01:01
CASSFQGYTEAFF	TRBV28_01	NLVPMVATV:HLA-A_02:01
CASRTGAANIYEQYF	TRBV27_01	TPRVTGGGAM:HLA-B_07:02
CALAVPYEQYF	TRBV30_01	GPGHKARVL:HLA-B_07:02
CASSLASSGYTGELFF	TRBV11-2_01	YPLHEQHGM:HLA-B_35:01
CASSLTGGYNEQFF	TRBV05-1_01	HPVGEADYFEY:HLA-B_35:01
CASGVLREAFF	TRBV25-1_01	FLKEKGGL:HLA-B_08
CSARDRVGNGYTF	TRBV20-1_01	GLCTLVAML:HLA-A_02:01
CASSTRQNTEAFF	TRBV28_01	KRWIILGLNK:HLA-B_27:05
CASSLEGYTEAFF	TRBV11-2_01	NLVPMVATV:HLA-A_02:01
CASSLAPGTSGSPYNEQFF	TRBV07-9_01	FLKEKGGL:HLA-B_08
CAISEEGIGNQPQHF	TRBV10-3_01	ATDALMTGY:HLA-A_01:01
CASSLALRGGDQETQYF	TRBV07-2_01	IIKDYGKQM:HLA-B_42:01
CASSIRSSYEQYF	TRBV19_02	GILGFVFTL:HLA-A_02:01
CSVVDAAPGANVLTF	TRBV29-1_01	LLWNGPMAV:HLA-A_02
CASPGLAGEYEQYF	TRBV06-1_01	LPEPLPQGQGTAY:HLA-B_35:08
CSVGQGEDGPQHF	TRBV29-1_01	RAKFKQLL:HLA-B_08:01
CASSFGTFETQYF	TRBV27_01	GLCTLVAML:HLA-A_02:01
CASSNRDRGDYEQYF	TRBV07-9_01	TPRVTGGGAM:HLA-B_07
CASSPLTGTGHYGYTF	TRBV06-1_01	NLVPMVATV:HLA-A_02:01
CASTVARDGGELFF	TRBV28_01	FLKEKGGL:HLA-B_08
CASSLAQGQPQHF	TRBV27_01	KLVALGINAV:HLA-A_02
CASSARSGELFF	TRBV09_01	HPVGEADYFEY:HLA-B_35:42:01
CASNPSWAYSNQPQHF	TRBV12-3_01	TPQDLNTML:HLA-B_81:01
CASSPRRYNLQFF	TRBV09_01	HPVGEADYFEY:HLA-B_35:08
CASSITSSYNEQFF	TRBV19_01	GILGFVFTL:HLA-A_02:01
CSTQEGGYGYTF	TRBV29-1_01	GLCTLVAML:HLA-A_02:01
CSAPEVRGVWGYTF	TRBV20-1_01	YPLHEQHGM:HLA-B_35:01
CANSQPGGIEQFF	TRBV28_01	EPLPQGQLTAY:HLA-B_35:01
CASSQAGQGNSPLHF	TRBV03-1_01	RAKFKQLL:HLA-B_08:01
CASSEGNVAPGELFF	TRBV02_01	GLCTLVAML:HLA-A_02
CASSMLLGGGQPQHF	TRBV19_01	YVLDHLIVV:HLA-A_02:01
CASSTPTSGVNTGELFF	TRBV07-2_01	RAKFKQLL:HLA-B_08:01
CASSGVGGTDTQYF	TRBV09_01	NLVPMVATV:HLA-A_02:01
CASKWTSGGPNTGELFF	TRBV10-1_01	QIKVRVKMV:HLA-B_08:01
CASSTQDLQGARSPLHF	TRBV07-9_01	TPRVTGGGAM:HLA-B_07:02
CASSVATLNTGELFF	TRBV09_01	ATDALMTGY:HLA-A_01:01
CASSPISDRSGNTIYF	TRBV07-9_01	FPRPWLHGL:HLA-B_42:01
CASSIFGELFF	TRBV19_01	NEGVKAAW:HLA-B_44:03:08
CASSEYPGPGANVLTF	TRBV02_01	ATDALMTGY:HLA-A_01:01
CASSLSGGINEQFF	TRBV19_02	GLCTLVAML:HLA-A_02:01
CASSKQSGTGYYGYTF	TRBV06-5_01	NLVPMVATV:HLA-A_02:01
CASSLHTQGARFF	TRBV07-9_01	TPRVTGGGAM:HLA-B_07:02
CASSPSWLSGVTQYF	TRBV07-2_02	VAANIVLTV:HLA-A_02
CASSFTGTSGPQETQYF	TRBV05-5_01	TPQDLNTML:HLA-B_42:01
CASSLVFGTAGGQQFF	TRBV05-5_01	TPQDLNTML:HLA-B_42:01
CASSIRAAETQYF	TRBV19_01	GILGFVFTL:HLA-A_02
CASSLIGVSSYNEQFF	TRBV07-9_01	TPRVTGGGAM:HLA-B_07:02
CASSPRGDWEEKAGELFF	TRBV04-3_01	KINAWIKVV:HLA-A_02:01
CASSQSPGGTQYF	TRBV14_01	GLCTLVAML:HLA-A_02:01
CASSVFGELFF	TRBV19_01	NEGVKAAW:HLA-B_44:03:08
CAISESATGYQPQHF	TRBV10-3_01	ATDALMTGY:HLA-A_01:01
CSARTGVGNTIYF	TRBV20-1_01	GLCTLVAML:HLA-A_02:01
CASSQGPPGTTRETQYF	TRBV04-1_01	HSKKKCDEL:HLA-B_08:01
CASSLEGGGYEQYF	TRBV05-1_01	NEGVKAAW:HLA-B_44:03:08
CASSRTGSTYEQYF	TRBV05-6_01	LPEPLPQGQLTAY:HLA-B_35:08:01
CASSFSGQGAATNEKLFF	TRBV12-3_01	RAKFKQLL:HLA-B_08:01
CASSFAGTDTQYF	TRBV27_01	ELAGIGILTV:HLA-A_02
CASSPGLGAEAFF	TRBV07-8_01	YSEHPTFTSQY:HLA-A_01:01
CSVGSGEDNEQFF	TRBV29-1_01	RAKFKQLL:HLA-B_08:01
CASSLDSTGGDGELFF	TRBV07-2_01	NLVPMVATV:HLA-A_02:01
CASSLLVSGNEQFF	TRBV27_01	KRWIILGLNK:HLA-B_27
CASSIRSSYEQYF	TRBV19_01	GILGFVFTL:HLA-A_02:01
CASSLEPGRNEKLFF	TRBV07-6_01	IVTDFSVIK:HLA-A_11
CASSPDRELTQYF	TRBV07-9_01	SFHSLHLLF:HLA-A_24:02
CASSYWTGSSAETQYF	TRBV14_01	CVNGSCFTV:HLA-A_02:01
CSARDAPSRETQYF	TRBV20-1_01	LLWNGPMAV:HLA-A_02
CASSSREVTGELFF	TRBV05-1_01	QIKVRVKMV:HLA-B_08:01
CASSLWEKLAKNIQYF	TRBV12-4_01	ALWGPDPAAA:HLA-A_02:01:48
CASSTLGDSREKLFF	TRBV09_01	EIYKRWII:HLA-B_08
CASTSGTGPNEKLFF	TRBV28_01	IPSINVHHY:HLA-B_35:01
CASSMGANEQFF	TRBV19_01	KLVALGINAV:HLA-A_02
CASSLSYSTLSYEQYF	TRBV27_01	TPRVTGGGAM:HLA-B_07:02
CASRTLAGPNTGELFF	TRBV07-2_01	RPPIFIRRL:HLA-B_07:02
CASSTGGSGNFSYEQYF	TRBV02_01	ATDALMTGY:HLA-A_01:01
CASSLPGGAQGYTF	TRBV28_01	EPLPQGQLTAY:HLA-B_35:01
CASSLLDRVREDTQYF	TRBV28_01	FLKEKGGL:HLA-B_08
CASTPDLSSYNEQFF	TRBV19_01	ATDALMTGY:HLA-A_01:01
CSAFSSGTGGVTGELFF	TRBV20-1_01	KINAWIKVV:HLA-A_02:01
CSTGQGPYEQYF	TRBV29-1_01	RAKFKQLL:HLA-B_08:01
CASSTGQAYEQYF	TRBV07-8_01	FLRGRAYGL:HLA-B_08:01
CSVGFGEGYEQYF	TRBV29-1_01	RAKFKQLL:HLA-B_08:01
CSARSEVGNTIYF	TRBV20-1_01	GLCTLVAML:HLA-A_02:01
CASSLQGRGNQPQHF	TRBV06-5_01	MLNIPSINV:HLA-A_02
CASSLLQGARTEAFF	TRBV07-9_01	TPRVTGGGAM:HLA-B_07:02
CASSLFGSPEQPQHF	TRBV07-2_01	FPRPWLHGL:HLA-B_42:01
CASSSASYGYTF	TRBV19_01	NLVPMVATV:HLA-A_02:01
CASSESSREVSYNSPLHF	TRBV10-1_01	FLKEKGGL:HLA-B_08
CASSYAQGNEQFF	TRBV06-6_01	KLVALGINAV:HLA-A_02
CASSDRQNTEAFF	TRBV28_01	KRWIILGLNK:HLA-B_27:05
CSAPVLPQETQYF	TRBV20-1_01	SLYNTVATL:HLA-A_02:01
CASSIRSTGELFF	TRBV19_01	GILGFVFTL:HLA-A_02:01
CASSSIQGAAGELFF	TRBV07-2_01	QYDPVAALF:HLA-A_24:02
CASSSLNTEAFF	TRBV27_01	RAKFKQLL:HLA-B_08:01
CASSIRSSYEQYF	TRBV19_01	GILGFVFTL:HLA-A_02:01
CASSLDLNRERTGELFF	TRBV05-5_01	EIYKRWII:HLA-B_08
CASSFLAGFTDTQYF	TRBV27_01	ATDALMTGY:HLA-A_01:01
CAQPVVYSYEQYF	TRBV07-9_01	GPGHKARVL:HLA-B_07:02
CAISEVGVGQPQHF	TRBV10-3_01	AAGIGILTV:HLA-A_02:01:48
CASSPADPFSNTQYF	TRBV05-1_01	KLVALGINAV:HLA-A_02
CASSSPRTGYNYGYTF	TRBV28_01	CVNGSCFTV:HLA-A_02:01
CASRPGLAGGRPEQYF	TRBV06-5_01	LLFGYPVAV:HLA-A_02:256
CASSHSPGTSGSPGVTQYF	TRBV14_01	FLKEKGGL:HLA-B_08
CASRPDSDYGYTF	TRBV18_01	GLCTLVAML:HLA-A_02:01
CASSEWNTEAFF	TRBV10-2_01	RLRPGGKKR:HLA-A_03:01
CSVPEQFF	TRBV29-1_01	KRWIILGLNK:HLA-B_27:05
CASSDTLNTEAFF	TRBV10-1_01	RLRPGGKKK:HLA-A_03:01
CASSLLGHPSGELFF	TRBV07-2_01	RAKFKQLL:HLA-B_08:01
CASSSQRESSDTQYF	TRBV07-2_01	YSEHPTFTSQY:HLA-A_01:01
CASRQQGGSTEAFF	TRBV27_01	NEGVKAAW:HLA-B_44:03:08
CASSLVAGYGSYNEQFF	TRBV07-6_01	FPTKDVAL:HLA-B_35:08
CASSLGLSGRWAFF	TRBV12-3_01	TPQDLNTML:HLA-B_42:01
CASKMRGDVYEQYF	TRBV18_01	RAKFKQLL:HLA-B_08:01
CASSQETGDEQYF	TRBV14_01	GPGMKARVL:HLA-B_07:02
CASSSHDYRGRRSPLHF	TRBV07-9_01	TPRVTGGGAM:HLA-B_07
CASSIRSSYEQYF	TRBV19_01	GILGFVFTL:HLA-A_02:01
CATSRPLDSTDTQYF	TRBV15_01	YSEHPTFTSQY:HLA-A_01:01
CASTNRQEGQETQYF	TRBV13_01	KLVALGINAV:HLA-A_02
CSARDGTGNGYTF	TRBV20-1_01	GLCTLVAML:HLA-A_02:01
CASRPQGANEKLFF	TRBV27_01	RPRGEVRFL:HLA-B_07:02
CASSPGWGSYEQYF	TRBV05-6_01	RLRPGGKKK:HLA-A_03:01
CASSPGVFGVTQYF	TRBV04-3_01	KRWIILGLNK:HLA-B_27:05
CSAKDRGAENTGELFF	TRBV20-1_01	RAKFKQLL:HLA-B_08:01
CSVGQGATEQYF	TRBV29-1_01	VLEETSVML:HLA-A_02:01
CASSNWDSQETQYF	TRBV05-5_01	NEGVKAAW:HLA-B_44:03:08
CASSQTQLWETQYF	TRBV07-2_01	NLVPMVATV:HLA-A_02
CASSGRSQETQYF	TRBV19_01	GILGFVFTL:HLA-A_02:01
CASSFIGGVDGYTF	TRBV12-4_01	NLVPMVATV:HLA-A_02:01
CASSVTGTGKWEQYF	TRBV07-9_01	SFHSLHLLF:HLA-A_24:02
CASSPGQLGNTIYF	TRBV04-3_01	KRWIILGLNK:HLA-B_27:05
CASSLWSGVGDGYTF	TRBV07-2_01	FPRPWLHGL:HLA-B_42:01
CASSELGATIYEQYF	TRBV02_01	FLKEKGGL:HLA-B_08
CASSEGEGQGHYGYTF	TRBV25-1_01	VSFIEFVGW:HLA-B_57:01
CASSSFGPSNQPQHF	TRBV07-2_01	KRWIIMGLNK:HLA-B_27:05
CASSQDWGDGYTF	TRBV04-2_01	FPTKDVAL:HLA-B_35:08
CATTQYGTDTQYF	TRBV15_01	RAKFKQLL:HLA-B_08:01
CASSDSGAGTPNGYTF	TRBV06-4_01	FLKEKGGL:HLA-B_08
CASSPVGGSMAKNIQYF	TRBV03-1_01	VLEETSVML:HLA-A_02:01
CASSYSPLNTEAFF	TRBV06-2_01	TPRVTGGGAM:HLA-B_07:02
CASSSHDRDGGYSPLHF	TRBV07-9_01	TPRVTGGGAM:HLA-B_07:02
CASSSRSANEQFF	TRBV19_02	GILGFVFTL:HLA-A_02:01
CASSIRSTGELFF	TRBV19_02	GILGFVFTL:HLA-A_02:01
CASRMQGRDNEQFF	TRBV12-4_01	RPRGEVRFL:HLA-B_07:02
CASSVLGGRTGELFF	TRBV09_01	EIYKRWII:HLA-B_08
CASRALAGGQVEQFF	TRBV06-5_01	NLVPMVATV:HLA-A_02:01
CSARLRELSGNTIYF	TRBV20-1_01	GLCTLVAML:HLA-A_02:01
CASSPQSDQNQGTQYF	TRBV05-1_01	RPHERNGFTVL:HLA-B_07:02
CASRRLAGSTDTQYF	TRBV06-5_01	NLVPMVATV:HLA-A_02
CASSRRQGAMRETQYF	TRBV11-3_01	HSKKKCDEL:HLA-B_08:01
CSTGTGEGGTQYF	TRBV29-1_01	RAKFKQLL:HLA-B_08:01
CASSIRSVAEAFF	TRBV19_01	GILGFVFTL:HLA-A_02:01
CASRRGFHQPQHF	TRBV27_01	TPGPGVRYPL:HLA-B_42:01
CASSLAPGATNEKLFF	TRBV07-6_01	NLVPMVATV:HLA-A_02:01
CATIRTGFSSYEQYF	TRBV10-3_01	EIYKRWII:HLA-B_08
CASSPITGTGAYGYTF	TRBV06-5_01	NLVPMVATV:HLA-A_02:01
CASTREGLNTGELFF	TRBV07-7_01	GLCTLVAML:HLA-A_02:01
CAGPQGRETQYF	TRBV28_01	YVLDHLIVV:HLA-A_02:01
CASSYSGHVYEQYF	TRBV13_01	NLVPMVATV:HLA-A_02
CASSQDRATQETQYF	TRBV04-1_01	TPGPGVRYPL:HLA-B_42:01
CASSQGLAGREQYF	TRBV04-3_01	KRWIILGLNK:HLA-B_27:05
CSARGQAITEKLFF	TRBV20-1_01	GLCTLVAML:HLA-A_02:01
CASRIWGGADTQYF	TRBV05-1_01	RPRGEVRFL:HLA-B_07:02
CASSIFGEQFF	TRBV19_01	NEGVKAAW:HLA-B_44:03:08
CASSFGQAWYEQYF	TRBV07-9_01	NLVPMVATV:HLA-A_02:01
CASRSGTSNTGELFF	TRBV02_01	ATDALMTGY:HLA-A_01:01
CASSIRSSYEQYF	TRBV19_01	GILGFVFTL:HLA-A_02:01
CASSPDRGLEQYF	TRBV07-9_01	SFHSLHLLF:HLA-A_24:02
CASSQVRGRGEQYF	TRBV03-1_01	RAKFKQLL:HLA-B_08:01
CANSLGTSSYEQYF	TRBV04-3_01	KRWIILGLNK:HLA-B_27:05
CASSQGPFREEAFF	TRBV04-1_01	LLLGIGILV:HLA-A_02
CASSLEREGRGEQFF	TRBV13_01	KLVALGINAV:HLA-A_02
CASSVAGGDEQYF	TRBV09_01	GLCTLVAML:HLA-A_02:01
CASSLALGVAKNIQYF	TRBV07-9_01	TPRVTGGGAM:HLA-B_07:02
CSVGAGEGGPQHF	TRBV29-1_01	RAKFKQLL:HLA-B_08:01
CASSLMASGGYNEQFF	TRBV07-3_01	RAKFKQLL:HLA-B_08:01
CSVGRDRDHGYTF	TRBV29-1_01	QIKVRVKMV:HLA-B_08:01
CASSSETTSPLHF	TRBV07-3_01	NLVPMVATV:HLA-A_02:01
CASSLWGGSSNEQFF	TRBV07-2_01	FPRPWLHGL:HLA-B_42:01
CASSLAPGATNEKLFF	TRBV07-6_01	NLVPMVATV:HLA-A_02
CASPGETEAFF	TRBV06-1_01	LPEPLPQGQLTAY:HLA-B_35:08
CASRQPGGVNEQFF	TRBV28_01	EPLPQGQLTAY:HLA-B_35:01
CASSQGQFGNEQFF	TRBV04-3_01	KRWIILGLNK:HLA-B_27:05
CASSFSTGTAGGYTF	TRBV06-5_01	NLVPMVATV:HLA-A_02
CASSEVGATNYGYTF	TRBV06-1_01	NLVPMVATV:HLA-A_02:01
CASSIRSGYEQYF	TRBV19_01	GILGFVFTL:HLA-A_02:01
CSARSETGNTIYF	TRBV20-1_01	GLCTLVAML:HLA-A_02:01
CAWSQMGLGTEAFF	TRBV30_01	ELAGIGILTV:HLA-A_02
CASSGREHEQYF	TRBV09_01	HPVGEADYFEY:HLA-B_35:08
CSVGGTLDTQYF	TRBV29-1_01	NLVPMVATV:HLA-A_02:01
CSTGTGEGGTQYF	TRBV29-1_01	RAKFKQLL:HLA-B_08:01
CASSPRQGKEQFF	TRBV07-9_01	LPPIVAKEI:HLA-B_42:01
CASSQDRGVLVLIDQPQHF	TRBV14_01	CVNGSCFTV:HLA-A_02:01
CASSLTAGNNCGYTF	TRBV05-1_01	RAKFKQLL:HLA-B_08:01
CASSVSATGELFF	TRBV19_01	GILGFVFTL:HLA-A_02:01
CASSSRASYEQYF	TRBV19_01	GILGFVFTL:HLA-A_02:01:48
CASSLHDYTGFGTEAFF	TRBV07-9_01	TPRVTGGGAM:HLA-B_07:02
CASSLFSGPSQTQYF	TRBV07-2_01	FPRPWLHGL:HLA-B_42:01
CATSDPIRASSHEQFF	TRBV24-1_01	SLYNTVATL:HLA-A_02
CSVEGLAGTGELFF	TRBV29-1_01	YSEHPTFTSQY:HLA-A_01:01
CAINRDRESDQYF	TRBV07-9_01	SFHSLHLLF:HLA-A_24:02
CASSIRSAYEQYF	TRBV19_01	GILGFVFTL:HLA-A_02
CSVGTGGTNEKLFF	TRBV29-1_01	GLCTLVAML:HLA-A_02:01
CASSKRSTDTQYF	TRBV19_02	GILGFVFTL:HLA-A_02:01
CATGTGDSNQPQHF	TRBV10-3_01	EPLPQGQLTAY:HLA-B_35:01
CASSYVGGDGYTF	TRBV06-2_01	FLGKIWPSHK:HLA-A_02:01
CASSLRGPGLYNEQFF	TRBV05-1_01	MLNIPSINV:HLA-A_02
CASSIRSTGELFF	TRBV19_01	GILGFVFTL:HLA-A_02:01
CASNPSGGYTGELFF	TRBV27_01	NLVPMVATV:HLA-A_02:01
CASSVRSGELFF	TRBV09_01	HPVGEADYFEY:HLA-B_35:01
CASSLLEHNNGELFF	TRBV07-9_01	KRWIIMGLNK:HLA-B_27:05
CASSQDPFAVLNTEAFF	TRBV14_01	NLVPMVATV:HLA-A_02:01
CSVPFEGGTLETQYF	TRBV29-1_01	GLCTLVAML:HLA-A_02:01
CASSPGQLGNTIYF	TRBV04-3_01	KRWIILGLNK:HLA-B_27:05
CASSLTSEQFF	TRBV12-3_01	NLVPMVATV:HLA-A_02:01
CASSIRSTDTQYF	TRBV19_01	GILGFVFTL:HLA-A_02:01
CASSIRSSYEQYF	TRBV19_01	GILGFVFTL:HLA-A_02:01
CASSPLAGVGETQYF	TRBV12-3_01	RAKFKQLL:HLA-B_08:01
CASSSRDGQEQYF	TRBV07-9_01	LPPIVAKEI:HLA-B_42:01
CSARDSSGGAKNIQYF	TRBV20-1_01	RPHERNGFTVL:HLA-B_07:02
CASRALDITLGNVLTF	TRBV19_01	ATDALMTGY:HLA-A_01:01
CASRDYEQYF	TRBV06-2_01	GPGHKARVL:HLA-B_07:02
CSARDRSLGNTIYF	TRBV20-1_01	GLCTLVAML:HLA-A_02:01
CSVEGGSAYEQYF	TRBV29-1_01	FLKEKGGL:HLA-B_08
CASSTKQGWYEQYF	TRBV19_01	ARMILMTHF:HLA-B_27
CASSLPSGGTNNEQFF	TRBV09_01	RPPIFIRRL:HLA-B_07:02
CASGGRGGGETQYF	TRBV27_01	ATDALMTGY:HLA-A_01:01
CASTSGQLAPGELFF	TRBV02_01	GLCTLVAML:HLA-A_02
CASSYWDRITSGNTIYF	TRBV06-3_01	NLVPMVATV:HLA-A_02:01
CSGGTDGTNEKLFF	TRBV29-1_01	GLCTLVAML:HLA-A_02:01
CAISETTRGDSPLHF	TRBV10-3_01	IPSINVHHY:HLA-B_35
CASSSANYGYTF	TRBV11-1_01	NLVPMVATV:HLA-A_02:01
CAISEGDLNTEAFF	TRBV10-3_01	RPHERNGFTVL:HLA-B_07:02
CASSQIVTSAAQYF	TRBV07-2_01	RAKFKQLL:HLA-B_08:01
CASSQSPGGQQFF	TRBV14_01	GLCTLVAML:HLA-A_02:01
CASSSQRESSDTQYF	TRBV07-2_01	YSEHPTFTSQY:HLA-A_01:01
CASSSANYGYTF	TRBV19_01	NLVPMVATV:HLA-A_02:01
CASRPGQGSHEQYF	TRBV06-5_01	KRWIILGLNK:HLA-B_27:05
CASGLDIHAFF	TRBV12-5_01	NLSALGIFST:HLA-A_02
CASSEGSHSNQPQHF	TRBV02_01	ARMILMTHF:HLA-B_27
CASSVDKGGVDEQFF	TRBV09_01	IIKDYGKQM:HLA-B_42:01
CATSSSWDLNQPQHF	TRBV15_01	NLVPMVATV:HLA-A_02:01
CASSIVSNQPQHF	TRBV19_01	GILGFVFTL:HLA-A_02:01
CSVGTGGTNEKLFF	TRBV29-1_01	GLCTLVAML:HLA-A_02:01
CASSQWERDPQYF	TRBV04-3_01	YSEHPTFTSQY:HLA-A_01:01
CASSQVRGGYEQFF	TRBV03-1_01	RAKFKQLL:HLA-B_08:01
CSGGQGEGEQYF	TRBV29-1_01	RAKFKQLL:HLA-B_08:01
CASGLDIHAFF	TRBV12-5_01	NLSALGIFST:HLA-A_02
CASSLMESVWVEQFF	TRBV09_01	FLKEKGGL:HLA-B_08
CSASNQESYGYTF	TRBV20-1_01	YVLDHLIVV:HLA-A_02:01
CASSLTLLGNNEQYF	TRBV07-3_01	RAKFKQLL:HLA-B_08:01
CASSIGTGGSQPQHF	TRBV07-2_01	LPEPLPQGQLTAY:HLA-B_35:08
CASSSANYGYTF	TRBV12-3_01	NLVPMVATV:HLA-A_02:01
CASSIVNEQFF	TRBV19_01	NLVPMVATV:HLA-A_02:01
CASSPSRNTEAFF	TRBV04-3_01	RPHERNGFTVL:HLA-B_07:02
CASSVVTEAFF	TRBV12-3_01	NLVPMVATV:HLA-A_02:01
CASSSLNTEAFF	TRBV27_01	RAKFKQLL:HLA-B_08:01
CASSKEDREKETQYF	TRBV19_01	TPRVTGGGAM:HLA-B_07:02
CASSYGPVETEAFF	TRBV06-6_01	QIKVRVKMV:HLA-B_08:01
CASSWAGPVEQYF	TRBV12-4_01	ELAGIGILTV:HLA-A_02
CASSEGQVSPGELFF	TRBV02_01	GLCTLVAML:HLA-A_02:01
CAGGTGETSPGELFF	TRBV02_01	GLCTLVAML:HLA-A_02:01
CASSLPGELFF	TRBV12-3_01	TPQDLNTML:HLA-B_81:01
CSARDQVRANYGYTF	TRBV20-1_01	NLVPMVATV:HLA-A_02
CASRGLAGGDTQYF	TRBV11-2_01	EIYKRWII:HLA-B_08
CASSYEPGQVSHYSNQPQHF	TRBV13_01	FLKEMGGL:HLA-B_08
CASSLRGLAFTSSYNEQFF	TRBV05-1_01	KRWIILGLNK:HLA-B_27:05
CASSSANYGYTF	TRBV19_01	NLVPMVATV:HLA-A_02:01
CASSSRQNTEAFF	TRBV28_01	KRWIILGLNK:HLA-B_27:05
CSASNQESYGYTF	TRBV20-1_01	YVLDHLIVV:HLA-A_02:01
CASSQVGQNLYEQYF	TRBV14_01	KLVALGINAV:HLA-A_02
CASHYGGSSYEQYF	TRBV13_01	NLVPMVATV:HLA-A_02:01
CASSLVSGSPTGELFF	TRBV27_01	NLVPMVATV:HLA-A_02:01
CASSWGQGSNYGYTF	TRBV07-2_01	IVTDFSVIK:HLA-A_11:01
CASSVAETNTGELFF	TRBV09_01	ATDALMTGY:HLA-A_01:01
CASSLPSGGTNNEQFF	TRBV09_01	RPPIFIRRL:HLA-B_07:02
CAFKRDRENEQFF	TRBV07-9_01	SFHSLHLLF:HLA-A_24:02
CASTFKESIVNTEAFF	TRBV07-9_01	GLCTLVAML:HLA-A_02
CASSLGTSFRTDTQYF	TRBV12-3_01	YVLDHLIVV:HLA-A_02:01
CASSIRSAYEQYF	TRBV19_01	GILGFVFTL:HLA-A_02:01
CASSLVGVSKDNEQFF	TRBV07-9_01	TPRVTGGGAM:HLA-B_07:02
CASSPYGIDEQYF	TRBV12-3_01	RAKFKQLL:HLA-B_08:01
CASSPPANPNEKLFF	TRBV28_01	IPSINVHHY:HLA-B_35:01
CASSPLTGTGVYGYTF	TRBV06-6_01	NLVPMVATV:HLA-A_02:01
CASSFLAGGNEQFF	TRBV19_01	LLWNGPMAV:HLA-A_02
CASGQKGLDTEAFF	TRBV03-1_01	TPRVTGGGAM:HLA-B_07:02
CASSPLTSGGARDTQYF	TRBV05-1_01	EIYKRWII:HLA-B_08
CASSLTTGTGSYGYTF	TRBV06-5_01	NLVPMVATV:HLA-A_02:01
CASSSANYGYTF	TRBV12-4_01	NLVPMVATV:HLA-A_02:01
CASSDLNSPLHF	TRBV27_01	RAKFKQLL:HLA-B_08:01
CSAGTGEGGEQFF	TRBV29-1_01	RAKFKQLL:HLA-B_08:01
CASSLGQGLANYGYTF	TRBV27_01	FLKEKGGL:HLA-B_08
CSARDRVGNTIYF	TRBV20-1_01	GLCTLVAML:HLA-A_02:01
CASSFYDWNTEAFF	TRBV05-5_01	EPLPQGQLTAY:HLA-B_35:01
CASSGRSQETQYF	TRBV19_01	GILGFVFTL:HLA-A_02:01
CASSYQTGAAYGYTF	TRBV06-5_01	NLVPMVATV:HLA-A_02:01
CASSITLGTGGVEQYF	TRBV27_01	NLVPMVATV:HLA-A_02
CASKMRGDVYEQYF	TRBV18_01	RAKFKQLL:HLA-B_08:01
CASTLLGGAGYNEQFF	TRBV13_01	NLVPMVATV:HLA-A_02:01
CASSQAATGSYEQYF	TRBV04-1_01	GPGHKARVL:HLA-B_07:02
CATTVGVIGNQPQHF	TRBV19_01	ATDALMTGY:HLA-A_01:01
CASSLMTGELFF	TRBV07-7_01	HPVGEADYFEY:HLA-B_35:01
CSASSQRGGIYEQYF	TRBV20-1_01	FLKEKGGL:HLA-B_08
CASSLGTSAYEQYF	TRBV04-3_01	KRWIILGLNK:HLA-B_27:05
CASSSDRSWTDEAFF	TRBV11-2_01	NEGVKAAW:HLA-B_44:03:08
CSARGEGGSYNEQFF	TRBV20-1_01	VSFIEFVGW:HLA-B_57:01
CASSPQRNTEAFF	TRBV04-3_01	RPHERNGFTVL:HLA-B_07:02
CASSFEPGQGFYSNQPQHF	TRBV13_01	FLKETGGL:HLA-B_08
CSASITGTEQYF	TRBV20-1_01	ARMILMTHF:HLA-B_27
CASSIRSSYEQYF	TRBV19_01	GILGFVFTL:HLA-A_02:01
CSVGSGGTNEKLFF	TRBV29-1_01	GLCTLVAML:HLA-A_02:01
CSVGQGATEQYF	TRBV29-1_01	VLEETSVML:HLA-A_02:01
CASSKEDREKETQYF	TRBV19_01	TPRVTGGGAM:HLA-B_07:02
CASSVATEGYGYTF	TRBV09_01	LLWNGPMAV:HLA-A_02
CSASGYSNQPQHF	TRBV20-1_01	GLCTLVAML:HLA-A_02
CATRIGWGTDTQYF	TRBV05-1_01	RPRGEVRFL:HLA-B_07:02
CASSELAGLGTEAFF	TRBV02_01	FLKEKGGL:HLA-B_08
CASFRGHEQFF	TRBV05-1_01	NLVPMVATV:HLA-A_02:01
CAISEGTGGHQPQHF	TRBV10-3_01	ATDALMTGY:HLA-A_01:01
CAWSETGLGTGELFF	TRBV30_01	EAAGIGILTV:HLA-A_02:01:48
CASSLFTDNRDGYTF	TRBV27_01	IPSINVHHY:HLA-B_35:01
CASSWSGGGARDTQYF	TRBV07-9_01	VTEHDTLLY:HLA-A_01:01
CASSGSSGGYYNEQFF	TRBV02_01	IVTDFSVIK:HLA-A_11:01
CSVPGLAQNEQFF	TRBV20-1_01	KRWIILGLNK:HLA-B_27:05
CAWSVAAGILEQFF	TRBV30_01	FPTKDVAL:HLA-B_35:08
CASSTDSVDEQFF	TRBV05-1_01	RPRGEVRFL:HLA-B_07:02
CSVVETVGETQYF	TRBV29-1_01	GPGHKARVL:HLA-B_07:02
CASSFDGQGYEQYF	TRBV04-1_01	ARMILMTHF:HLA-B_27
CASSPPGPTGRGWYDTF	TRBV18_01	RAKFKQLL:HLA-B_08:01
CSARDQTGNGYTF	TRBV20-1_01	GLCTLVAML:HLA-A_02:01
CSVREDSTNEKLFF	TRBV29-1_01	GLCTLVAML:HLA-A_02
CASSLSFGTEAFF	TRBV06-4_01	AAGIGILTV:HLA-A_02:01:48
CATEQGMHEQYF	TRBV25-1_01	NLVPMVATV:HLA-A_02:01
CASSLYTGSDQPQHF	TRBV07-2_01	FPRPWLHGL:HLA-B_42:01
CSARQGLNNEQFF	TRBV20-1_01	KRWIILGLNK:HLA-B_27:05
CASSYVGLGSPLHF	TRBV06-3_01	ELAGIGILTV:HLA-A_02
CASSQAALAGFGYEQYF	TRBV07-2_01	RPHERNGFTV:HLA-B_07
CASSLEGYTEAFF	TRBV27_01	NLVPMVATV:HLA-A_02:01
CASSFVDSLSNQPQHF	TRBV05-1_01	KRWIILGLNK:HLA-B_27:05
CASSLIGVGLTDTQYF	TRBV07-9_01	TPRVTGGGAM:HLA-B_07:02
CASSLTSGGPDTQYF	TRBV14_01	NLVPMVATV:HLA-A_02
CASSPSGANVLTF	TRBV27_01	RAKFKQLL:HLA-B_08:01
CASSLTGPGDQPQHF	TRBV07-9_01	RAKFKQLL:HLA-B_08:01
CASSSLNTEAFF	TRBV27_01	RAKFKQLL:HLA-B_08:01
CASSANLAGDYNEQFF	TRBV19_01	NLVPMVATV:HLA-A_02:01
CASSWDSQSSGNSIYF	TRBV05-1_01	VLEETSVML:HLA-A_02
CASSEFGQGFYEQYF	TRBV06-1_01	FLKEKGGL:HLA-B_08
CASSPVTGTGHYGYTF	TRBV06-5_01	NLVPMVATV:HLA-A_02
CASSSRDLGEYEQYF	TRBV07-9_01	TPRVTGGGAM:HLA-B_07
CASSARTGELFF	TRBV09_01	HPVGEADYFEY:HLA-B_35:01
CSVGSTGGTNEKLFF	TRBV29-1_01	GLCTLVAML:HLA-A_02
CASRGLAGGLGELFF	TRBV06-5_01	NLVPMVATV:HLA-A_02:01
CASSWAGPVEQYF	TRBV12-4_01	ELAGIGILTV:HLA-A_02
CASRLAGGGGEQFF	TRBV07-9_01	VTEHDTLLY:HLA-A_01:01
CAWSVGGGGYTF	TRBV30_01	GILGFVFTL:HLA-A_02:01
CASSPGQVAYEQYF	TRBV04-3_01	KRWIILGLNK:HLA-B_27
CATSDSGLAGDYNEQFF	TRBV24-1_01	KLSALGINAV:HLA-A_02:01
CASSLMGPGQPQHF	TRBV05-1_01	NLVPMVATV:HLA-A_02:01
CASSESMIQHF	TRBV10-2_01	NLVPMVATV:HLA-A_02:01
CASSLETGDEQYF	TRBV07-6_01	GPGMKARVL:HLA-B_07:02
CSAREGQGSIEQYF	TRBV20-1_01	KRWIILGLNK:HLA-B_27
CASSLGSSPREQFF	TRBV27_01	TPRVTGGGAM:HLA-B_07:02
CASRDSSYEQYF	TRBV28_01	RLRPGGKKK:HLA-A_03:01
CASSSNPGTSGGYSYEQYF	TRBV28_01	FLKEKGGL:HLA-B_08
CSVGMDGVTNEKLFF	TRBV29-1_01	GLCTLVAML:HLA-A_02
CASRAGTSNTGELFF	TRBV02_01	ATDALMTGY:HLA-A_01:01
CASTPQTAPNEKLFF	TRBV28_01	IPSINVHHY:HLA-B_35:01
CSATDVTKGQLISGYTF	TRBV20-1_01	NLVPMVATV:HLA-A_02:01
CASSGRSTDTQYF	TRBV19_01	GILGFVFTL:HLA-A_02:01
CASGLTGFMDEQYF	TRBV12-5_01	NLVPMVATV:HLA-A_02
CASSLLIGANNEQFF	TRBV07-6_01	RAKFKQLL:HLA-B_08:01
CASSSPGGVTEAFF	TRBV06-6_01	GLNKIVRMY:HLA-B_15
CASSIAIADEKLFF	TRBV19_01	FLGKIWPSHK:HLA-A_02:01
CASSDPDRAVTEAFF	TRBV05-1_01	NLVPMVATV:HLA-A_02:01
CASSRRGATTSTDTQYF	TRBV11-2_01	HSKKKCDEL:HLA-B_08:01
CASSFVDSLSNQPQHF	TRBV05-1_01	KRWIILGLNK:HLA-B_27:05
CASTPAGGAPGELFF	TRBV27_01	NLVPMVATV:HLA-A_02:01
CASSLGIYGYTF	TRBV19_02	GILGFVFTL:HLA-A_02:01
CSGGQGEGEQYF	TRBV29-1_01	RAKFKQLL:HLA-B_08:01
CASRLLGGGQETQYF	TRBV07-6_01	KRWIILGLNK:HLA-B_27:05
CSVEEGVLYEQYF	TRBV29-1_01	IPSINVHHY:HLA-B_35:01
CASSGQDSTQYF	TRBV07-9_01	GPGHKARVL:HLA-B_07:02
CASSIPDTEAFF	TRBV19_01	NLVPMVATV:HLA-A_02:01
CASSPGQFSHEAFF	TRBV04-3_01	KRWIIMGLNK:HLA-B_27:05
CASSQSPGGIAFF	TRBV14_01	GLCTLVAML:HLA-A_02:01
CASSSGMRGTEAFF	TRBV07-2_01	KRWIILGLNK:HLA-B_27
CASSQETGSYEQFF	TRBV04-1_01	RPPIFIRRL:HLA-B_07:02
CASSRTDDTEAFF	TRBV07-9_01	RAKFKQLL:HLA-B_08:01
CSVPSLLNTEAFF	TRBV29-1_01	GLCTLVAML:HLA-A_02:01
CASSQDRYTGGYTF	TRBV04-1_01	RPPIFIRRL:HLA-B_07:02
CAISSGTKSTEAFF	TRBV10-3_01	HSKKKCDEL:HLA-B_08:01
CATRIGWGTDTQYF	TRBV05-1_01	RPRGEVRFL:HLA-B_07:02
CASSGITSGEYTIYF	TRBV09_01	HPVGEADYFEY:HLA-B_35:08
CASSQSPGGTQYF	TRBV14_01	GLCTLVAML:HLA-A_02:01
CASSASTSDYSYEQYF	TRBV09_01	KRWIIMGLNK:HLA-B_27:05
CASSSHVINQFF	TRBV04-2_01	RAKFKQLL:HLA-B_08:01
CSVAGTGDLNQPQHF	TRBV29-1_01	GLCTLVAML:HLA-A_02
CASSLLPYNALVSGTDTQYF	TRBV03-1_01	TPRVTGGGAM:HLA-B_07:02
CASSQRTGELFF	TRBV27_01	KRWIILGLNK:HLA-B_27:05
CSSQEGGYGYTF	TRBV29-1_01	GLCTLVAML:HLA-A_02:01
CSASHRAGNEQYF	TRBV20-1_01	LLWNGPMAV:HLA-A_02
CASSIFGEQFF	TRBV19_01	NEGVKAAW:HLA-B_44:03:08
CASSLLGEKAYEQYF	TRBV12-3_01	RAKFKQLL:HLA-B_08:01
CASTPQGAYEQYF	TRBV06-5_01	GILGFVFTL:HLA-A_02:01
CASRTGTINTGELFF	TRBV02_01	ATDALMTGY:HLA-A_01:01
CASSQGPTEAFF	TRBV12-3_01	TPQDLNTML:HLA-B_42:01
CASSLRGTGELFF	TRBV28_01	FLKEKGGL:HLA-B_08
CASSARTGELFF	TRBV09_01	HPVGEADYFEY:HLA-B_35:01
CASSRENSNQPQHF	TRBV18_01	IPSINVHHY:HLA-B_35:01
CASSLAGGSYNSPLHF	TRBV07-2_01	IVTDFSVIK:HLA-A_11:01
CASSLWGAKMNTEAFF	TRBV07-8_01	LPPIVAKEI:HLA-B_42:01
CASSPQAGGGETQYF	TRBV05-1_01	NLVPMVATV:HLA-A_02:01
CASSSGLVAPGELFF	TRBV02_01	GLCTLVAML:HLA-A_02
CASSLVTGTGWGYTF	TRBV06-5_01	NLVPMVATV:HLA-A_02
CSVGTGGTNEKLFF	TRBV29-1_01	GLCTLVAML:HLA-A_02
CASSPYSGSYEQYF	TRBV07-9_01	KRWIILGLNK:HLA-B_27:05
CASSFRSTDTQYF	TRBV19_02	GILGFVFTL:HLA-A_02:01
CASSPGRLSHEQFF	TRBV04-3_01	KRWIILGLNK:HLA-B_27
CASGLGSSPMFNEQFF	TRBV12-5_01	TPRVTGGGAM:HLA-B_07:02
CASSTRQNTEAFF	TRBV03-1_01	KRWIILGLNK:HLA-B_27
CASSAETQYF	TRBV25-1_01	KLVALGINAV:HLA-A_02
CASSPTSIANTGELFF	TRBV07-7_01	LLLGIGILV:HLA-A_02
CSVTGDRRSNQPQHF	TRBV29-1_01	GLCTLVAML:HLA-A_02:01
CASSTKQGWYEQYF	TRBV19_01	ARMILMTHF:HLA-B_27
CASSLKQSGHYQETQYF	TRBV12-4_01	GLCTLVAML:HLA-A_02
CASSSVNEQFF	TRBV12-3_01	NLVPMVATV:HLA-A_02:01
CASSDRTVRAYEQYF	TRBV06-4_01	KRWIILGLNK:HLA-B_27
CASSFGADTQYF	TRBV25-1_01	KLVALGINAV:HLA-A_02
CASSPEQGYQETQYF	TRBV07-9_01	GLCTLVAML:HLA-A_02:01
CASSQETDLRSQPQHF	TRBV04-1_01	VLEETSVML:HLA-A_02:01
CASSSVNEAFF	TRBV19_01	NLVPMVATV:HLA-A_02:01
CASSLLAGGWDEQFF	TRBV11-2_01	ATDALMTGY:HLA-A_01:01
CASSLSAGQETQYF	TRBV11-2_01	RAKFKQLL:HLA-B_08:01
CSARSGVGNTIYF	TRBV20-1_01	GLCTLVAML:HLA-A_02:01
CASSQGIFAYEQYF	TRBV04-3_01	KRWIILGLNK:HLA-B_27:05
CASSLGRGQFF	TRBV25-1_01	KLVALGINAV:HLA-A_02
CASSLESGSSYNEQFF	TRBV11-2_01	GPGHKARVL:HLA-B_07:02
CASSVLGGRTGELFF	TRBV09_01	EIYKRWII:HLA-B_08
CASSLSTGGALGTIYF	TRBV27_01	VLEETSVML:HLA-A_02
CASSIRSSYEQYF	TRBV19_01	GILGFVFTL:HLA-A_02
CASSYSTGTPGIYTF	TRBV06-5_01	NLVPMVATV:HLA-A_02:01
CASTLGSAGPQFNEQFF	TRBV27_01	TPRVTGGGAM:HLA-B_07:02
CASRTGQGAYEQYF	TRBV06-5_01	KRWIIMGLNK:HLA-B_27:05
CASSQDPGYEQYF	TRBV04-1_01	GILGFVFTL:HLA-A_02:01
CASGTGESGYTF	TRBV18_01	RAKFKQLL:HLA-B_08:01
CASRKTGYTGELFF	TRBV14_01	LLWNGPMAV:HLA-A_02
CASSSRSSYEQYF	TRBV19_01	GILGFVFTL:HLA-A_02:01:48
CASPGLAGEYEQYF	TRBV06-1_01	LPEPLPQGQLTAY:HLA-B_35:08
CASSYSSSSYNEQFF	TRBV06-6_01	CTELKLSDY:HLA-A_01:01
CSARDRTGNGYTF	TRBV20-1_01	GLCTLVAML:HLA-A_02
CSVDLEANYGYTF	TRBV29-1_01	KLGGALQAK:HLA-A_03:01
CSAGVGGQETQYF	TRBV20-1_01	QPFPQPELPYP:HLA-DQA1_05:01:01:02
CSARGQDIYEQYF	TRBV20-1_01	NLVPMVATV:HLA-A_02
CASSLGRGSGANVLTF	TRBV06-1_01	SLYNTVATL:HLA-A_02:01
CASTPAGGAPGELFF	TRBV27_01	NLVPMVATV:HLA-A_02:01
CASSTSLLAGNNEQFF	TRBV05-1_01	NLVPMVATV:HLA-A_02:01
CASSRSLNVNSNQPQHF	TRBV19_01	KLVALGINAV:HLA-A_02
CAISEVQETQYF	TRBV10-3_01	HSKKKCDEL:HLA-B_08:01
CASSAGTPLYYGYTF	TRBV19_01	GLCTLVAML:HLA-A_02:01
CASSMGGNPEQYF	TRBV19_01	KLVALGINAV:HLA-A_02
CASSLQQTLGAFF	TRBV13_01	GLNKIVRMY:HLA-B_15
CASSFQGSNEKLFF	TRBV28_01	RAKFKQLL:HLA-B_08:01
CASSLAPGATNEKLFF	TRBV07-6_01	NLVPMVATV:HLA-A_02
CASSSTTGYTF	TRBV19_01	NLVPMVATV:HLA-A_02:01
CSARDLGLAGDTDTQYF	TRBV20-1_01	KRWIILGLNK:HLA-B_27:05
CSARDQRGLAGGIGDTQYF	TRBV20-1_01	NLVPMVATV:HLA-A_02:01
CASSPGTGEGYEQYF	TRBV04-1_01	RAKFKQLL:HLA-B_08:01
CSARASYEQYF	TRBV20-1_01	LLWNGPMAV:HLA-A_02
CASSSAHYGYTF	TRBV12-4_01	NLVPMVATV:HLA-A_02:01
CASSDGAILPGELFF	TRBV02_01	GLCTLVAML:HLA-A_02
CASSARSGELFF	TRBV09_01	HPVGEADYFEY:HLA-B_35:01
CASSLIDGARDEQFF	TRBV07-3_01	EIYKRWII:HLA-B_08
CSVGTGGTNEKLFF	TRBV29-1_01	GLCTLVAML:HLA-A_02:01
CASSDAGGGMAEAFF	TRBV25-1_01	GILGFVFTL:HLA-A_02:01
CASSPGTSGGGDEETQYF	TRBV12-3_01	RAKFKQLL:HLA-B_08:01
CSARAGVGNTIYF	TRBV20-1_01	GLCTLVAML:HLA-A_02
CATSEAASSWTGELFF	TRBV24-1_01	RPRGEVRFL:HLA-B_07:02
CASSGGQETQYF	TRBV14_01	LNKIVRMYSPTSILD:HLA-DRA_01:01
CASSEEPSGGAYEQYF	TRBV06-1_01	NLVPMVATV:HLA-A_02:01
CASSIYSNQPQHF	TRBV19_01	GILGFVFTL:HLA-A_02:01
CASSVVSDNEQFF	TRBV09_01	KRWIILGLNK:HLA-B_27
CASSPAGSYTEAFF	TRBV04-1_01	EIYKRWII:HLA-B_08
CASSQTTSVNTEAFF	TRBV03-1_01	RAKFKQLL:HLA-B_08:01
CASSLEGYTEAFF	TRBV11-2_01	NLVPMVATV:HLA-A_02:01
CASSLTDGDQPQHF	TRBV07-3_01	IPSINVHHY:HLA-B_35
CASSAGISAYEQYF	TRBV04-3_01	KRWIILGLNK:HLA-B_27
CAWSLTGMNQPQHF	TRBV30_01	KRWIIMGLNK:HLA-B_27:05
CASSASAGGYYNEQFF	TRBV02_01	IVTDFSVIK:HLA-A_11:01
CASSPRGREETQYF	TRBV18_01	FPQGEAREL:HLA-B_07:02
CASSARSGELFF	TRBV09_02	HPVGEADYFEY:HLA-B_35:42:01
CASSSASYGYTF	TRBV19_01	NLVPMVATV:HLA-A_02:01
CASNILGQAIDTQYF	TRBV07-9_01	RAKFKQLL:HLA-B_08:01
CATSWTGTYEQYF	TRBV15_01	YVLDHLIVV:HLA-A_02:01
CASSFPQNTEAFF	TRBV07-9_01	LPPIVAKEI:HLA-B_42:01
CSAREGVAGALYEQYF	TRBV20-1_01	KRWIILGLNK:HLA-B_27
CASSFGAINEAFF	TRBV12-3_01	TPQDLNTML:HLA-B_81:01
CASSLDLGSTEAFF	TRBV11-3_01	IPSINVHHY:HLA-B_35:01
CASSPGTLSAGELFF	TRBV09_01	GLCTLVAML:HLA-A_02:01
CASSSRDRGAYEQYF	TRBV07-9_01	TPRVTGGGAM:HLA-B_07:02
CASSPRDRANTEAFF	TRBV14_01	NLVPMVATV:HLA-A_02:01
CASSLWGGPTNEQYF	TRBV07-2_01	FPRPWLHGL:HLA-B_42:01
CASKWDPGQGSHYSNQPQHF	TRBV06-1_01	FLKEKGGL:HLA-B_08
CASSSVNEQYF	TRBV19_01	NLVPMVATV:HLA-A_02:01
CSARQGQGFLYEQYF	TRBV20-1_01	NLSALGIFST:HLA-A_02
CATSSPMGSTDTQYF	TRBV15_01	YSEHPTFTSQY:HLA-A_01:01
CASSQGPGQEHYGYTF	TRBV03-1_01	VSFIEFVGW:HLA-B_57:01
CASSLVTGTGKYGYTF	TRBV06-5_01	NLVPMVATV:HLA-A_02:01
CSARVEPGNGYTF	TRBV20-1_01	GLCTLVAML:HLA-A_02:01
CASSPSRNTEAFF	TRBV04-3_01	RPHERNGFTVL:HLA-B_07:02
CASSVWGTDTQYF	TRBV09_01	RPRGEVRFL:HLA-B_07:02
CASSDLNSPLHF	TRBV27_01	RAKFKQLL:HLA-B_08:01
CATSREGPNQPQHF	TRBV15_01	NLVPMVATV:HLA-A_02:01
CASSQSPGGYQFF	TRBV14_01	GLCTLVAML:HLA-A_02:01
CSVPFEGGTLETQYF	TRBV29-1_01	GLCTLVAML:HLA-A_02:01
CSARDPQGVTEAFF	TRBV20-1_01	RPHERNGFTVL:HLA-B_07:02
CASSFRLGQGHYGYTF	TRBV05-6_01	YVLDHLIVV:HLA-A_02:01
CASSYSGNTEAFF	TRBV06-2_01	TPRVTGGGAM:HLA-B_07:02
CASSLEPGTSSYNEQFF	TRBV07-8_01	KRWIILGLNK:HLA-B_27:05
CASSLLAGQETQYF	TRBV11-2_01	RAKFKQLL:HLA-B_08:01
CASSIHSTDTQYF	TRBV19_01	GILGFVFTL:HLA-A_02:01
CASSLLGGGGEAFF	TRBV07-2_01	KRWIIMGLNK:HLA-B_27:05
CASSIETSPGDTQYF	TRBV19_01	GPGHKARVL:HLA-B_07:02
CASGSGLANNEQFF	TRBV04-3_01	KRWIILGLNK:HLA-B_27:05
CASSIRSSYEQYF	TRBV19_01	GILGFVFTL:HLA-A_02:01
CAWSGDRAMVSGELFF	TRBV30_01	LLWNGPMAV:HLA-A_02
CASSTPGRRTSNQPQHF	TRBV09_01	EIYKRWII:HLA-B_08
CSARDRTGNGYTF	TRBV20-1_01	GLCTLVAML:HLA-A_02:01
CSARSRVGNTIYF	TRBV20-1_01	GLCTLVAML:HLA-A_02:01
CATSDVNGAYEQYF	TRBV24-1_01	KRWIILGLNK:HLA-B_27:05
CSANDRSYNEQFF	TRBV20-1_01	YVLDHLIVV:HLA-A_02:01
CASSTGRVAPGELFF	TRBV02_01	GLCTLVAML:HLA-A_02:01
CASSRLDRDSYEQYF	TRBV07-9_01	RAKFKQLL:HLA-B_08:01
CAVNGGSNYGYTF	TRBV28_01	NLVPMVATV:HLA-A_02:01
CASSSRSGIEQYF	TRBV19_01	GILGFVFTL:HLA-A_02:01
CSGGQGDGYTF	TRBV29-1_01	LLLGIGILV:HLA-A_02
CASYRSDRPTEAFF	TRBV14_01	TPGPGVRYPL:HLA-B_42:01
CASASANYGYTF	TRBV12-4_01	NLVPMVATV:HLA-A_02:01
CASSQVLRVLSYNEQFF	TRBV04-3_01	YSEHPTFTSQY:HLA-A_01:01
CASQSYRVGSEQYF	TRBV06-5_01	VAANIVLTV:HLA-A_02
CASSPGTAPNEKLFF	TRBV28_01	IPSINVHHY:HLA-B_35:01
CATSTGDSNQPQHF	TRBV15_01	EPLPQGQLTAY:HLA-B_35:01
CSAHLYRAYGYTF	TRBV20-1_01	FLKEKGGL:HLA-B_08
CATRIGWGTDTQYF	TRBV05-1_01	RPRGEVRFL:HLA-B_07:02
CSARDRTGNGYTF	TRBV20-1_01	GLCTLVAML:HLA-A_02:01
CASSSSTGTGRCLLPNNTEAFF	TRBV11-3_01	NLVPMVATV:HLA-A_02:01
CASSPLGDRETQYF	TRBV13_01	KRWIILGLNK:HLA-B_27:05
CAQPVVYSYEQYF	TRBV07-9_01	GPGHKARVL:HLA-B_07:02
CASSFEGNTGELFF	TRBV27_01	NLSALGIFST:HLA-A_02
CASSLIGGRNGYTF	TRBV07-9_01	NLVPMVATV:HLA-A_02:01
CASSFQGYTEAFF	TRBV03-1_01	NLVPMVATV:HLA-A_02
CASSIAIADEKLFF	TRBV19_01	FLGKIWPSHK:HLA-A_02:01
CASRPPGANVLTF	TRBV28_01	EPLPQGQLTAY:HLA-B_35:01
CASIPDRVTEAFF	TRBV07-9_01	SFHSLHLLF:HLA-A_24:02
CASSLPGQGRTPLHF	TRBV07-2_01	EIYKRWII:HLA-B_08
CASSPYQTGLDGYTF	TRBV16_01	RPRGEVRFL:HLA-B_07:02
CSARDRGAANTGELFF	TRBV20-1_01	RAKFKQLL:HLA-B_08:01
CAISESTAGSQPQHF	TRBV10-3_01	ATDALMTGY:HLA-A_01
CASSELTGGPYEQYF	TRBV28_01	YPLHEQHGM:HLA-B_35:01
CASSPYSGSYEQYF	TRBV07-9_01	KRWIILGLNK:HLA-B_27:05
CASSPQTGTIYGYTF	TRBV06-5_01	NLVPMVATV:HLA-A_02:01
CASSIISVDGYTF	TRBV19_01	GILGFVFTL:HLA-A_02:01
CASSEGIGYNSPLHF	TRBV27_01	RPHERNGFTVL:HLA-B_07:02
CASSLSSPGNQPQHF	TRBV07-9_01	RAKFKQLL:HLA-B_08:01
CASSIIKGNQPQHF	TRBV19_01	EIYKRWII:HLA-B_08
CASSLGLAATYNEQFF	TRBV05-1_01	NLVPMVATV:HLA-A_02:01
CSARDQTGNGYTF	TRBV20-1_01	GLCTLVAML:HLA-A_02:01
CASSEDRNEQFF	TRBV07-9_01	KRWIILGLNK:HLA-B_27:05
CASSWAGGPRDEQYF	TRBV05-1_01	NLVPMVATV:HLA-A_02:01
CATSSPMGSTDTQYF	TRBV15_01	YSEHPTFTSQY:HLA-A_01:01
CASSLTSGSPYNEQFF	TRBV27_01	NLVPMVATV:HLA-A_02:01
CASSLYGGSNTGELFF	TRBV27_01	ARMILMTHF:HLA-B_27
CASSLDSQSSGNTIYF	TRBV05-1_01	RAKFKQLL:HLA-B_08:01
CASSQGPNLQETQYF	TRBV04-2_01	RAKFKQLL:HLA-B_08:01
CAISESSSGNQPQHF	TRBV10-3_01	ATDALMTGY:HLA-A_01:01
CASSIFGEQFF	TRBV19_01	NEGVKAAW:HLA-B_44:03:08
CASSDGTANNQPQHF	TRBV02_01	ATDALMTGY:HLA-A_01:01
CASSFVGEGYEQYF	TRBV07-6_01	RAKFKQLL:HLA-B_08:01
CASSPRTGELFF	TRBV27_01	KRWIILGLNK:HLA-B_27
CASSLIGVSSYNEQFF	TRBV07-9_01	TPRVTGGGAM:HLA-B_07:02
CASSWTGPSYEQYF	TRBV05-1_01	VTEHDTLLY:HLA-A_01:01
CSARDLKAGSWVEQYF	TRBV20-1_01	RPHERNGFTVL:HLA-B_07:02
CATSDLKVHSGNYGYTF	TRBV24-1_01	NLVPMVATV:HLA-A_02:01
CASTIPPGTSVSGELFF	TRBV11-2_01	KRWIILGLNK:HLA-B_27:05
CASSPRGGGETQYF	TRBV05-4_01	TPGPGVRYPL:HLA-B_42:01
CASSLAGEGGNTIYF	TRBV07-9_01	NLSALGIFST:HLA-A_02
CASSRLAASTDTQYF	TRBV07-3_01	QIKVRVDMV:HLA-B_08
CAVRLMENYGYTF	TRBV10-3_01	HSKKKCDEL:HLA-B_08:01
CASSQAERKETQYF	TRBV04-1_01	GPGHKARVL:HLA-B_07:02
CASSPLDNWEQFF	TRBV18_01	NLSALGIFST:HLA-A_02
CASSSANYGYTF	TRBV11-1_01	NLVPMVATV:HLA-A_02:01
CASKGQGARDGYTF	TRBV06-6_01	IPSINVHHY:HLA-B_35:01
CASRGGQGSTEAFF	TRBV06-5_01	KRWIIMGLNK:HLA-B_27:05
CASSGLSNQPQHF	TRBV19_01	GILGFVFTL:HLA-A_02:01
CASSIFGEQFF	TRBV19_01	NEGVKAAW:HLA-B_44:03:08
CSVKGGFPYNEQFF	TRBV29-1_01	RAKFKQLL:HLA-B_08:01
CASSSLRGSNQPQHF	TRBV28_01	YVLDHLIVV:HLA-A_02:01
CSGTGGTNEKLFF	TRBV29-1_01	GLCTLVAML:HLA-A_02:01
CASSYVGGDGYTF	TRBV06-2_01	FLGKIWPSHK:HLA-A_02:01
CSATDSMNTEAFF	TRBV29-1_01	GLCTLVAML:HLA-A_02:01
CASSLVGVGLLLNEQYF	TRBV07-9_01	TPRVTGGGAM:HLA-B_07
CASSKQGRGTDTQYF	TRBV07-9_01	RAKFKQLL:HLA-B_08:01
CASSLRPQLGETQYF	TRBV27_01	ATDALMTGY:HLA-A_01:01
CASSLLGQLYEQYF	TRBV07-8_01	ATDALMTGY:HLA-A_01:01
CASSSLNTEAFF	TRBV27_01	RAKFKQLL:HLA-B_08:01
CASSSHDRAGINSPLHF	TRBV07-9_01	TPRVTGGGAM:HLA-B_07:02
CASSARTGELFF	TRBV09_01	HPVGEADYFEY:HLA-B_35:01
CASSAGQGVTYEQYF	TRBV02_01	SFHSLHLLF:HLA-A_24:02
CASKWTSGGPNTGELFF	TRBV10-1_01	QIKVRVKMV:HLA-B_08:01
CASSGRSSQPQHF	TRBV19_01	GILGFVFTL:HLA-A_02:01
CASGDRQNSPLHF	TRBV28_01	KRWIILGLNK:HLA-B_27:05
CASSLRGESLVNEQFF	TRBV07-9_01	TPRVTGGGAM:HLA-B_07:02
CASSFLAGGNEQFF	TRBV19_01	LLWNGPMAV:HLA-A_02
CASSSQRESSDTQYF	TRBV07-2_01	YSEHPTFTSQY:HLA-A_01:01
CASSYQTGTIYGYTF	TRBV06-5_01	NLVPMVATV:HLA-A_02:01
CASRPQGRDNEQFF	TRBV12-4_01	RPRGEVRFL:HLA-B_07:02
CSARDGTGNGYTF	TRBV20-1_01	GLCTLVAML:HLA-A_02
CASSLTGGTYEQYF	TRBV07-2_01	RPPIFIRRL:HLA-B_07:02
CASSFEAGQGFFSNQPQHF	TRBV13_01	FLKEMGGL:HLA-B_08
CAISEWDIHSSGNTIYF	TRBV10-3_01	NLVPMVATV:HLA-A_02:01
CASSWDRRAPSYNEQFF	TRBV05-6_01	MLNIPSINV:HLA-A_02
CASSIRSSYEQYF	TRBV19_01	GILGFVFTL:HLA-A_02:01
CSVGSGGTNEKLFF	TRBV29-1_01	GLCTLVAML:HLA-A_02
CSASLASTSNYGYTF	TRBV20-1_01	RPHERNGFTVL:HLA-B_07:02
CASSLRQGINTGELFF	TRBV07-9_01	TPRVTGGGAM:HLA-B_07:02
CASSTLASGRYEQYF	TRBV09_01	FLKEKGGL:HLA-B_08
CASSSPASSTDTQYF	TRBV09_01	ATDALMTGY:HLA-A_01:01
CASRPLMGGASEAFF	TRBV27_01	YVLDHLIVV:HLA-A_02:01
CASSLLQGARTEAFF	TRBV07-9_01	TPRVTGGGAM:HLA-B_07:02
CSARDRTGNGYTF	TRBV20-1_01	GLCTLVAML:HLA-A_02:01
CASSIRAAETQYF	TRBV19_01	GILGFVFTL:HLA-A_02
CASSLIGRDEQFF	TRBV28_01	EPLPQGQLTAY:HLA-B_35:01
CASTPVGHSNQPQHF	TRBV19_01	SLYNTVATL:HLA-A_02:01
CASSQGQLNTGELFF	TRBV27_01	LLLGIGILV:HLA-A_02
CASSVEGTILTDTQYF	TRBV09_01	GLNKIVRMY:HLA-B_15
CASSSTGGGGAEAFF	TRBV07-2_01	QYDPVAALF:HLA-A_24:02
CASGGGGFQETQYF	TRBV10-2_01	GLCTLVAML:HLA-A_02:01
CASSSRSSGEQYF	TRBV19_01	GILGFVFTL:HLA-A_02:01
CAWSDRGLVDTQYF	TRBV30_01	LPRRSGAAGA:HLA-B_07:02
CASSLGTSSYEQYF	TRBV04-3_01	KRWIIMGLNK:HLA-B_27:05
CSASITGTEQYF	TRBV20-1_01	ARMILMTHF:HLA-B_27
CASSSRDRGPHGQYF	TRBV07-9_01	TPRVTGGGAM:HLA-B_07
CASSLWSGASNEQFF	TRBV07-2_01	FPRPWLHGL:HLA-B_42:01
CASSHLLGVLAGGTDTQYF	TRBV11-2_01	ATDALMTGY:HLA-A_01:01
CASSASDSPNEKLFF	TRBV28_01	IPSINVHHY:HLA-B_35:01
CASSSRSSYEQYF	TRBV19_02	GILGFVFTL:HLA-A_02:01
CASSQDRGPDTQYF	TRBV04-1_01	FPRPWLHGL:HLA-B_42:01
CASMGGASYNEQFF	TRBV19_01	YVLDHLIVV:HLA-A_02:01
CSARAPAGMYPGNQPQHF	TRBV20-1_01	KRWIILGLNK:HLA-B_27
CASSFDVEQFF	TRBV05-1_01	SLYNTVATL:HLA-A_02:01
CASSQTLAGGGETQYF	TRBV03-1_01	YVLDHLIVV:HLA-A_02:01
CASSYGGTGPEGSSYEQYF	TRBV06-6_01	TPQDLNTML:HLA-B_42
CASSPLARVDEQFF	TRBV03-1_01	TPGPGVRYPL:HLA-B_07:02
CASSQTQLWETQYF	TRBV07-2_01	NLVPMVATV:HLA-A_02
CASSYLPGQGDHYSNQPQHF	TRBV13_01	FLKEKGGL:HLA-B_08
CSARDRSLGNTIYF	TRBV20-1_01	GLCTLVAML:HLA-A_02:01
CASSLAGEGGNTIYF	TRBV07-9_01	NLSALGIFST:HLA-A_02
CASSQWGLPTDTQYF	TRBV03-1_01	FLKEKGGL:HLA-B_08
CASGVLREAFF	TRBV25-1_01	FLKEKGGL:HLA-B_08
CASSAPSGEQFF	TRBV09_01	HPVGEADYFEY:HLA-B_35:08
CASRQGPYEQYF	TRBV12-3_01	TPQDLNTML:HLA-B_81:01
CASSLGTSSYEQYF	TRBV04-3_01	KRWIIMGLNK:HLA-B_27:05
CATSDPIRASSHEQFF	TRBV24-1_01	SLYNTVATL:HLA-A_02
CASSIRSAYEQYF	TRBV19_01	GILGFVFTL:HLA-A_02:01
CASSLDVDSYNEQFF	TRBV07-9_01	NLVPMVATV:HLA-A_02:01
CASSLPTENTDTQYF	TRBV05-5_01	SLYNTVATL:HLA-A_02
CASSLHFEVEKLFF	TRBV03-1_01	YVLDHLIVV:HLA-A_02:01
CASSYSTHYSLESDTQYF	TRBV06-1_01	SLYNTVATL:HLA-A_02:01
CASSLGVNAVEQYF	TRBV07-2_01	KRWIILGLNK:HLA-B_27
CASSQDRLTGGYTF	TRBV04-1_01	RPPIFIRRL:HLA-B_07:02
CASSIRSSYEQYF	TRBV19_01	GILGFVFTL:HLA-A_02:01
CASSPSRNTEAFF	TRBV07-2_01	RPHERNGFTV:HLA-B_07
CASSFTWTSGGATDTQYF	TRBV11-2_01	FLRGRAYGL:HLA-B_08:01:29
CASSFSKNTEAFF	TRBV12-3_01	TPQDLNTML:HLA-B_42:01
CASSLGLENEQFF	TRBV07-8_01	GLCTLVAML:HLA-A_02:01
CASSLPDINTGELFF	TRBV09_01	ATDALMTGY:HLA-A_01:01
CASSYSTVNEQFF	TRBV06-1_01	TPRVTGGGAM:HLA-B_07:02
CSVEPSGRARTYNEQFF	TRBV29-1_01	FLKEKGGL:HLA-B_08
CASSPGWGNTEAFF	TRBV05-6_01	RLRPGGKKK:HLA-A_03:01
CATSDWAGEMETQYF	TRBV24-1_01	YVLDHLIVV:HLA-A_02:01
CASSSRSSYEQYF	TRBV19_01	GILGFVFTL:HLA-A_02:01:48
CASSSRQNTEAFF	TRBV28_01	KRWIILGLNK:HLA-B_27:05
CASSASTKDTQYF	TRBV02_01	EIYKRWII:HLA-B_08
CATSDDGTPNNEQFF	TRBV24-1_01	RLRPGGKKK:HLA-A_03:01
CASSVVGDSRETQYF	TRBV09_01	EIYKRWII:HLA-B_08
CASSLMGVRDTEAFF	TRBV07-2_01	RAKFKQLL:HLA-B_08:01
CASSYQSGNTEAFF	TRBV13_01	KLVALGINAV:HLA-A_02
CSARLSYEQYF	TRBV20-1_01	EIYKRWII:HLA-B_08
CASSVEAEGFGAPISPPEAFF	TRBV09_01	IPSINVHHY:HLA-B_35:01
CASSSRQNTEAFF	TRBV28_01	KRWIILGLNK:HLA-B_27:05
CASSIRSSYEQYF	TRBV19_01	GILGFVFTL:HLA-A_02
CASSSTITGMGDSGNTIYF	TRBV07-9_01	TPQDLNTML:HLA-B_42:01
CSGGALGQDFGGYTF	TRBV29-1_01	TPRVTGGGAM:HLA-B_07:02
CASSPGKLDSEETQYF	TRBV18_01	TPRVTGGGAM:HLA-B_07:02
CASSLRTPGQALRNEKLFF	TRBV07-9_01	TPQDLNTML:HLA-B_81:01
CASSYLGNTGELFF	TRBV06-5_01	SLLMWITQC:HLA-A_02:01:48
CASSLSSLGEAFF	TRBV12-3_01	TPQDLNTML:HLA-B_81:01
CASSIGVYGYTF	TRBV19_01	GILGFVFTL:HLA-A_02:01
CASPGLAGEYEQYF	TRBV06-1_01	GPEPLPQGQLTAY:HLA-B_35:08
CASSSLGGGRGINSPLHF	TRBV07-2_01	FLKEKGGL:HLA-B_08
CASSYEPGQVSHYSNQPQHF	TRBV13_01	FLKEKGGL:HLA-B_08
CASSLLGQYNSPLHF	TRBV07-2_01	RAKFKQLL:HLA-B_08:01
CASSLELGDEQFF	TRBV07-6_01	GPGMKARVL:HLA-B_07:02
CSARQEGGSYNEQFF	TRBV20-1_01	VSFIEFVGW:HLA-B_57:01
CASSPRTEKYTQYF	TRBV05-1_01	SLYNTVATL:HLA-A_02:01
CASTSGNTGELFF	TRBV13_01	CVNGSCFTV:HLA-A_02:01
CASSQDSLTGQANSPLHF	TRBV04-3_01	TPRVTGGGAM:HLA-B_07:02
CASSAGNGSYEQYF	TRBV05-6_01	RLRPGGKKR:HLA-A_03:01
CASSEFPAGVYEQFF	TRBV06-1_01	FLKEKGGL:HLA-B_08
CASSSGTGPNEKLFF	TRBV28_01	IPSINVHHY:HLA-B_35:01
CASSIRSAYEQYF	TRBV19_01	GILGFVFTL:HLA-A_02:01
CASSQGRLSAEAFF	TRBV04-3_01	KRWIILGLNK:HLA-B_27:05
CSARDQTGNGYTF	TRBV20-1_01	GLCTLVAML:HLA-A_02:01
CASSFSKNTEAFF	TRBV12-3_01	TPQDLNTML:HLA-B_42:01
CASSLSTAEAFF	TRBV07-9_01	NLVPMVATV:HLA-A_02:01
CASLPDRSSHEQYF	TRBV07-9_01	SFHSLHLLF:HLA-A_24:02
CASRRLAGSTDTQYF	TRBV06-5_01	NLVPMVATV:HLA-A_02
CASSFRGDTEAFF	TRBV12-4_01	MLNIPSINV:HLA-A_02
CASNYPRGGEGSPLHF	TRBV06-1_01	RAKFKQLL:HLA-B_08:01
CASSARATDTQYF	TRBV19_01	GILGFVFTL:HLA-A_02:01
CSARDREGGNSPLHF	TRBV20-1_01	RAKFKQLL:HLA-B_08:01
CSARASYEQYF	TRBV20-1_01	LLWNGPMAV:HLA-A_02
CASGGSSYEQYF	TRBV19_01	VAANIVLTV:HLA-A_02
CASSLGLEPQHF	TRBV07-9_01	GPGHKARVL:HLA-B_07:02
CASSLGTSSSYEQYF	TRBV04-3_01	KRWIIMGLNK:HLA-B_27:05
CATLAGEGEQFF	TRBV10-3_01	RPPIFIRRL:HLA-B_07:02
CASSLIPGDYYGYTF	TRBV27_01	RAKFKQLL:HLA-B_08:01
CASSFDGQGYEQYF	TRBV04-1_01	ARMILMTHF:HLA-B_27
CASSKQSGTGYYGYTF	TRBV06-5_01	NLVPMVATV:HLA-A_02:01
CASSLWSGIADTQYF	TRBV07-2_01	FPRPWLHGL:HLA-B_42:01
CASSYPGGGFYEQYF	TRBV06-5_01	LLFGYPVYV:HLA-A_02:01:48
CASSFDREVTGELFF	TRBV07-3_01	FLKEKGGL:HLA-B_08
CASSPSRNTEAFF	TRBV04-3_01	RPHERNGFTVL:HLA-B_07:02
CASSLVTGTGWGYTF	TRBV06-5_01	NLVPMVATV:HLA-A_02:01
CAIRPFLGQDDNYGYTF	TRBV10-3_01	FLKEKGGL:HLA-B_08
CASSIRSSYEQYF	TRBV19_01	GILGFVFTL:HLA-A_02
CSARSRVGNTIYF	TRBV20-1_01	GLCTLVAML:HLA-A_02:01
CSVGAIMDEQFF	TRBV29-1_01	GLCTLVAML:HLA-A_02:01
CATSETGELFF	TRBV24-1_01	KRWIILGLNK:HLA-B_27:05
CASSSVNEQFF	TRBV12-3_01	NLVPMVATV:HLA-A_02
CASSGEGAKTTNTEAFF	TRBV02_01	QIKVRVDMV:HLA-B_08
CASTNSGNTIYF	TRBV25-1_01	KLVALGINAV:HLA-A_02
CAIGTGDSNQPQHF	TRBV10-3_01	EPLPQGQLTAY:HLA-B_35:01
CSAMAGGLRIYNEQFF	TRBV20-1_01	GLCTLVAML:HLA-A_02:01
CASSGVGYQPQHF	TRBV19_01	SLYNTVATL:HLA-A_02:01
CASNPLSAGNQPQHF	TRBV27_01	CVNGSCFTV:HLA-A_02:01
CASSVLRAAFF	TRBV25-1_01	FLKEKGGL:HLA-B_08:01
CSASPVGGAYEQYF	TRBV20-1_01	GLNKIVRMY:HLA-B_15
CSARDGTGNGYTF	TRBV20-1_01	GLCTLVAML:HLA-A_02
CASSLQTGAGGFGYTF	TRBV06-5_01	NLVPMVATV:HLA-A_02:01
CASSDTLNTEAFF	TRBV10-1_01	RLRPGGRKR:HLA-A_03:01
CSVGTGGTNEKLFF	TRBV29-1_01	GLCTLVAML:HLA-A_02:01
CASSQSPGGTQYF	TRBV14_01	GLCTLVAML:HLA-A_02:01
CASSAASGTDTQYF	TRBV09_01	FLRGRAYGL:HLA-B_08:01
CASSLRTLDGYTF	TRBV02_01	YPLHEQHGM:HLA-B_35:01
CASSLGPNNYYGYTF	TRBV27_01	TPRVTGGGAM:HLA-B_07:02
CATGTGDSNQPQHF	TRBV10-3_01	EPLPQGQLTAY:HLA-B_35:42:01
CASRGTGVHEQYF	TRBV06-2_01	IIKDYGKQM:HLA-B_42:01
CASSLIGQGLGDEQFF	TRBV07-9_01	TPRVTGGGAM:HLA-B_07:02
CSVGQGGNYGYTF	TRBV29-1_01	RAKFKQLL:HLA-B_08:01
CSARDEVGNTIYF	TRBV20-1_01	GLCTLVAML:HLA-A_02
CASSYSSGELFF	TRBV06-2_01	TPRVTGGGAM:HLA-B_07:02
CSVGSGGTNEKLFF	TRBV29-1_01	GLCTLVAML:HLA-A_02:01
CASSVLRAAFF	TRBV25-1_01	FLKEKGGL:HLA-B_08:01
CASSQSPGGTQYF	TRBV14_01	GLCTLVAML:HLA-A_02
CASSIVGHLNTEAFF	TRBV19_01	ARMILMTHF:HLA-B_27
CASRALAGGQVEQFF	TRBV06-5_01	NLVPMVATV:HLA-A_02:01
CASSVVGGVDEQFF	TRBV09_01	ATDALMTGY:HLA-A_01:01
CACLLPYEQYF	TRBV30_01	GPGHKARVL:HLA-B_07:02
CASSSSISGMRPRIYEQYF	TRBV27_01	ATDALMTGY:HLA-A_01:01
CSVGNSGYQETQYF	TRBV29-1_01	CLGGLLTMV:HLA-A_02
CASSQETGDTQYF	TRBV14_01	GPGMKARVL:HLA-B_07:02
CASSVVASSYNEQFF	TRBV09_01	GILGFVFTL:HLA-A_02:01
CSARDRVGNTIYF	TRBV20-1_01	GLCTLVAML:HLA-A_02:01
CASSLAPGATNEKLFF	TRBV07-6_01	NLVPMVATV:HLA-A_02:01
CASSQMTGLNTEAFF	TRBV28_01	GILGFVFTL:HLA-A_02:01
CASSIRSSYEQYF	TRBV19_02	GILGFVFTL:HLA-A_02:01
CASDRGGNTGELFF	TRBV06-1_01	QYDPVAALF:HLA-A_24:02
CASSTLRYEQYF	TRBV07-9_01	NLSALGIFST:HLA-A_02
CASSLEVTYEQYF	TRBV07-9_01	NLSALGIFST:HLA-A_02
CAITDGNGPRIGYTF	TRBV10-3_01	EIYKRWII:HLA-B_08
CSARDRGAENTGELFF	TRBV20-1_01	RAKFKQLL:HLA-B_08:01
CASSVRSSYEQYF	TRBV19_01	GILGFVFTL:HLA-A_02
CASSLVGQLDEQYF	TRBV07-2_01	ATDALMTGY:HLA-A_01:01
CSVGSGGTNEKLFF	TRBV29-1_01	GLCTLVAML:HLA-A_02:01
CASSPHRNTEAFF	TRBV04-3_01	RPHERNGFTVL:HLA-B_07:02
CASSQEGQLSYEQYF	TRBV04-1_01	RAKFKQLL:HLA-B_08:01
CSARDQRGLAGGIGDTQYF	TRBV20-1_01	NLVPMVATV:HLA-A_02:01
CASSYQTGASYGYTF	TRBV06-3_01	NLVPMVATV:HLA-A_02:01
CASYWGLAVNEQFF	TRBV28_01	RPPIFIRRL:HLA-B_07:02
CASSSRQGKEAFF	TRBV07-9_01	LPPIVAKEI:HLA-B_42:01
CASSPVAGAPHEQYF	TRBV27_01	NLVPMVATV:HLA-A_02:01
CASSGLNSPLHF	TRBV27_01	RAKFKQLL:HLA-B_08:01
CSARGGSVFYEQYF	TRBV20-1_01	KRWIIMGLNK:HLA-B_27:05
CASSPPRGRENEQFF	TRBV18_01	SFHSLHLLF:HLA-A_24:02
CASSSLTGTGYNEQFF	TRBV19_01	NLVPMVATV:HLA-A_02:01
CASSPRTGELFF	TRBV27_01	KRWIILGLNK:HLA-B_27
CASSLSPSTGNYGYTF	TRBV27_01	TPRVTGGGAM:HLA-B_07:02
CASSIRSSYEQYF	TRBV19_01	GILGFVFTL:HLA-A_02:01
CASTPGTGPNEKLFF	TRBV28_01	IPSINVHHY:HLA-B_35:01
CASSIVGAHTEAFF	TRBV19_01	IVTDFSVIK:HLA-A_11:01
CASSLGSSPREQFF	TRBV27_01	TPRVTGGGAM:HLA-B_07:02
CSARSGTGGDYTF	TRBV20-1_01	GLCTLVAML:HLA-A_02
CASSQDRLTGGYTF	TRBV04-1_01	RPPIFIRRL:HLA-B_07:02
CASSVLTGGRETQYF	TRBV09_01	EIYKRWII:HLA-B_08
CASSYQTGAAYGYTF	TRBV06-5_01	NLVPMVATV:HLA-A_02:01
CAWGTLATEQYF	TRBV28_01	RMFPNAPYL:HLA-A_02
CASSLSDVSWNTEAFF	TRBV05-1_01	TPQDLNTML:HLA-B_42:01
CASSVEDYGSVSYGYTF	TRBV09_01	GILGFVFTL:HLA-A_02:01
CASSPARNTEAFF	TRBV04-3_01	RPHERNGFTVL:HLA-B_07:02
CASTLGSAGPQFNEQFF	TRBV27_01	TPRVTGGGAM:HLA-B_07:02
CASSPSKPGDNEQFF	TRBV07-2_01	RAKFKQLL:HLA-B_08:01
