CDR1,TRBV07-2_04,TRBV29_OR9-2_02,TRBV20-1_06,TRBV07-9_02,TRBV24-1_01,TRBV12-4_02,TRBV07-6_02,TRBV20-1_03,TRBV29-1_01,TRBV04-1_02,TRBV19_01,TRBV10-3_01,TRBV06-6_04,TRBV06-8_01,TRBV07-3_02,TRBV12-3_01,TRBV07-9_01,TRBV17_01,TRBV14_01,TRBV20-1_01,TRBV04-3_02,TRBV05-4_01,TRBV05-1_01,TRBV30_05,TRBV25-1_01,TRBV11-2_01,TRBV05-4_03,TRBV05-1_02,TRBV05-5_02,TRBV06-7_01,TRBV07-7_01,TRBV04-3_01,TRBV05-3_02,TRBV20-1_05,TRBV13_01,TRBV02_01,TRBV21_OR9-2_01,TRBV02_02,TRBV30_04,TRBV30_02,TRBV07-3_05,TRBV20_OR9-2_02,TRBV06-2_01,TRBV07-2_03,TRBV06-6_01,TRBV11-3_04,TRBV06-4_02,TRBV10-2_02,TRBV19_02,TRBV07-9_04,TRBV29-1_02,TRBV11-2_02,TRBV18_01,TRBV20_OR9-2_01,TRBV15_01,TRBV11-3_02,TRBV07-9_07,TRBV05-5_03,TRBV10-2_01,TRBV03-1_02,TRBV11-2_03,TRBV09_01,TRBV07-7_02,TRBV12-4_01,TRBV06-1_01,TRBV06-3_01,TRBV04-1_01,TRBV06-5_01,TRBV10-1_01,TRBV06-4_01,TRBV09_03,TRBV07-8_01,TRBV28_01,TRBV07-3_04,TRBV07-9_03,TRBV07-3_03,TRBV24_OR9-2_01,TRBV16_01,TRBV10-1_02,TRBV07-3_01,TRBV07-2_01,TRBV02_03,TRBV17_02,TRBV07-9_06,TRBV15_02,TRBV19_03,TRBV05-3_01,TRBV20-1_02,TRBV05-5_01,TRBV11-1_01,TRBV27_01,TRBV14_02,TRBV20-1_04,TRBV30_01,TRBV06-6_02,TRBV06-6_03,TRBV05-7_01,TRBV07-6_01,TRBV05-6_01,TRBV12-5_01,TRBV13_02,TRBV04-3_03,TRBV07-2_02,TRBV23-1_01,TRBV20_OR9-2_03,TRBV04-2_02,TRBV07-4_01,TRBV06-9_01,TRBV29-1_03,TRBV05-4_02,TRBV05-8_02,TRBV07-9_05,TRBV20-1_07,TRBV06-6_05,TRBV11-3_01,TRBV24-1_02,TRBV29_OR9-2_01,TRBV05-8_01,TRBV04-2_01,TRBV04-3_04,TRBV10-3_02,TRBV11-3_03,TRBV07-8_02,TRBV15_03,TRBV09_02,TRBV03-1_01,TRBV05-4_04,TRBV07-1_01,TRBV07-8_03,TRBV16_03
TRBV07-2_04,0.00,0.00,2.27,0.56,2.03,0.21,0.00,2.27,0.00,1.53,1.68,2.03,1.57,1.53,0.36,0.21,0.56,0.00,0.52,2.27,1.53,0.45,0.39,2.20,1.61,0.40,0.45,0.39,0.45,1.53,0.00,1.53,0.50,2.27,0.25,0.36,0.56,0.36,2.20,2.20,0.36,2.28,1.60,0.00,1.57,0.40,1.57,2.03,1.68,0.56,0.00,0.40,0.00,2.27,0.00,0.40,0.56,0.45,2.03,0.67,0.40,0.47,0.00,0.21,1.55,1.60,1.53,1.53,2.03,1.57,0.47,0.37,1.53,0.36,0.56,0.36,2.03,0.56,2.03,0.36,0.00,0.36,0.00,0.56,0.00,1.68,0.50,2.27,0.45,0.40,1.56,0.52,2.27,2.20,1.57,1.57,0.45,0.00,0.34,0.21,0.25,1.53,0.00,0.56,2.28,1.53,0.00,1.53,0.38,0.45,0.38,0.56,2.27,1.57,0.40,2.03,0.00,0.38,1.53,1.53,2.03,0.40,0.37,0.00,0.46,0.67,0.45,0.00,2.92,2.92
TRBV29_OR9-2_02,0.00,0.00,2.28,0.56,2.03,0.21,0.00,2.28,0.00,1.53,1.68,2.03,1.57,1.53,0.36,0.21,0.56,0.00,0.52,2.28,1.53,0.45,0.39,2.20,1.61,0.40,0.45,0.39,0.45,1.53,0.00,1.53,0.50,2.28,0.26,0.36,0.56,0.36,2.20,2.20,0.36,2.28,1.60,0.00,1.57,0.40,1.57,2.03,1.68,0.56,0.00,0.40,0.00,2.28,0.00,0.40,0.56,0.45,2.03,0.67,0.40,0.47,0.00,0.21,1.55,1.60,1.53,1.53,2.03,1.57,0.47,0.37,1.53,0.36,0.56,0.36,2.03,0.56,2.03,0.36,0.00,0.36,0.00,0.56,0.00,1.68,0.50,2.28,0.45,0.40,1.56,0.52,2.28,2.20,1.57,1.57,0.45,0.00,0.34,0.21,0.26,1.53,0.00,0.56,2.28,1.53,0.00,1.53,0.38,0.45,0.38,0.56,2.28,1.57,0.40,2.03,0.00,0.38,1.53,1.53,2.03,0.40,0.37,0.00,0.46,0.67,0.45,0.00,2.92,2.92
TRBV20-1_06,2.27,2.28,0.00,2.42,1.86,2.31,2.27,0.00,2.28,2.01,1.98,1.86,1.98,1.99,2.34,2.31,2.42,2.27,2.54,0.00,2.01,2.08,2.09,1.76,1.94,2.45,2.08,2.09,2.08,2.06,2.27,2.01,2.20,0.00,2.14,2.30,2.12,2.30,1.76,1.76,2.34,0.00,2.12,2.27,1.98,2.45,2.02,1.86,1.98,2.42,2.28,2.45,2.27,0.00,2.27,2.45,2.42,2.08,1.86,2.24,2.45,2.23,2.27,2.31,2.11,2.12,2.01,2.06,1.86,2.02,2.23,2.37,2.01,2.34,2.42,2.34,1.86,2.12,1.86,2.34,2.27,2.30,2.27,2.42,2.28,1.98,2.20,0.00,2.08,2.45,2.11,2.54,0.00,1.76,1.98,1.98,2.08,2.27,2.07,2.31,2.14,2.01,2.27,2.12,0.00,2.01,2.27,2.06,2.22,2.08,2.22,2.42,0.00,1.98,2.45,1.86,2.28,2.22,2.01,2.01,1.86,2.45,2.37,2.28,2.20,2.24,2.08,2.27,2.92,2.92
TRBV07-9_02,0.56,0.56,2.42,0.00,1.94,0.50,0.56,2.42,0.56,1.58,1.73,1.94,1.59,1.53,0.22,0.50,0.00,0.56,0.45,2.42,1.58,0.88,0.67,2.35,1.68,0.25,0.88,0.67,0.88,1.53,0.56,1.58,0.63,2.42,0.65,0.55,0.99,0.55,2.35,2.35,0.22,2.43,1.58,0.56,1.59,0.25,1.60,1.94,1.73,0.00,0.56,0.25,0.56,2.42,0.56,0.25,0.00,0.88,1.94,0.73,0.25,0.76,0.56,0.50,1.52,1.58,1.58,1.53,1.94,1.60,0.76,0.29,1.58,0.22,0.00,0.22,1.94,0.99,1.94,0.22,0.56,0.55,0.56,0.00,0.56,1.73,0.63,2.42,0.88,0.25,1.56,0.45,2.42,2.35,1.59,1.59,0.88,0.56,0.74,0.50,0.65,1.58,0.56,0.99,2.43,1.58,0.56,1.53,0.79,0.88,0.79,0.00,2.42,1.59,0.25,1.94,0.56,0.79,1.58,1.58,1.94,0.25,0.29,0.56,0.78,0.73,0.88,0.56,2.92,2.92
TRBV24-1_01,2.03,2.03,1.86,1.94,0.00,1.98,2.03,1.86,2.03,1.50,1.52,0.00,1.52,1.49,1.91,1.98,1.94,2.03,2.04,1.86,1.50,2.07,1.89,2.10,1.52,2.01,2.07,1.89,2.07,1.49,2.03,1.50,1.98,1.86,1.95,2.02,2.06,2.02,2.10,2.10,1.91,1.86,1.51,2.03,1.52,2.01,1.53,0.00,1.52,1.94,2.03,2.01,2.03,1.86,2.03,2.01,1.94,2.07,0.00,2.01,2.01,2.03,2.03,1.98,1.49,1.51,1.50,1.49,0.00,1.53,2.03,1.94,1.49,1.91,1.94,1.91,0.00,2.06,0.00,1.91,2.03,2.02,2.03,1.94,2.03,1.52,1.98,1.86,2.07,2.01,1.52,2.04,1.86,2.10,1.52,1.52,2.07,2.03,1.96,1.98,1.95,1.50,2.03,2.06,1.86,1.50,2.03,1.49,2.08,2.07,2.08,1.94,1.86,1.52,2.01,0.00,2.03,2.08,1.50,1.50,0.00,2.01,1.94,2.03,2.05,2.01,2.07,2.03,2.92,2.92
TRBV12-4_02,0.21,0.21,2.31,0.50,1.98,0.00,0.21,2.31,0.21,1.54,1.69,1.98,1.59,1.53,0.32,0.00,0.50,0.21,0.44,2.31,1.54,0.46,0.43,2.25,1.64,0.31,0.46,0.43,0.46,1.53,0.21,1.54,0.39,2.31,0.27,0.29,0.60,0.29,2.25,2.25,0.32,2.31,1.61,0.21,1.59,0.31,1.58,1.98,1.69,0.50,0.21,0.31,0.21,2.31,0.21,0.31,0.50,0.46,1.98,0.65,0.31,0.35,0.21,0.00,1.55,1.61,1.54,1.53,1.98,1.58,0.35,0.27,1.54,0.32,0.50,0.32,1.98,0.60,1.98,0.32,0.21,0.29,0.21,0.50,0.21,1.69,0.39,2.31,0.46,0.31,1.58,0.44,2.31,2.25,1.59,1.59,0.46,0.21,0.36,0.00,0.27,1.54,0.21,0.60,2.31,1.54,0.21,1.53,0.35,0.46,0.35,0.50,2.31,1.59,0.31,1.98,0.21,0.35,1.54,1.54,1.98,0.31,0.27,0.21,0.37,0.65,0.46,0.21,2.92,2.92
TRBV07-6_02,0.00,0.00,2.27,0.56,2.03,0.21,0.00,2.27,0.00,1.53,1.68,2.03,1.57,1.53,0.36,0.21,0.56,0.00,0.52,2.27,1.53,0.45,0.39,2.19,1.61,0.40,0.45,0.39,0.45,1.53,0.00,1.53,0.50,2.27,0.25,0.36,0.56,0.36,2.19,2.19,0.36,2.27,1.60,0.00,1.57,0.40,1.57,2.03,1.68,0.56,0.00,0.40,0.00,2.27,0.00,0.40,0.56,0.45,2.03,0.67,0.40,0.47,0.00,0.21,1.55,1.60,1.53,1.53,2.03,1.57,0.47,0.37,1.53,0.36,0.56,0.36,2.03,0.56,2.03,0.36,0.00,0.36,0.00,0.56,0.00,1.68,0.50,2.27,0.45,0.40,1.56,0.52,2.27,2.19,1.57,1.57,0.45,0.00,0.34,0.21,0.25,1.53,0.00,0.56,2.27,1.53,0.00,1.53,0.38,0.45,0.38,0.56,2.27,1.57,0.40,2.03,0.00,0.38,1.53,1.53,2.03,0.40,0.37,0.00,0.46,0.67,0.45,0.00,2.92,2.92
TRBV20-1_03,2.27,2.28,0.00,2.42,1.86,2.31,2.27,0.00,2.28,2.01,1.98,1.86,1.98,1.99,2.34,2.31,2.42,2.27,2.54,0.00,2.01,2.08,2.09,1.76,1.94,2.45,2.08,2.09,2.08,2.06,2.27,2.01,2.20,0.00,2.14,2.30,2.12,2.30,1.76,1.76,2.34,0.00,2.12,2.27,1.98,2.45,2.02,1.86,1.98,2.42,2.28,2.45,2.27,0.00,2.27,2.45,2.42,2.08,1.86,2.24,2.45,2.23,2.27,2.31,2.11,2.12,2.01,2.06,1.86,2.02,2.23,2.37,2.01,2.34,2.42,2.34,1.86,2.12,1.86,2.34,2.27,2.30,2.27,2.42,2.28,1.98,2.20,0.00,2.08,2.45,2.11,2.54,0.00,1.76,1.98,1.98,2.08,2.27,2.07,2.31,2.14,2.01,2.27,2.12,0.00,2.01,2.27,2.06,2.22,2.08,2.22,2.42,0.00,1.98,2.45,1.86,2.28,2.22,2.01,2.01,1.86,2.45,2.37,2.28,2.20,2.24,2.08,2.27,2.92,2.92
TRBV29-1_01,0.00,0.00,2.28,0.56,2.03,0.21,0.00,2.28,0.00,1.53,1.68,2.03,1.57,1.53,0.36,0.21,0.56,0.00,0.52,2.28,1.53,0.45,0.39,2.20,1.61,0.40,0.45,0.39,0.45,1.53,0.00,1.53,0.50,2.28,0.26,0.36,0.56,0.36,2.20,2.20,0.36,2.28,1.60,0.00,1.57,0.40,1.57,2.03,1.68,0.56,0.00,0.40,0.00,2.28,0.00,0.40,0.56,0.45,2.03,0.67,0.40,0.47,0.00,0.21,1.55,1.60,1.53,1.53,2.03,1.57,0.47,0.37,1.53,0.36,0.56,0.36,2.03,0.56,2.03,0.36,0.00,0.36,0.00,0.56,0.00,1.68,0.50,2.28,0.45,0.40,1.56,0.52,2.28,2.20,1.57,1.57,0.45,0.00,0.34,0.21,0.26,1.53,0.00,0.56,2.28,1.53,0.00,1.53,0.38,0.45,0.38,0.56,2.28,1.57,0.40,2.03,0.00,0.38,1.53,1.53,2.03,0.40,0.37,0.00,0.46,0.67,0.45,0.00,2.92,2.92
TRBV04-1_02,1.53,1.53,2.01,1.58,1.50,1.54,1.53,2.01,1.53,0.00,0.25,1.50,0.26,0.23,1.51,1.54,1.58,1.53,1.68,2.01,0.00,1.58,1.40,1.57,0.22,1.62,1.58,1.40,1.58,0.23,1.53,0.00,1.63,2.01,1.54,1.66,1.59,1.66,1.57,1.57,1.51,2.01,0.30,1.53,0.26,1.62,0.14,1.50,0.25,1.58,1.53,1.62,1.53,2.01,1.53,1.62,1.58,1.58,1.50,1.73,1.62,1.65,1.53,1.54,0.25,0.30,0.00,0.23,1.50,0.14,1.65,1.57,0.12,1.51,1.58,1.51,1.50,1.59,1.50,1.51,1.53,1.66,1.53,1.58,1.53,0.25,1.63,2.01,1.58,1.62,0.30,1.68,2.01,1.57,0.26,0.26,1.58,1.53,1.46,1.54,1.54,0.00,1.53,1.59,2.01,0.00,1.53,0.23,1.65,1.58,1.65,1.58,2.01,0.26,1.62,1.50,1.53,1.65,0.00,0.00,1.50,1.62,1.57,1.53,1.65,1.73,1.58,1.53,2.92,2.92
TRBV19_01,1.68,1.68,1.98,1.73,1.52,1.69,1.68,1.98,1.68,0.25,0.00,1.52,0.39,0.37,1.66,1.69,1.73,1.68,1.80,1.98,0.25,1.70,1.57,1.53,0.28,1.77,1.70,1.57,1.70,0.37,1.68,0.25,1.75,1.98,1.68,1.78,1.71,1.78,1.53,1.53,1.66,1.98,0.38,1.68,0.39,1.77,0.25,1.52,0.00,1.73,1.68,1.77,1.68,1.98,1.68,1.77,1.73,1.70,1.52,1.83,1.77,1.77,1.68,1.69,0.36,0.38,0.25,0.37,1.52,0.25,1.77,1.71,0.27,1.66,1.73,1.66,1.52,1.71,1.52,1.66,1.68,1.78,1.68,1.73,1.68,0.00,1.75,1.98,1.70,1.77,0.42,1.80,1.98,1.53,0.39,0.39,1.70,1.68,1.58,1.69,1.68,0.25,1.68,1.71,1.98,0.25,1.68,0.37,1.78,1.70,1.78,1.73,1.98,0.39,1.77,1.52,1.68,1.78,0.25,0.25,1.52,1.77,1.71,1.68,1.77,1.83,1.70,1.68,2.92,2.92
TRBV10-3_01,2.03,2.03,1.86,1.94,0.00,1.98,2.03,1.86,2.03,1.50,1.52,0.00,1.52,1.49,1.91,1.98,1.94,2.03,2.04,1.86,1.50,2.07,1.89,2.10,1.52,2.01,2.07,1.89,2.07,1.49,2.03,1.50,1.98,1.86,1.95,2.02,2.06,2.02,2.10,2.10,1.91,1.86,1.51,2.03,1.52,2.01,1.53,0.00,1.52,1.94,2.03,2.01,2.03,1.86,2.03,2.01,1.94,2.07,0.00,2.01,2.01,2.03,2.03,1.98,1.49,1.51,1.50,1.49,0.00,1.53,2.03,1.94,1.49,1.91,1.94,1.91,0.00,2.06,0.00,1.91,2.03,2.02,2.03,1.94,2.03,1.52,1.98,1.86,2.07,2.01,1.52,2.04,1.86,2.10,1.52,1.52,2.07,2.03,1.96,1.98,1.95,1.50,2.03,2.06,1.86,1.50,2.03,1.49,2.08,2.07,2.08,1.94,1.86,1.52,2.01,0.00,2.03,2.08,1.50,1.50,0.00,2.01,1.94,2.03,2.05,2.01,2.07,2.03,2.92,2.92
TRBV06-6_04,1.57,1.57,1.98,1.59,1.52,1.59,1.57,1.98,1.57,0.26,0.39,1.52,0.00,0.18,1.53,1.59,1.59,1.57,1.71,1.98,0.26,1.64,1.41,1.64,0.19,1.65,1.64,1.41,1.64,0.18,1.57,0.26,1.70,1.98,1.58,1.70,1.62,1.70,1.64,1.64,1.53,1.98,0.22,1.57,0.00,1.65,0.19,1.52,0.39,1.59,1.57,1.65,1.57,1.98,1.57,1.65,1.59,1.64,1.52,1.77,1.65,1.72,1.57,1.59,0.33,0.22,0.26,0.18,1.52,0.19,1.72,1.59,0.25,1.53,1.59,1.53,1.52,1.62,1.52,1.53,1.57,1.70,1.57,1.59,1.57,0.39,1.70,1.98,1.64,1.65,0.21,1.71,1.98,1.64,0.00,0.00,1.64,1.57,1.50,1.59,1.58,0.26,1.57,1.62,1.98,0.26,1.57,0.18,1.71,1.64,1.71,1.59,1.98,0.00,1.65,1.52,1.57,1.71,0.26,0.26,1.52,1.65,1.59,1.57,1.71,1.77,1.64,1.57,2.92,2.92
TRBV06-8_01,1.53,1.53,1.99,1.53,1.49,1.53,1.53,1.99,1.53,0.23,0.37,1.49,0.18,0.00,1.47,1.53,1.53,1.53,1.63,1.99,0.23,1.61,1.39,1.82,0.28,1.59,1.61,1.39,1.61,0.00,1.53,0.23,1.65,1.99,1.55,1.65,1.59,1.65,1.82,1.82,1.47,1.99,0.17,1.53,0.18,1.59,0.15,1.49,0.37,1.53,1.53,1.59,1.53,1.99,1.53,1.59,1.53,1.61,1.49,1.73,1.59,1.66,1.53,1.53,0.19,0.17,0.23,0.00,1.49,0.15,1.66,1.53,0.22,1.47,1.53,1.47,1.49,1.59,1.49,1.47,1.53,1.65,1.53,1.53,1.53,0.37,1.65,1.99,1.61,1.59,0.19,1.63,1.99,1.82,0.18,0.18,1.61,1.53,1.47,1.53,1.55,0.23,1.53,1.59,1.99,0.23,1.53,0.00,1.67,1.61,1.67,1.53,1.99,0.18,1.59,1.49,1.53,1.67,0.23,0.23,1.49,1.59,1.53,1.53,1.67,1.73,1.61,1.53,2.92,2.92
TRBV07-3_02,0.36,0.36,2.34,0.22,1.91,0.32,0.36,2.34,0.36,1.51,1.66,1.91,1.53,1.47,0.00,0.32,0.22,0.36,0.41,2.34,1.51,0.71,0.49,2.28,1.60,0.18,0.71,0.49,0.71,1.48,0.36,1.51,0.53,2.34,0.45,0.40,0.82,0.40,2.28,2.28,0.00,2.34,1.54,0.36,1.53,0.18,1.54,1.91,1.66,0.22,0.36,0.18,0.36,2.34,0.36,0.18,0.22,0.71,1.91,0.64,0.18,0.62,0.36,0.32,1.48,1.54,1.51,1.48,1.91,1.54,0.62,0.16,1.51,0.00,0.22,0.00,1.91,0.82,1.91,0.00,0.36,0.40,0.36,0.22,0.36,1.66,0.53,2.34,0.71,0.18,1.51,0.41,2.34,2.28,1.53,1.53,0.71,0.36,0.55,0.32,0.45,1.51,0.36,0.82,2.34,1.51,0.36,1.48,0.62,0.71,0.62,0.22,2.34,1.53,0.18,1.91,0.36,0.62,1.51,1.51,1.91,0.18,0.16,0.36,0.64,0.64,0.71,0.36,2.92,2.92
TRBV12-3_01,0.21,0.21,2.31,0.50,1.98,0.00,0.21,2.31,0.21,1.54,1.69,1.98,1.59,1.53,0.32,0.00,0.50,0.21,0.44,2.31,1.54,0.46,0.43,2.25,1.64,0.31,0.46,0.43,0.46,1.53,0.21,1.54,0.39,2.31,0.27,0.29,0.60,0.29,2.25,2.25,0.32,2.31,1.61,0.21,1.59,0.31,1.58,1.98,1.69,0.50,0.21,0.31,0.21,2.31,0.21,0.31,0.50,0.46,1.98,0.65,0.31,0.35,0.21,0.00,1.55,1.61,1.54,1.53,1.98,1.58,0.35,0.27,1.54,0.32,0.50,0.32,1.98,0.60,1.98,0.32,0.21,0.29,0.21,0.50,0.21,1.69,0.39,2.31,0.46,0.31,1.58,0.44,2.31,2.25,1.59,1.59,0.46,0.21,0.36,0.00,0.27,1.54,0.21,0.60,2.31,1.54,0.21,1.53,0.35,0.46,0.35,0.50,2.31,1.59,0.31,1.98,0.21,0.35,1.54,1.54,1.98,0.31,0.27,0.21,0.37,0.65,0.46,0.21,2.92,2.92
TRBV07-9_01,0.56,0.56,2.42,0.00,1.94,0.50,0.56,2.42,0.56,1.58,1.73,1.94,1.59,1.53,0.22,0.50,0.00,0.56,0.45,2.42,1.58,0.88,0.67,2.35,1.68,0.25,0.88,0.67,0.88,1.53,0.56,1.58,0.63,2.42,0.65,0.55,0.99,0.55,2.35,2.35,0.22,2.43,1.58,0.56,1.59,0.25,1.60,1.94,1.73,0.00,0.56,0.25,0.56,2.42,0.56,0.25,0.00,0.88,1.94,0.73,0.25,0.76,0.56,0.50,1.52,1.58,1.58,1.53,1.94,1.60,0.76,0.29,1.58,0.22,0.00,0.22,1.94,0.99,1.94,0.22,0.56,0.55,0.56,0.00,0.56,1.73,0.63,2.42,0.88,0.25,1.56,0.45,2.42,2.35,1.59,1.59,0.88,0.56,0.74,0.50,0.65,1.58,0.56,0.99,2.43,1.58,0.56,1.53,0.79,0.88,0.79,0.00,2.42,1.59,0.25,1.94,0.56,0.79,1.58,1.58,1.94,0.25,0.29,0.56,0.78,0.73,0.88,0.56,2.92,2.92
TRBV17_01,0.00,0.00,2.27,0.56,2.03,0.21,0.00,2.27,0.00,1.53,1.68,2.03,1.57,1.53,0.36,0.21,0.56,0.00,0.52,2.27,1.53,0.45,0.39,2.19,1.61,0.40,0.45,0.39,0.45,1.53,0.00,1.53,0.50,2.27,0.25,0.36,0.56,0.36,2.19,2.19,0.36,2.27,1.60,0.00,1.57,0.40,1.57,2.03,1.68,0.56,0.00,0.40,0.00,2.27,0.00,0.40,0.56,0.45,2.03,0.67,0.40,0.47,0.00,0.21,1.55,1.60,1.53,1.53,2.03,1.57,0.47,0.37,1.53,0.36,0.56,0.36,2.03,0.56,2.03,0.36,0.00,0.36,0.00,0.56,0.00,1.68,0.50,2.27,0.45,0.40,1.56,0.52,2.27,2.19,1.57,1.57,0.45,0.00,0.34,0.21,0.25,1.53,0.00,0.56,2.27,1.53,0.00,1.53,0.38,0.45,0.38,0.56,2.27,1.57,0.40,2.03,0.00,0.38,1.53,1.53,2.03,0.40,0.37,0.00,0.46,0.67,0.45,0.00,2.92,2.92
TRBV14_01,0.52,0.52,2.54,0.45,2.04,0.44,0.52,2.54,0.52,1.68,1.80,2.04,1.71,1.63,0.41,0.44,0.45,0.52,0.00,2.54,1.68,0.81,0.76,2.41,1.77,0.32,0.81,0.76,0.81,1.63,0.52,1.68,0.66,2.54,0.64,0.42,0.83,0.42,2.41,2.41,0.41,2.54,1.69,0.52,1.71,0.32,1.70,2.04,1.80,0.45,0.52,0.32,0.52,2.54,0.52,0.32,0.45,0.81,2.04,0.67,0.32,0.67,0.52,0.44,1.64,1.69,1.68,1.63,2.04,1.70,0.67,0.28,1.67,0.41,0.45,0.41,2.04,0.83,2.04,0.41,0.52,0.42,0.52,0.45,0.52,1.80,0.66,2.54,0.81,0.32,1.67,0.00,2.54,2.41,1.71,1.71,0.81,0.52,0.68,0.44,0.64,1.68,0.52,0.83,2.54,1.68,0.52,1.63,0.67,0.81,0.67,0.45,2.54,1.71,0.32,2.04,0.52,0.67,1.68,1.68,2.04,0.32,0.28,0.52,0.72,0.67,0.81,0.52,2.92,2.92
TRBV20-1_01,2.27,2.28,0.00,2.42,1.86,2.31,2.27,0.00,2.28,2.01,1.98,1.86,1.98,1.99,2.34,2.31,2.42,2.27,2.54,0.00,2.01,2.08,2.09,1.76,1.94,2.45,2.08,2.09,2.08,2.06,2.27,2.01,2.20,0.00,2.14,2.30,2.12,2.30,1.76,1.76,2.34,0.00,2.12,2.27,1.98,2.45,2.02,1.86,1.98,2.42,2.28,2.45,2.27,0.00,2.27,2.45,2.42,2.08,1.86,2.24,2.45,2.23,2.27,2.31,2.11,2.12,2.01,2.06,1.86,2.02,2.23,2.37,2.01,2.34,2.42,2.34,1.86,2.12,1.86,2.34,2.27,2.30,2.27,2.42,2.28,1.98,2.20,0.00,2.08,2.45,2.11,2.54,0.00,1.76,1.98,1.98,2.08,2.27,2.07,2.31,2.14,2.01,2.27,2.12,0.00,2.01,2.27,2.06,2.22,2.08,2.22,2.42,0.00,1.98,2.45,1.86,2.28,2.22,2.01,2.01,1.86,2.45,2.37,2.28,2.20,2.24,2.08,2.27,2.92,2.92
TRBV04-3_02,1.53,1.53,2.01,1.58,1.50,1.54,1.53,2.01,1.53,0.00,0.25,1.50,0.26,0.23,1.51,1.54,1.58,1.53,1.68,2.01,0.00,1.58,1.40,1.57,0.22,1.62,1.58,1.40,1.58,0.23,1.53,0.00,1.63,2.01,1.54,1.66,1.59,1.66,1.57,1.57,1.51,2.01,0.30,1.53,0.26,1.62,0.14,1.50,0.25,1.58,1.53,1.62,1.53,2.01,1.53,1.62,1.58,1.58,1.50,1.73,1.62,1.65,1.53,1.54,0.25,0.30,0.00,0.23,1.50,0.14,1.65,1.57,0.12,1.51,1.58,1.51,1.50,1.59,1.50,1.51,1.53,1.66,1.53,1.58,1.53,0.25,1.63,2.01,1.58,1.62,0.30,1.68,2.01,1.57,0.26,0.26,1.58,1.53,1.46,1.54,1.54,0.00,1.53,1.59,2.01,0.00,1.53,0.23,1.65,1.58,1.65,1.58,2.01,0.26,1.62,1.50,1.53,1.65,0.00,0.00,1.50,1.62,1.57,1.53,1.65,1.73,1.58,1.53,2.92,2.92
TRBV05-4_01,0.45,0.45,2.08,0.88,2.07,0.46,0.45,2.08,0.45,1.58,1.70,2.07,1.64,1.61,0.71,0.46,0.88,0.45,0.81,2.08,1.58,0.00,0.53,2.16,1.66,0.73,0.00,0.53,0.00,1.61,0.45,1.58,0.45,2.08,0.37,0.53,0.46,0.53,2.16,2.16,0.71,2.08,1.70,0.45,1.64,0.73,1.62,2.07,1.70,0.88,0.45,0.73,0.45,2.08,0.45,0.73,0.88,0.00,2.07,0.78,0.73,0.33,0.45,0.46,1.63,1.70,1.58,1.61,2.07,1.62,0.33,0.67,1.58,0.71,0.88,0.71,2.07,0.46,2.07,0.71,0.45,0.53,0.45,0.88,0.45,1.70,0.45,2.08,0.00,0.73,1.68,0.81,2.08,2.16,1.64,1.64,0.00,0.45,0.26,0.46,0.37,1.58,0.45,0.46,2.08,1.58,0.45,1.61,0.25,0.00,0.25,0.88,2.08,1.64,0.73,2.07,0.45,0.25,1.58,1.58,2.07,0.73,0.67,0.45,0.28,0.78,0.00,0.45,2.92,2.92
TRBV05-1_01,0.39,0.39,2.09,0.67,1.89,0.43,0.39,2.09,0.39,1.40,1.57,1.89,1.41,1.39,0.49,0.43,0.67,0.39,0.76,2.09,1.40,0.53,0.00,2.13,1.47,0.58,0.53,0.00,0.53,1.39,0.39,1.40,0.59,2.09,0.33,0.54,0.61,0.54,2.13,2.13,0.49,2.09,1.47,0.39,1.41,0.58,1.44,1.89,1.57,0.67,0.39,0.58,0.39,2.09,0.39,0.58,0.67,0.53,1.89,0.79,0.58,0.58,0.39,0.43,1.43,1.47,1.40,1.39,1.89,1.44,0.58,0.54,1.39,0.49,0.67,0.49,1.89,0.61,1.89,0.49,0.39,0.54,0.39,0.67,0.39,1.57,0.59,2.09,0.53,0.58,1.43,0.76,2.09,2.13,1.41,1.41,0.53,0.39,0.47,0.43,0.33,1.40,0.39,0.61,2.09,1.40,0.39,1.39,0.51,0.53,0.51,0.67,2.09,1.41,0.58,1.89,0.39,0.51,1.40,1.40,1.89,0.58,0.54,0.39,0.54,0.79,0.53,0.39,2.92,2.92
TRBV30_05,2.20,2.20,1.76,2.35,2.10,2.25,2.19,1.76,2.20,1.57,1.53,2.10,1.64,1.82,2.28,2.25,2.35,2.19,2.41,1.76,1.57,2.16,2.13,0.00,1.60,2.36,2.16,2.13,2.16,1.67,2.19,1.57,2.24,1.76,2.20,2.32,2.20,2.32,0.00,0.00,2.28,1.76,1.68,2.20,1.64,2.36,1.62,2.10,1.53,2.35,2.20,2.36,2.19,1.76,2.19,2.36,2.35,2.16,2.10,2.30,2.36,2.24,2.19,2.25,1.62,1.68,1.57,1.67,2.10,1.62,2.24,2.33,1.64,2.28,2.35,2.28,2.10,2.20,2.10,2.28,2.20,2.32,2.19,2.35,2.20,1.53,2.24,1.76,2.16,2.36,1.62,2.41,1.76,0.00,1.64,1.64,2.16,2.19,2.11,2.25,2.20,1.57,2.20,2.20,1.76,1.57,2.19,1.67,2.25,2.16,2.25,2.35,1.76,1.64,2.36,2.10,2.20,2.25,1.57,1.57,2.10,2.36,2.33,2.20,2.24,2.30,2.16,2.19,2.92,2.92
TRBV25-1_01,1.61,1.61,1.94,1.68,1.52,1.64,1.61,1.94,1.61,0.22,0.28,1.52,0.19,0.28,1.60,1.64,1.68,1.61,1.77,1.94,0.22,1.66,1.47,1.60,0.00,1.72,1.66,1.47,1.66,0.28,1.61,0.22,1.73,1.94,1.61,1.74,1.63,1.74,1.60,1.60,1.60,1.94,0.31,1.61,0.19,1.72,0.19,1.52,0.28,1.68,1.61,1.72,1.61,1.94,1.61,1.72,1.68,1.66,1.52,1.81,1.72,1.74,1.61,1.64,0.39,0.31,0.22,0.28,1.52,0.19,1.74,1.66,0.20,1.60,1.68,1.60,1.52,1.63,1.52,1.60,1.61,1.74,1.61,1.68,1.61,0.28,1.73,1.94,1.66,1.72,0.31,1.77,1.94,1.60,0.19,0.19,1.66,1.61,1.53,1.64,1.61,0.22,1.61,1.63,1.94,0.22,1.61,0.28,1.74,1.66,1.74,1.68,1.94,0.19,1.72,1.52,1.61,1.74,0.22,0.22,1.52,1.72,1.66,1.61,1.74,1.81,1.66,1.61,2.92,2.92
TRBV11-2_01,0.40,0.40,2.45,0.25,2.01,0.31,0.40,2.45,0.40,1.62,1.77,2.01,1.65,1.59,0.18,0.31,0.25,0.40,0.32,2.45,1.62,0.73,0.58,2.36,1.72,0.00,0.73,0.58,0.73,1.59,0.40,1.62,0.52,2.45,0.50,0.35,0.84,0.35,2.36,2.36,0.18,2.45,1.65,0.40,1.65,0.00,1.65,2.01,1.77,0.25,0.40,0.00,0.40,2.45,0.40,0.00,0.25,0.73,2.01,0.62,0.00,0.59,0.40,0.31,1.59,1.65,1.62,1.59,2.01,1.65,0.59,0.15,1.62,0.18,0.25,0.18,2.01,0.84,2.01,0.18,0.40,0.35,0.40,0.25,0.40,1.77,0.52,2.45,0.73,0.00,1.62,0.32,2.45,2.36,1.65,1.65,0.73,0.40,0.61,0.31,0.50,1.62,0.40,0.84,2.45,1.62,0.40,1.59,0.61,0.73,0.61,0.25,2.45,1.65,0.00,2.01,0.40,0.61,1.62,1.62,2.01,0.00,0.15,0.40,0.62,0.62,0.73,0.40,2.92,2.92
TRBV05-4_03,0.45,0.45,2.08,0.88,2.07,0.46,0.45,2.08,0.45,1.58,1.70,2.07,1.64,1.61,0.71,0.46,0.88,0.45,0.81,2.08,1.58,0.00,0.53,2.16,1.66,0.73,0.00,0.53,0.00,1.61,0.45,1.58,0.45,2.08,0.37,0.53,0.46,0.53,2.16,2.16,0.71,2.08,1.70,0.45,1.64,0.73,1.62,2.07,1.70,0.88,0.45,0.73,0.45,2.08,0.45,0.73,0.88,0.00,2.07,0.78,0.73,0.33,0.45,0.46,1.63,1.70,1.58,1.61,2.07,1.62,0.33,0.67,1.58,0.71,0.88,0.71,2.07,0.46,2.07,0.71,0.45,0.53,0.45,0.88,0.45,1.70,0.45,2.08,0.00,0.73,1.68,0.81,2.08,2.16,1.64,1.64,0.00,0.45,0.26,0.46,0.37,1.58,0.45,0.46,2.08,1.58,0.45,1.61,0.25,0.00,0.25,0.88,2.08,1.64,0.73,2.07,0.45,0.25,1.58,1.58,2.07,0.73,0.67,0.45,0.28,0.78,0.00,0.45,2.92,2.92
TRBV05-1_02,0.39,0.39,2.09,0.67,1.89,0.43,0.39,2.09,0.39,1.40,1.57,1.89,1.41,1.39,0.49,0.43,0.67,0.39,0.76,2.09,1.40,0.53,0.00,2.13,1.47,0.58,0.53,0.00,0.53,1.39,0.39,1.40,0.59,2.09,0.33,0.54,0.61,0.54,2.13,2.13,0.49,2.09,1.47,0.39,1.41,0.58,1.44,1.89,1.57,0.67,0.39,0.58,0.39,2.09,0.39,0.58,0.67,0.53,1.89,0.79,0.58,0.58,0.39,0.43,1.43,1.47,1.40,1.39,1.89,1.44,0.58,0.54,1.39,0.49,0.67,0.49,1.89,0.61,1.89,0.49,0.39,0.54,0.39,0.67,0.39,1.57,0.59,2.09,0.53,0.58,1.43,0.76,2.09,2.13,1.41,1.41,0.53,0.39,0.47,0.43,0.33,1.40,0.39,0.61,2.09,1.40,0.39,1.39,0.51,0.53,0.51,0.67,2.09,1.41,0.58,1.89,0.39,0.51,1.40,1.40,1.89,0.58,0.54,0.39,0.54,0.79,0.53,0.39,2.92,2.92
TRBV05-5_02,0.45,0.45,2.08,0.88,2.07,0.46,0.45,2.08,0.45,1.58,1.70,2.07,1.64,1.61,0.71,0.46,0.88,0.45,0.81,2.08,1.58,0.00,0.53,2.16,1.66,0.73,0.00,0.53,0.00,1.61,0.45,1.58,0.45,2.08,0.37,0.53,0.46,0.53,2.16,2.16,0.71,2.08,1.70,0.45,1.64,0.73,1.62,2.07,1.70,0.88,0.45,0.73,0.45,2.08,0.45,0.73,0.88,0.00,2.07,0.78,0.73,0.33,0.45,0.46,1.63,1.70,1.58,1.61,2.07,1.62,0.33,0.67,1.58,0.71,0.88,0.71,2.07,0.46,2.07,0.71,0.45,0.53,0.45,0.88,0.45,1.70,0.45,2.08,0.00,0.73,1.68,0.81,2.08,2.16,1.64,1.64,0.00,0.45,0.26,0.46,0.37,1.58,0.45,0.46,2.08,1.58,0.45,1.61,0.25,0.00,0.25,0.88,2.08,1.64,0.73,2.07,0.45,0.25,1.58,1.58,2.07,0.73,0.67,0.45,0.28,0.78,0.00,0.45,2.92,2.92
TRBV06-7_01,1.53,1.53,2.06,1.53,1.49,1.53,1.53,2.06,1.53,0.23,0.37,1.49,0.18,0.00,1.48,1.53,1.53,1.53,1.63,2.06,0.23,1.61,1.39,1.67,0.28,1.59,1.61,1.39,1.61,0.00,1.53,0.23,1.65,2.06,1.55,1.65,1.59,1.65,1.67,1.67,1.48,2.06,0.17,1.53,0.18,1.59,0.15,1.49,0.37,1.53,1.53,1.59,1.53,2.06,1.53,1.59,1.53,1.61,1.49,1.73,1.59,1.66,1.53,1.53,0.19,0.17,0.23,0.00,1.49,0.15,1.66,1.53,0.22,1.48,1.53,1.48,1.49,1.59,1.49,1.48,1.53,1.65,1.53,1.53,1.53,0.37,1.65,2.06,1.61,1.59,0.19,1.63,2.06,1.67,0.18,0.18,1.61,1.53,1.47,1.53,1.55,0.23,1.53,1.59,2.06,0.23,1.53,0.00,1.67,1.61,1.67,1.53,2.06,0.18,1.59,1.49,1.53,1.67,0.23,0.23,1.49,1.59,1.53,1.53,1.67,1.73,1.61,1.53,2.92,2.92
TRBV07-7_01,0.00,0.00,2.27,0.56,2.03,0.21,0.00,2.27,0.00,1.53,1.68,2.03,1.57,1.53,0.36,0.21,0.56,0.00,0.52,2.27,1.53,0.45,0.39,2.19,1.61,0.40,0.45,0.39,0.45,1.53,0.00,1.53,0.50,2.27,0.25,0.36,0.56,0.36,2.19,2.19,0.36,2.27,1.60,0.00,1.57,0.40,1.57,2.03,1.68,0.56,0.00,0.40,0.00,2.27,0.00,0.40,0.56,0.45,2.03,0.67,0.40,0.47,0.00,0.21,1.55,1.60,1.53,1.53,2.03,1.57,0.47,0.37,1.53,0.36,0.56,0.36,2.03,0.56,2.03,0.36,0.00,0.36,0.00,0.56,0.00,1.68,0.50,2.27,0.45,0.40,1.56,0.52,2.27,2.19,1.57,1.57,0.45,0.00,0.34,0.21,0.25,1.53,0.00,0.56,2.27,1.53,0.00,1.53,0.38,0.45,0.38,0.56,2.27,1.57,0.40,2.03,0.00,0.38,1.53,1.53,2.03,0.40,0.37,0.00,0.46,0.67,0.45,0.00,2.92,2.92
TRBV04-3_01,1.53,1.53,2.01,1.58,1.50,1.54,1.53,2.01,1.53,0.00,0.25,1.50,0.26,0.23,1.51,1.54,1.58,1.53,1.68,2.01,0.00,1.58,1.40,1.57,0.22,1.62,1.58,1.40,1.58,0.23,1.53,0.00,1.63,2.01,1.54,1.66,1.59,1.66,1.57,1.57,1.51,2.01,0.30,1.53,0.26,1.62,0.14,1.50,0.25,1.58,1.53,1.62,1.53,2.01,1.53,1.62,1.58,1.58,1.50,1.73,1.62,1.65,1.53,1.54,0.25,0.30,0.00,0.23,1.50,0.14,1.65,1.57,0.12,1.51,1.58,1.51,1.50,1.59,1.50,1.51,1.53,1.66,1.53,1.58,1.53,0.25,1.63,2.01,1.58,1.62,0.30,1.68,2.01,1.57,0.26,0.26,1.58,1.53,1.46,1.54,1.54,0.00,1.53,1.59,2.01,0.00,1.53,0.23,1.65,1.58,1.65,1.58,2.01,0.26,1.62,1.50,1.53,1.65,0.00,0.00,1.50,1.62,1.57,1.53,1.65,1.73,1.58,1.53,2.92,2.92
TRBV05-3_02,0.50,0.50,2.20,0.63,1.98,0.39,0.50,2.20,0.50,1.63,1.75,1.98,1.70,1.65,0.53,0.39,0.63,0.50,0.66,2.20,1.63,0.45,0.59,2.24,1.73,0.52,0.45,0.59,0.45,1.65,0.50,1.63,0.00,2.20,0.40,0.36,0.77,0.36,2.24,2.24,0.53,2.20,1.73,0.50,1.70,0.52,1.68,1.98,1.75,0.63,0.50,0.52,0.50,2.20,0.50,0.52,0.63,0.45,1.98,0.56,0.52,0.28,0.50,0.39,1.64,1.73,1.63,1.65,1.98,1.68,0.28,0.50,1.63,0.53,0.63,0.53,1.98,0.77,1.98,0.53,0.50,0.36,0.50,0.63,0.50,1.75,0.00,2.20,0.45,0.52,1.70,0.66,2.20,2.24,1.70,1.70,0.45,0.50,0.47,0.39,0.40,1.63,0.50,0.77,2.20,1.63,0.50,1.65,0.41,0.45,0.41,0.63,2.20,1.70,0.52,1.98,0.50,0.41,1.63,1.63,1.98,0.52,0.50,0.50,0.29,0.56,0.45,0.50,2.92,2.92
TRBV20-1_05,2.27,2.28,0.00,2.42,1.86,2.31,2.27,0.00,2.28,2.01,1.98,1.86,1.98,1.99,2.34,2.31,2.42,2.27,2.54,0.00,2.01,2.08,2.09,1.76,1.94,2.45,2.08,2.09,2.08,2.06,2.27,2.01,2.20,0.00,2.14,2.30,2.12,2.30,1.76,1.76,2.34,0.00,2.12,2.27,1.98,2.45,2.02,1.86,1.98,2.42,2.28,2.45,2.27,0.00,2.27,2.45,2.42,2.08,1.86,2.24,2.45,2.23,2.27,2.31,2.11,2.12,2.01,2.06,1.86,2.02,2.23,2.37,2.01,2.34,2.42,2.34,1.86,2.12,1.86,2.34,2.27,2.30,2.27,2.42,2.28,1.98,2.20,0.00,2.08,2.45,2.11,2.54,0.00,1.76,1.98,1.98,2.08,2.27,2.07,2.31,2.14,2.01,2.27,2.12,0.00,2.01,2.27,2.06,2.22,2.08,2.22,2.42,0.00,1.98,2.45,1.86,2.28,2.22,2.01,2.01,1.86,2.45,2.37,2.28,2.20,2.24,2.08,2.27,2.92,2.92
TRBV13_01,0.25,0.26,2.14,0.65,1.95,0.27,0.25,2.14,0.26,1.54,1.68,1.95,1.58,1.55,0.45,0.27,0.65,0.25,0.64,2.14,1.54,0.37,0.33,2.20,1.61,0.50,0.37,0.33,0.37,1.55,0.25,1.54,0.40,2.14,0.00,0.34,0.50,0.34,2.20,2.20,0.45,2.14,1.63,0.25,1.58,0.50,1.58,1.95,1.68,0.65,0.26,0.50,0.25,2.14,0.25,0.50,0.65,0.37,1.95,0.65,0.50,0.36,0.25,0.27,1.58,1.63,1.54,1.55,1.95,1.58,0.36,0.44,1.53,0.45,0.65,0.45,1.95,0.50,1.95,0.45,0.25,0.34,0.25,0.65,0.26,1.68,0.40,2.14,0.37,0.50,1.59,0.64,2.14,2.20,1.58,1.58,0.37,0.25,0.32,0.27,0.00,1.54,0.25,0.50,2.14,1.54,0.25,1.55,0.29,0.37,0.29,0.65,2.14,1.58,0.50,1.95,0.26,0.29,1.54,1.54,1.95,0.50,0.44,0.26,0.33,0.65,0.37,0.25,2.92,2.92
TRBV02_01,0.36,0.36,2.30,0.55,2.02,0.29,0.36,2.30,0.36,1.66,1.78,2.02,1.70,1.65,0.40,0.29,0.55,0.36,0.42,2.30,1.66,0.53,0.54,2.32,1.74,0.35,0.53,0.54,0.53,1.65,0.36,1.66,0.36,2.30,0.34,0.00,0.66,0.00,2.32,2.32,0.40,2.30,1.72,0.36,1.70,0.35,1.69,2.02,1.78,0.55,0.36,0.35,0.36,2.30,0.36,0.35,0.55,0.53,2.02,0.41,0.35,0.41,0.36,0.29,1.66,1.72,1.66,1.65,2.02,1.69,0.41,0.31,1.66,0.40,0.55,0.40,2.02,0.66,2.02,0.40,0.36,0.00,0.36,0.55,0.36,1.78,0.36,2.30,0.53,0.35,1.69,0.42,2.30,2.32,1.70,1.70,0.53,0.36,0.45,0.29,0.34,1.66,0.36,0.66,2.30,1.66,0.36,1.65,0.41,0.53,0.41,0.55,2.30,1.70,0.35,2.02,0.36,0.41,1.66,1.66,2.02,0.35,0.31,0.36,0.44,0.41,0.53,0.36,2.92,2.92
TRBV21_OR9-2_01,0.56,0.56,2.12,0.99,2.06,0.60,0.56,2.12,0.56,1.59,1.71,2.06,1.62,1.59,0.82,0.60,0.99,0.56,0.83,2.12,1.59,0.46,0.61,2.20,1.63,0.84,0.46,0.61,0.46,1.59,0.56,1.59,0.77,2.12,0.50,0.66,0.00,0.66,2.20,2.20,0.82,2.12,1.68,0.56,1.62,0.84,1.62,2.06,1.71,0.99,0.56,0.84,0.56,2.12,0.56,0.84,0.99,0.46,2.06,0.98,0.84,0.57,0.56,0.60,1.65,1.68,1.59,1.59,2.06,1.62,0.57,0.76,1.57,0.82,0.99,0.82,2.06,0.00,2.06,0.82,0.56,0.66,0.56,0.99,0.56,1.71,0.77,2.12,0.46,0.84,1.64,0.83,2.12,2.20,1.62,1.62,0.46,0.56,0.52,0.60,0.50,1.59,0.56,0.00,2.12,1.59,0.56,1.59,0.40,0.46,0.41,0.99,2.12,1.62,0.84,2.06,0.56,0.41,1.59,1.59,2.06,0.84,0.76,0.56,0.55,0.98,0.46,0.56,2.92,2.92
TRBV02_02,0.36,0.36,2.30,0.55,2.02,0.29,0.36,2.30,0.36,1.66,1.78,2.02,1.70,1.65,0.40,0.29,0.55,0.36,0.42,2.30,1.66,0.53,0.54,2.32,1.74,0.35,0.53,0.54,0.53,1.65,0.36,1.66,0.36,2.30,0.34,0.00,0.66,0.00,2.32,2.32,0.40,2.30,1.72,0.36,1.70,0.35,1.69,2.02,1.78,0.55,0.36,0.35,0.36,2.30,0.36,0.35,0.55,0.53,2.02,0.41,0.35,0.41,0.36,0.29,1.66,1.72,1.66,1.65,2.02,1.69,0.41,0.31,1.66,0.40,0.55,0.40,2.02,0.66,2.02,0.40,0.36,0.00,0.36,0.55,0.36,1.78,0.36,2.30,0.53,0.35,1.69,0.42,2.30,2.32,1.70,1.70,0.53,0.36,0.45,0.29,0.34,1.66,0.36,0.66,2.30,1.66,0.36,1.65,0.41,0.53,0.41,0.55,2.30,1.70,0.35,2.02,0.36,0.41,1.66,1.66,2.02,0.35,0.31,0.36,0.44,0.41,0.53,0.36,2.92,2.92
TRBV30_04,2.20,2.20,1.76,2.35,2.10,2.25,2.19,1.76,2.20,1.57,1.53,2.10,1.64,1.82,2.28,2.25,2.35,2.19,2.41,1.76,1.57,2.16,2.13,0.00,1.60,2.36,2.16,2.13,2.16,1.67,2.19,1.57,2.24,1.76,2.20,2.32,2.20,2.32,0.00,0.00,2.28,1.76,1.68,2.20,1.64,2.36,1.62,2.10,1.53,2.35,2.20,2.36,2.19,1.76,2.19,2.36,2.35,2.16,2.10,2.30,2.36,2.24,2.19,2.25,1.62,1.68,1.57,1.67,2.10,1.62,2.24,2.33,1.64,2.28,2.35,2.28,2.10,2.20,2.10,2.28,2.20,2.32,2.19,2.35,2.20,1.53,2.24,1.76,2.16,2.36,1.62,2.41,1.76,0.00,1.64,1.64,2.16,2.19,2.11,2.25,2.20,1.57,2.20,2.20,1.76,1.57,2.19,1.67,2.25,2.16,2.25,2.35,1.76,1.64,2.36,2.10,2.20,2.25,1.57,1.57,2.10,2.36,2.33,2.20,2.24,2.30,2.16,2.19,2.92,2.92
TRBV30_02,2.20,2.20,1.76,2.35,2.10,2.25,2.19,1.76,2.20,1.57,1.53,2.10,1.64,1.82,2.28,2.25,2.35,2.19,2.41,1.76,1.57,2.16,2.13,0.00,1.60,2.36,2.16,2.13,2.16,1.67,2.19,1.57,2.24,1.76,2.20,2.32,2.20,2.32,0.00,0.00,2.28,1.76,1.68,2.20,1.64,2.36,1.62,2.10,1.53,2.35,2.20,2.36,2.19,1.76,2.19,2.36,2.35,2.16,2.10,2.30,2.36,2.24,2.19,2.25,1.62,1.68,1.57,1.67,2.10,1.62,2.24,2.33,1.64,2.28,2.35,2.28,2.10,2.20,2.10,2.28,2.20,2.32,2.19,2.35,2.20,1.53,2.24,1.76,2.16,2.36,1.62,2.41,1.76,0.00,1.64,1.64,2.16,2.19,2.11,2.25,2.20,1.57,2.20,2.20,1.76,1.57,2.19,1.67,2.25,2.16,2.25,2.35,1.76,1.64,2.36,2.10,2.20,2.25,1.57,1.57,2.10,2.36,2.33,2.20,2.24,2.30,2.16,2.19,2.92,2.92
TRBV07-3_05,0.36,0.36,2.34,0.22,1.91,0.32,0.36,2.34,0.36,1.51,1.66,1.91,1.53,1.47,0.00,0.32,0.22,0.36,0.41,2.34,1.51,0.71,0.49,2.28,1.60,0.18,0.71,0.49,0.71,1.48,0.36,1.51,0.53,2.34,0.45,0.40,0.82,0.40,2.28,2.28,0.00,2.34,1.54,0.36,1.53,0.18,1.54,1.91,1.66,0.22,0.36,0.18,0.36,2.34,0.36,0.18,0.22,0.71,1.91,0.64,0.18,0.62,0.36,0.32,1.48,1.54,1.51,1.48,1.91,1.54,0.62,0.16,1.51,0.00,0.22,0.00,1.91,0.82,1.91,0.00,0.36,0.40,0.36,0.22,0.36,1.66,0.53,2.34,0.71,0.18,1.51,0.41,2.34,2.28,1.53,1.53,0.71,0.36,0.55,0.32,0.45,1.51,0.36,0.82,2.34,1.51,0.36,1.48,0.62,0.71,0.62,0.22,2.34,1.53,0.18,1.91,0.36,0.62,1.51,1.51,1.91,0.18,0.16,0.36,0.64,0.64,0.71,0.36,2.92,2.92
TRBV20_OR9-2_02,2.28,2.28,0.00,2.43,1.86,2.31,2.27,0.00,2.28,2.01,1.98,1.86,1.98,1.99,2.34,2.31,2.43,2.27,2.54,0.00,2.01,2.08,2.09,1.76,1.94,2.45,2.08,2.09,2.08,2.06,2.27,2.01,2.20,0.00,2.14,2.30,2.12,2.30,1.76,1.76,2.34,0.00,2.12,2.28,1.98,2.45,2.02,1.86,1.98,2.43,2.28,2.45,2.27,0.00,2.27,2.45,2.43,2.08,1.86,2.24,2.45,2.23,2.27,2.31,2.11,2.12,2.01,2.06,1.86,2.02,2.23,2.37,2.01,2.34,2.43,2.34,1.86,2.12,1.86,2.34,2.28,2.30,2.27,2.43,2.28,1.98,2.20,0.00,2.08,2.45,2.11,2.54,0.00,1.76,1.98,1.98,2.08,2.27,2.07,2.31,2.14,2.01,2.28,2.12,0.00,2.01,2.27,2.06,2.22,2.08,2.22,2.43,0.00,1.98,2.45,1.86,2.28,2.22,2.01,2.01,1.86,2.45,2.37,2.28,2.20,2.24,2.08,2.27,2.92,2.92
TRBV06-2_01,1.60,1.60,2.12,1.58,1.51,1.61,1.60,2.12,1.60,0.30,0.38,1.51,0.22,0.17,1.54,1.61,1.58,1.60,1.69,2.12,0.30,1.70,1.47,1.68,0.31,1.65,1.70,1.47,1.70,0.17,1.60,0.30,1.73,2.12,1.63,1.72,1.68,1.72,1.68,1.68,1.54,2.12,0.00,1.60,0.22,1.65,0.21,1.51,0.38,1.58,1.60,1.65,1.60,2.12,1.60,1.65,1.58,1.70,1.51,1.79,1.65,1.76,1.60,1.61,0.23,0.00,0.30,0.17,1.51,0.21,1.76,1.60,0.28,1.54,1.58,1.54,1.51,1.68,1.51,1.54,1.60,1.72,1.60,1.58,1.60,0.38,1.73,2.12,1.70,1.65,0.12,1.69,2.12,1.68,0.22,0.22,1.70,1.60,1.56,1.61,1.63,0.30,1.60,1.68,2.12,0.30,1.60,0.17,1.76,1.70,1.76,1.58,2.12,0.22,1.65,1.51,1.60,1.76,0.30,0.30,1.51,1.65,1.60,1.60,1.76,1.79,1.70,1.60,2.92,2.92
TRBV07-2_03,0.00,0.00,2.27,0.56,2.03,0.21,0.00,2.27,0.00,1.53,1.68,2.03,1.57,1.53,0.36,0.21,0.56,0.00,0.52,2.27,1.53,0.45,0.39,2.20,1.61,0.40,0.45,0.39,0.45,1.53,0.00,1.53,0.50,2.27,0.25,0.36,0.56,0.36,2.20,2.20,0.36,2.28,1.60,0.00,1.57,0.40,1.57,2.03,1.68,0.56,0.00,0.40,0.00,2.27,0.00,0.40,0.56,0.45,2.03,0.67,0.40,0.47,0.00,0.21,1.55,1.60,1.53,1.53,2.03,1.57,0.47,0.37,1.53,0.36,0.56,0.36,2.03,0.56,2.03,0.36,0.00,0.36,0.00,0.56,0.00,1.68,0.50,2.27,0.45,0.40,1.56,0.52,2.27,2.20,1.57,1.57,0.45,0.00,0.34,0.21,0.25,1.53,0.00,0.56,2.28,1.53,0.00,1.53,0.38,0.45,0.38,0.56,2.27,1.57,0.40,2.03,0.00,0.38,1.53,1.53,2.03,0.40,0.37,0.00,0.46,0.67,0.45,0.00,2.92,2.92
TRBV06-6_01,1.57,1.57,1.98,1.59,1.52,1.59,1.57,1.98,1.57,0.26,0.39,1.52,0.00,0.18,1.53,1.59,1.59,1.57,1.71,1.98,0.26,1.64,1.41,1.64,0.19,1.65,1.64,1.41,1.64,0.18,1.57,0.26,1.70,1.98,1.58,1.70,1.62,1.70,1.64,1.64,1.53,1.98,0.22,1.57,0.00,1.65,0.19,1.52,0.39,1.59,1.57,1.65,1.57,1.98,1.57,1.65,1.59,1.64,1.52,1.77,1.65,1.72,1.57,1.59,0.33,0.22,0.26,0.18,1.52,0.19,1.72,1.59,0.25,1.53,1.59,1.53,1.52,1.62,1.52,1.53,1.57,1.70,1.57,1.59,1.57,0.39,1.70,1.98,1.64,1.65,0.21,1.71,1.98,1.64,0.00,0.00,1.64,1.57,1.50,1.59,1.58,0.26,1.57,1.62,1.98,0.26,1.57,0.18,1.71,1.64,1.71,1.59,1.98,0.00,1.65,1.52,1.57,1.71,0.26,0.26,1.52,1.65,1.59,1.57,1.71,1.77,1.64,1.57,2.92,2.92
TRBV11-3_04,0.40,0.40,2.45,0.25,2.01,0.31,0.40,2.45,0.40,1.62,1.77,2.01,1.65,1.59,0.18,0.31,0.25,0.40,0.32,2.45,1.62,0.73,0.58,2.36,1.72,0.00,0.73,0.58,0.73,1.59,0.40,1.62,0.52,2.45,0.50,0.35,0.84,0.35,2.36,2.36,0.18,2.45,1.65,0.40,1.65,0.00,1.65,2.01,1.77,0.25,0.40,0.00,0.40,2.45,0.40,0.00,0.25,0.73,2.01,0.62,0.00,0.59,0.40,0.31,1.59,1.65,1.62,1.59,2.01,1.65,0.59,0.15,1.62,0.18,0.25,0.18,2.01,0.84,2.01,0.18,0.40,0.35,0.40,0.25,0.40,1.77,0.52,2.45,0.73,0.00,1.62,0.32,2.45,2.36,1.65,1.65,0.73,0.40,0.61,0.31,0.50,1.62,0.40,0.84,2.45,1.62,0.40,1.59,0.61,0.73,0.61,0.25,2.45,1.65,0.00,2.01,0.40,0.61,1.62,1.62,2.01,0.00,0.15,0.40,0.62,0.62,0.73,0.40,2.92,2.92
TRBV06-4_02,1.57,1.57,2.02,1.60,1.53,1.58,1.57,2.02,1.57,0.14,0.25,1.53,0.19,0.15,1.54,1.58,1.60,1.57,1.70,2.02,0.14,1.62,1.44,1.62,0.19,1.65,1.62,1.44,1.62,0.15,1.57,0.14,1.68,2.02,1.58,1.69,1.62,1.69,1.62,1.62,1.54,2.02,0.21,1.57,0.19,1.65,0.00,1.53,0.25,1.60,1.57,1.65,1.57,2.02,1.57,1.65,1.60,1.62,1.53,1.76,1.65,1.69,1.57,1.58,0.23,0.21,0.14,0.15,1.53,0.00,1.69,1.59,0.14,1.54,1.60,1.54,1.53,1.62,1.53,1.54,1.57,1.69,1.57,1.60,1.57,0.25,1.68,2.02,1.62,1.65,0.25,1.70,2.02,1.62,0.19,0.19,1.62,1.57,1.49,1.58,1.58,0.14,1.57,1.62,2.02,0.14,1.57,0.15,1.70,1.62,1.70,1.60,2.02,0.19,1.65,1.53,1.57,1.70,0.14,0.14,1.53,1.65,1.59,1.57,1.69,1.76,1.62,1.57,2.92,2.92
TRBV10-2_02,2.03,2.03,1.86,1.94,0.00,1.98,2.03,1.86,2.03,1.50,1.52,0.00,1.52,1.49,1.91,1.98,1.94,2.03,2.04,1.86,1.50,2.07,1.89,2.10,1.52,2.01,2.07,1.89,2.07,1.49,2.03,1.50,1.98,1.86,1.95,2.02,2.06,2.02,2.10,2.10,1.91,1.86,1.51,2.03,1.52,2.01,1.53,0.00,1.52,1.94,2.03,2.01,2.03,1.86,2.03,2.01,1.94,2.07,0.00,2.01,2.01,2.03,2.03,1.98,1.49,1.51,1.50,1.49,0.00,1.53,2.03,1.94,1.49,1.91,1.94,1.91,0.00,2.06,0.00,1.91,2.03,2.02,2.03,1.94,2.03,1.52,1.98,1.86,2.07,2.01,1.52,2.04,1.86,2.10,1.52,1.52,2.07,2.03,1.96,1.98,1.95,1.50,2.03,2.06,1.86,1.50,2.03,1.49,2.08,2.07,2.08,1.94,1.86,1.52,2.01,0.00,2.03,2.08,1.50,1.50,0.00,2.01,1.94,2.03,2.05,2.01,2.07,2.03,2.92,2.92
TRBV19_02,1.68,1.68,1.98,1.73,1.52,1.69,1.68,1.98,1.68,0.25,0.00,1.52,0.39,0.37,1.66,1.69,1.73,1.68,1.80,1.98,0.25,1.70,1.57,1.53,0.28,1.77,1.70,1.57,1.70,0.37,1.68,0.25,1.75,1.98,1.68,1.78,1.71,1.78,1.53,1.53,1.66,1.98,0.38,1.68,0.39,1.77,0.25,1.52,0.00,1.73,1.68,1.77,1.68,1.98,1.68,1.77,1.73,1.70,1.52,1.83,1.77,1.77,1.68,1.69,0.36,0.38,0.25,0.37,1.52,0.25,1.77,1.71,0.27,1.66,1.73,1.66,1.52,1.71,1.52,1.66,1.68,1.78,1.68,1.73,1.68,0.00,1.75,1.98,1.70,1.77,0.42,1.80,1.98,1.53,0.39,0.39,1.70,1.68,1.58,1.69,1.68,0.25,1.68,1.71,1.98,0.25,1.68,0.37,1.78,1.70,1.78,1.73,1.98,0.39,1.77,1.52,1.68,1.78,0.25,0.25,1.52,1.77,1.71,1.68,1.77,1.83,1.70,1.68,2.92,2.92
TRBV07-9_04,0.56,0.56,2.42,0.00,1.94,0.50,0.56,2.42,0.56,1.58,1.73,1.94,1.59,1.53,0.22,0.50,0.00,0.56,0.45,2.42,1.58,0.88,0.67,2.35,1.68,0.25,0.88,0.67,0.88,1.53,0.56,1.58,0.63,2.42,0.65,0.55,0.99,0.55,2.35,2.35,0.22,2.43,1.58,0.56,1.59,0.25,1.60,1.94,1.73,0.00,0.56,0.25,0.56,2.42,0.56,0.25,0.00,0.88,1.94,0.73,0.25,0.76,0.56,0.50,1.52,1.58,1.58,1.53,1.94,1.60,0.76,0.29,1.58,0.22,0.00,0.22,1.94,0.99,1.94,0.22,0.56,0.55,0.56,0.00,0.56,1.73,0.63,2.42,0.88,0.25,1.56,0.45,2.42,2.35,1.59,1.59,0.88,0.56,0.74,0.50,0.65,1.58,0.56,0.99,2.43,1.58,0.56,1.53,0.79,0.88,0.79,0.00,2.42,1.59,0.25,1.94,0.56,0.79,1.58,1.58,1.94,0.25,0.29,0.56,0.78,0.73,0.88,0.56,2.92,2.92
TRBV29-1_02,0.00,0.00,2.28,0.56,2.03,0.21,0.00,2.28,0.00,1.53,1.68,2.03,1.57,1.53,0.36,0.21,0.56,0.00,0.52,2.28,1.53,0.45,0.39,2.20,1.61,0.40,0.45,0.39,0.45,1.53,0.00,1.53,0.50,2.28,0.26,0.36,0.56,0.36,2.20,2.20,0.36,2.28,1.60,0.00,1.57,0.40,1.57,2.03,1.68,0.56,0.00,0.40,0.00,2.28,0.00,0.40,0.56,0.45,2.03,0.67,0.40,0.47,0.00,0.21,1.55,1.60,1.53,1.53,2.03,1.57,0.47,0.37,1.53,0.36,0.56,0.36,2.03,0.56,2.03,0.36,0.00,0.36,0.00,0.56,0.00,1.68,0.50,2.28,0.45,0.40,1.56,0.52,2.28,2.20,1.57,1.57,0.45,0.00,0.34,0.21,0.26,1.53,0.00,0.56,2.28,1.53,0.00,1.53,0.38,0.45,0.38,0.56,2.28,1.57,0.40,2.03,0.00,0.38,1.53,1.53,2.03,0.40,0.37,0.00,0.46,0.67,0.45,0.00,2.92,2.92
TRBV11-2_02,0.40,0.40,2.45,0.25,2.01,0.31,0.40,2.45,0.40,1.62,1.77,2.01,1.65,1.59,0.18,0.31,0.25,0.40,0.32,2.45,1.62,0.73,0.58,2.36,1.72,0.00,0.73,0.58,0.73,1.59,0.40,1.62,0.52,2.45,0.50,0.35,0.84,0.35,2.36,2.36,0.18,2.45,1.65,0.40,1.65,0.00,1.65,2.01,1.77,0.25,0.40,0.00,0.40,2.45,0.40,0.00,0.25,0.73,2.01,0.62,0.00,0.59,0.40,0.31,1.59,1.65,1.62,1.59,2.01,1.65,0.59,0.15,1.62,0.18,0.25,0.18,2.01,0.84,2.01,0.18,0.40,0.35,0.40,0.25,0.40,1.77,0.52,2.45,0.73,0.00,1.62,0.32,2.45,2.36,1.65,1.65,0.73,0.40,0.61,0.31,0.50,1.62,0.40,0.84,2.45,1.62,0.40,1.59,0.61,0.73,0.61,0.25,2.45,1.65,0.00,2.01,0.40,0.61,1.62,1.62,2.01,0.00,0.15,0.40,0.62,0.62,0.73,0.40,2.92,2.92
TRBV18_01,0.00,0.00,2.27,0.56,2.03,0.21,0.00,2.27,0.00,1.53,1.68,2.03,1.57,1.53,0.36,0.21,0.56,0.00,0.52,2.27,1.53,0.45,0.39,2.19,1.61,0.40,0.45,0.39,0.45,1.53,0.00,1.53,0.50,2.27,0.25,0.36,0.56,0.36,2.19,2.19,0.36,2.27,1.60,0.00,1.57,0.40,1.57,2.03,1.68,0.56,0.00,0.40,0.00,2.27,0.00,0.40,0.56,0.45,2.03,0.67,0.40,0.47,0.00,0.21,1.55,1.60,1.53,1.53,2.03,1.57,0.47,0.37,1.53,0.36,0.56,0.36,2.03,0.56,2.03,0.36,0.00,0.36,0.00,0.56,0.00,1.68,0.50,2.27,0.45,0.40,1.56,0.52,2.27,2.19,1.57,1.57,0.45,0.00,0.34,0.21,0.25,1.53,0.00,0.56,2.27,1.53,0.00,1.53,0.38,0.45,0.38,0.56,2.27,1.57,0.40,2.03,0.00,0.38,1.53,1.53,2.03,0.40,0.37,0.00,0.46,0.67,0.45,0.00,2.92,2.92
TRBV20_OR9-2_01,2.27,2.28,0.00,2.42,1.86,2.31,2.27,0.00,2.28,2.01,1.98,1.86,1.98,1.99,2.34,2.31,2.42,2.27,2.54,0.00,2.01,2.08,2.09,1.76,1.94,2.45,2.08,2.09,2.08,2.06,2.27,2.01,2.20,0.00,2.14,2.30,2.12,2.30,1.76,1.76,2.34,0.00,2.12,2.27,1.98,2.45,2.02,1.86,1.98,2.42,2.28,2.45,2.27,0.00,2.27,2.45,2.42,2.08,1.86,2.24,2.45,2.23,2.27,2.31,2.11,2.12,2.01,2.06,1.86,2.02,2.23,2.37,2.01,2.34,2.42,2.34,1.86,2.12,1.86,2.34,2.27,2.30,2.27,2.42,2.28,1.98,2.20,0.00,2.08,2.45,2.11,2.54,0.00,1.76,1.98,1.98,2.08,2.27,2.07,2.31,2.14,2.01,2.27,2.12,0.00,2.01,2.27,2.06,2.22,2.08,2.22,2.42,0.00,1.98,2.45,1.86,2.28,2.22,2.01,2.01,1.86,2.45,2.37,2.28,2.20,2.24,2.08,2.27,2.92,2.92
TRBV15_01,0.00,0.00,2.27,0.56,2.03,0.21,0.00,2.27,0.00,1.53,1.68,2.03,1.57,1.53,0.36,0.21,0.56,0.00,0.52,2.27,1.53,0.45,0.39,2.19,1.61,0.40,0.45,0.39,0.45,1.53,0.00,1.53,0.50,2.27,0.25,0.36,0.56,0.36,2.19,2.19,0.36,2.27,1.60,0.00,1.57,0.40,1.57,2.03,1.68,0.56,0.00,0.40,0.00,2.27,0.00,0.40,0.56,0.45,2.03,0.67,0.40,0.47,0.00,0.21,1.55,1.60,1.53,1.53,2.03,1.57,0.47,0.37,1.53,0.36,0.56,0.36,2.03,0.56,2.03,0.36,0.00,0.36,0.00,0.56,0.00,1.68,0.50,2.27,0.45,0.40,1.56,0.52,2.27,2.19,1.57,1.57,0.45,0.00,0.33,0.21,0.25,1.53,0.00,0.56,2.27,1.53,0.00,1.53,0.38,0.45,0.38,0.56,2.27,1.57,0.40,2.03,0.00,0.38,1.53,1.53,2.03,0.40,0.37,0.00,0.46,0.67,0.45,0.00,2.92,2.92
TRBV11-3_02,0.40,0.40,2.45,0.25,2.01,0.31,0.40,2.45,0.40,1.62,1.77,2.01,1.65,1.59,0.18,0.31,0.25,0.40,0.32,2.45,1.62,0.73,0.58,2.36,1.72,0.00,0.73,0.58,0.73,1.59,0.40,1.62,0.52,2.45,0.50,0.35,0.84,0.35,2.36,2.36,0.18,2.45,1.65,0.40,1.65,0.00,1.65,2.01,1.77,0.25,0.40,0.00,0.40,2.45,0.40,0.00,0.25,0.73,2.01,0.62,0.00,0.59,0.40,0.31,1.59,1.65,1.62,1.59,2.01,1.65,0.59,0.15,1.62,0.18,0.25,0.18,2.01,0.84,2.01,0.18,0.40,0.35,0.40,0.25,0.40,1.77,0.52,2.45,0.73,0.00,1.62,0.32,2.45,2.36,1.65,1.65,0.73,0.40,0.61,0.31,0.50,1.62,0.40,0.84,2.45,1.62,0.40,1.59,0.61,0.73,0.61,0.25,2.45,1.65,0.00,2.01,0.40,0.61,1.62,1.62,2.01,0.00,0.15,0.40,0.62,0.62,0.73,0.40,2.92,2.92
TRBV07-9_07,0.56,0.56,2.42,0.00,1.94,0.50,0.56,2.42,0.56,1.58,1.73,1.94,1.59,1.53,0.22,0.50,0.00,0.56,0.45,2.42,1.58,0.88,0.67,2.35,1.68,0.25,0.88,0.67,0.88,1.53,0.56,1.58,0.63,2.42,0.65,0.55,0.99,0.55,2.35,2.35,0.22,2.43,1.58,0.56,1.59,0.25,1.60,1.94,1.73,0.00,0.56,0.25,0.56,2.42,0.56,0.25,0.00,0.88,1.94,0.73,0.25,0.76,0.56,0.50,1.52,1.58,1.58,1.53,1.94,1.60,0.76,0.29,1.58,0.22,0.00,0.22,1.94,0.99,1.94,0.22,0.56,0.55,0.56,0.00,0.56,1.73,0.63,2.42,0.88,0.25,1.56,0.45,2.42,2.35,1.59,1.59,0.88,0.56,0.74,0.50,0.65,1.58,0.56,0.99,2.43,1.58,0.56,1.53,0.79,0.88,0.79,0.00,2.42,1.59,0.25,1.94,0.56,0.79,1.58,1.58,1.94,0.25,0.29,0.56,0.78,0.73,0.88,0.56,2.92,2.92
TRBV05-5_03,0.45,0.45,2.08,0.88,2.07,0.46,0.45,2.08,0.45,1.58,1.70,2.07,1.64,1.61,0.71,0.46,0.88,0.45,0.81,2.08,1.58,0.00,0.53,2.16,1.66,0.73,0.00,0.53,0.00,1.61,0.45,1.58,0.45,2.08,0.37,0.53,0.46,0.53,2.16,2.16,0.71,2.08,1.70,0.45,1.64,0.73,1.62,2.07,1.70,0.88,0.45,0.73,0.45,2.08,0.45,0.73,0.88,0.00,2.07,0.78,0.73,0.33,0.45,0.46,1.63,1.70,1.58,1.61,2.07,1.62,0.33,0.67,1.58,0.71,0.88,0.71,2.07,0.46,2.07,0.71,0.45,0.53,0.45,0.88,0.45,1.70,0.45,2.08,0.00,0.73,1.68,0.81,2.08,2.16,1.64,1.64,0.00,0.45,0.26,0.46,0.37,1.58,0.45,0.46,2.08,1.58,0.45,1.61,0.25,0.00,0.25,0.88,2.08,1.64,0.73,2.07,0.45,0.25,1.58,1.58,2.07,0.73,0.67,0.45,0.28,0.78,0.00,0.45,2.92,2.92
TRBV10-2_01,2.03,2.03,1.86,1.94,0.00,1.98,2.03,1.86,2.03,1.50,1.52,0.00,1.52,1.49,1.91,1.98,1.94,2.03,2.04,1.86,1.50,2.07,1.89,2.10,1.52,2.01,2.07,1.89,2.07,1.49,2.03,1.50,1.98,1.86,1.95,2.02,2.06,2.02,2.10,2.10,1.91,1.86,1.51,2.03,1.52,2.01,1.53,0.00,1.52,1.94,2.03,2.01,2.03,1.86,2.03,2.01,1.94,2.07,0.00,2.01,2.01,2.03,2.03,1.98,1.49,1.51,1.50,1.49,0.00,1.53,2.03,1.94,1.49,1.91,1.94,1.91,0.00,2.06,0.00,1.91,2.03,2.02,2.03,1.94,2.03,1.52,1.98,1.86,2.07,2.01,1.52,2.04,1.86,2.10,1.52,1.52,2.07,2.03,1.96,1.98,1.95,1.50,2.03,2.06,1.86,1.50,2.03,1.49,2.08,2.07,2.08,1.94,1.86,1.52,2.01,0.00,2.03,2.08,1.50,1.50,0.00,2.01,1.94,2.03,2.05,2.01,2.07,2.03,2.92,2.92
TRBV03-1_02,0.67,0.67,2.24,0.73,2.01,0.65,0.67,2.24,0.67,1.73,1.83,2.01,1.77,1.73,0.64,0.65,0.73,0.67,0.67,2.24,1.73,0.78,0.79,2.30,1.81,0.62,0.78,0.79,0.78,1.73,0.67,1.73,0.56,2.24,0.65,0.41,0.98,0.41,2.30,2.30,0.64,2.24,1.79,0.67,1.77,0.62,1.76,2.01,1.83,0.73,0.67,0.62,0.67,2.24,0.67,0.62,0.73,0.78,2.01,0.00,0.62,0.72,0.67,0.65,1.73,1.79,1.73,1.73,2.01,1.76,0.72,0.60,1.74,0.64,0.73,0.64,2.01,0.98,2.01,0.64,0.67,0.41,0.67,0.73,0.67,1.83,0.56,2.24,0.78,0.62,1.77,0.67,2.24,2.30,1.77,1.77,0.78,0.67,0.67,0.65,0.65,1.73,0.67,0.98,2.24,1.73,0.67,1.73,0.75,0.78,0.75,0.73,2.24,1.77,0.62,2.01,0.67,0.75,1.73,1.73,2.01,0.62,0.60,0.67,0.74,0.00,0.78,0.67,2.92,2.92
TRBV11-2_03,0.40,0.40,2.45,0.25,2.01,0.31,0.40,2.45,0.40,1.62,1.77,2.01,1.65,1.59,0.18,0.31,0.25,0.40,0.32,2.45,1.62,0.73,0.58,2.36,1.72,0.00,0.73,0.58,0.73,1.59,0.40,1.62,0.52,2.45,0.50,0.35,0.84,0.35,2.36,2.36,0.18,2.45,1.65,0.40,1.65,0.00,1.65,2.01,1.77,0.25,0.40,0.00,0.40,2.45,0.40,0.00,0.25,0.73,2.01,0.62,0.00,0.59,0.40,0.31,1.59,1.65,1.62,1.59,2.01,1.65,0.59,0.15,1.62,0.18,0.25,0.18,2.01,0.84,2.01,0.18,0.40,0.35,0.40,0.25,0.40,1.77,0.52,2.45,0.73,0.00,1.62,0.32,2.45,2.36,1.65,1.65,0.73,0.40,0.61,0.31,0.50,1.62,0.40,0.84,2.45,1.62,0.40,1.59,0.61,0.73,0.61,0.25,2.45,1.65,0.00,2.01,0.40,0.61,1.62,1.62,2.01,0.00,0.15,0.40,0.62,0.62,0.73,0.40,2.92,2.92
TRBV09_01,0.47,0.47,2.23,0.76,2.03,0.35,0.47,2.23,0.47,1.65,1.77,2.03,1.72,1.66,0.62,0.35,0.76,0.47,0.67,2.23,1.65,0.33,0.58,2.24,1.74,0.59,0.33,0.58,0.33,1.66,0.47,1.65,0.28,2.23,0.36,0.41,0.57,0.41,2.24,2.24,0.62,2.23,1.76,0.47,1.72,0.59,1.69,2.03,1.77,0.76,0.47,0.59,0.47,2.23,0.47,0.59,0.76,0.33,2.03,0.72,0.59,0.00,0.47,0.35,1.67,1.76,1.65,1.66,2.03,1.69,0.00,0.56,1.65,0.62,0.76,0.62,2.03,0.57,2.03,0.62,0.47,0.41,0.47,0.76,0.47,1.77,0.28,2.23,0.33,0.59,1.72,0.67,2.23,2.24,1.72,1.72,0.33,0.47,0.42,0.35,0.36,1.65,0.47,0.57,2.23,1.65,0.47,1.66,0.21,0.33,0.20,0.76,2.23,1.72,0.59,2.03,0.47,0.20,1.65,1.65,2.03,0.59,0.56,0.47,0.10,0.72,0.33,0.47,2.92,2.92
TRBV07-7_02,0.00,0.00,2.27,0.56,2.03,0.21,0.00,2.27,0.00,1.53,1.68,2.03,1.57,1.53,0.36,0.21,0.56,0.00,0.52,2.27,1.53,0.45,0.39,2.19,1.61,0.40,0.45,0.39,0.45,1.53,0.00,1.53,0.50,2.27,0.25,0.36,0.56,0.36,2.19,2.19,0.36,2.27,1.60,0.00,1.57,0.40,1.57,2.03,1.68,0.56,0.00,0.40,0.00,2.27,0.00,0.40,0.56,0.45,2.03,0.67,0.40,0.47,0.00,0.21,1.55,1.60,1.53,1.53,2.03,1.57,0.47,0.37,1.53,0.36,0.56,0.36,2.03,0.56,2.03,0.36,0.00,0.36,0.00,0.56,0.00,1.68,0.50,2.27,0.45,0.40,1.56,0.52,2.27,2.19,1.57,1.57,0.45,0.00,0.34,0.21,0.25,1.53,0.00,0.56,2.27,1.53,0.00,1.53,0.38,0.45,0.38,0.56,2.27,1.57,0.40,2.03,0.00,0.38,1.53,1.53,2.03,0.40,0.37,0.00,0.46,0.67,0.45,0.00,2.92,2.92
TRBV12-4_01,0.21,0.21,2.31,0.50,1.98,0.00,0.21,2.31,0.21,1.54,1.69,1.98,1.59,1.53,0.32,0.00,0.50,0.21,0.44,2.31,1.54,0.46,0.43,2.25,1.64,0.31,0.46,0.43,0.46,1.53,0.21,1.54,0.39,2.31,0.27,0.29,0.60,0.29,2.25,2.25,0.32,2.31,1.61,0.21,1.59,0.31,1.58,1.98,1.69,0.50,0.21,0.31,0.21,2.31,0.21,0.31,0.50,0.46,1.98,0.65,0.31,0.35,0.21,0.00,1.55,1.61,1.54,1.53,1.98,1.58,0.35,0.27,1.54,0.32,0.50,0.32,1.98,0.60,1.98,0.32,0.21,0.29,0.21,0.50,0.21,1.69,0.39,2.31,0.46,0.31,1.58,0.44,2.31,2.25,1.59,1.59,0.46,0.21,0.36,0.00,0.27,1.54,0.21,0.60,2.31,1.54,0.21,1.53,0.35,0.46,0.35,0.50,2.31,1.59,0.31,1.98,0.21,0.35,1.54,1.54,1.98,0.31,0.27,0.21,0.37,0.65,0.46,0.21,2.92,2.92
TRBV06-1_01,1.55,1.55,2.11,1.52,1.49,1.55,1.55,2.11,1.55,0.25,0.36,1.49,0.33,0.19,1.48,1.55,1.52,1.55,1.64,2.11,0.25,1.63,1.43,1.62,0.39,1.59,1.63,1.43,1.63,0.19,1.55,0.25,1.64,2.11,1.58,1.66,1.65,1.66,1.62,1.62,1.48,2.11,0.23,1.55,0.33,1.59,0.23,1.49,0.36,1.52,1.55,1.59,1.55,2.11,1.55,1.59,1.52,1.63,1.49,1.73,1.59,1.67,1.55,1.55,0.00,0.23,0.25,0.19,1.49,0.23,1.67,1.54,0.29,1.48,1.52,1.48,1.49,1.65,1.49,1.48,1.55,1.66,1.55,1.52,1.55,0.36,1.64,2.11,1.63,1.59,0.25,1.64,2.11,1.62,0.33,0.33,1.63,1.55,1.49,1.55,1.58,0.25,1.55,1.65,2.11,0.25,1.55,0.19,1.69,1.63,1.69,1.52,2.11,0.33,1.59,1.49,1.55,1.69,0.25,0.25,1.49,1.59,1.54,1.55,1.68,1.73,1.63,1.55,2.92,2.92
TRBV06-3_01,1.60,1.60,2.12,1.58,1.51,1.61,1.60,2.12,1.60,0.30,0.38,1.51,0.22,0.17,1.54,1.61,1.58,1.60,1.69,2.12,0.30,1.70,1.47,1.68,0.31,1.65,1.70,1.47,1.70,0.17,1.60,0.30,1.73,2.12,1.63,1.72,1.68,1.72,1.68,1.68,1.54,2.12,0.00,1.60,0.22,1.65,0.21,1.51,0.38,1.58,1.60,1.65,1.60,2.12,1.60,1.65,1.58,1.70,1.51,1.79,1.65,1.76,1.60,1.61,0.23,0.00,0.30,0.17,1.51,0.21,1.76,1.60,0.28,1.54,1.58,1.54,1.51,1.68,1.51,1.54,1.60,1.72,1.60,1.58,1.60,0.38,1.73,2.12,1.70,1.65,0.12,1.69,2.12,1.68,0.22,0.22,1.70,1.60,1.56,1.61,1.63,0.30,1.60,1.68,2.12,0.30,1.60,0.17,1.76,1.70,1.76,1.58,2.12,0.22,1.65,1.51,1.60,1.76,0.30,0.30,1.51,1.65,1.60,1.60,1.76,1.79,1.70,1.60,2.92,2.92
TRBV04-1_01,1.53,1.53,2.01,1.58,1.50,1.54,1.53,2.01,1.53,0.00,0.25,1.50,0.26,0.23,1.51,1.54,1.58,1.53,1.68,2.01,0.00,1.58,1.40,1.57,0.22,1.62,1.58,1.40,1.58,0.23,1.53,0.00,1.63,2.01,1.54,1.66,1.59,1.66,1.57,1.57,1.51,2.01,0.30,1.53,0.26,1.62,0.14,1.50,0.25,1.58,1.53,1.62,1.53,2.01,1.53,1.62,1.58,1.58,1.50,1.73,1.62,1.65,1.53,1.54,0.25,0.30,0.00,0.23,1.50,0.14,1.65,1.57,0.12,1.51,1.58,1.51,1.50,1.59,1.50,1.51,1.53,1.66,1.53,1.58,1.53,0.25,1.63,2.01,1.58,1.62,0.30,1.68,2.01,1.57,0.26,0.26,1.58,1.53,1.46,1.54,1.54,0.00,1.53,1.59,2.01,0.00,1.53,0.23,1.65,1.58,1.65,1.58,2.01,0.26,1.62,1.50,1.53,1.65,0.00,0.00,1.50,1.62,1.57,1.53,1.65,1.73,1.58,1.53,2.92,2.92
TRBV06-5_01,1.53,1.53,2.06,1.53,1.49,1.53,1.53,2.06,1.53,0.23,0.37,1.49,0.18,0.00,1.48,1.53,1.53,1.53,1.63,2.06,0.23,1.61,1.39,1.67,0.28,1.59,1.61,1.39,1.61,0.00,1.53,0.23,1.65,2.06,1.55,1.65,1.59,1.65,1.67,1.67,1.48,2.06,0.17,1.53,0.18,1.59,0.15,1.49,0.37,1.53,1.53,1.59,1.53,2.06,1.53,1.59,1.53,1.61,1.49,1.73,1.59,1.66,1.53,1.53,0.19,0.17,0.23,0.00,1.49,0.15,1.66,1.53,0.22,1.48,1.53,1.48,1.49,1.59,1.49,1.48,1.53,1.65,1.53,1.53,1.53,0.37,1.65,2.06,1.61,1.59,0.19,1.63,2.06,1.67,0.18,0.18,1.61,1.53,1.47,1.53,1.55,0.23,1.53,1.59,2.06,0.23,1.53,0.00,1.67,1.61,1.67,1.53,2.06,0.18,1.59,1.49,1.53,1.67,0.23,0.23,1.49,1.59,1.53,1.53,1.67,1.73,1.61,1.53,2.92,2.92
TRBV10-1_01,2.03,2.03,1.86,1.94,0.00,1.98,2.03,1.86,2.03,1.50,1.52,0.00,1.52,1.49,1.91,1.98,1.94,2.03,2.04,1.86,1.50,2.07,1.89,2.10,1.52,2.01,2.07,1.89,2.07,1.49,2.03,1.50,1.98,1.86,1.95,2.02,2.06,2.02,2.10,2.10,1.91,1.86,1.51,2.03,1.52,2.01,1.53,0.00,1.52,1.94,2.03,2.01,2.03,1.86,2.03,2.01,1.94,2.07,0.00,2.01,2.01,2.03,2.03,1.98,1.49,1.51,1.50,1.49,0.00,1.53,2.03,1.94,1.49,1.91,1.94,1.91,0.00,2.06,0.00,1.91,2.03,2.02,2.03,1.94,2.03,1.52,1.98,1.86,2.07,2.01,1.52,2.04,1.86,2.10,1.52,1.52,2.07,2.03,1.96,1.98,1.95,1.50,2.03,2.06,1.86,1.50,2.03,1.49,2.08,2.07,2.08,1.94,1.86,1.52,2.01,0.00,2.03,2.08,1.50,1.50,0.00,2.01,1.94,2.03,2.05,2.01,2.07,2.03,2.92,2.92
TRBV06-4_01,1.57,1.57,2.02,1.60,1.53,1.58,1.57,2.02,1.57,0.14,0.25,1.53,0.19,0.15,1.54,1.58,1.60,1.57,1.70,2.02,0.14,1.62,1.44,1.62,0.19,1.65,1.62,1.44,1.62,0.15,1.57,0.14,1.68,2.02,1.58,1.69,1.62,1.69,1.62,1.62,1.54,2.02,0.21,1.57,0.19,1.65,0.00,1.53,0.25,1.60,1.57,1.65,1.57,2.02,1.57,1.65,1.60,1.62,1.53,1.76,1.65,1.69,1.57,1.58,0.23,0.21,0.14,0.15,1.53,0.00,1.69,1.59,0.14,1.54,1.60,1.54,1.53,1.62,1.53,1.54,1.57,1.69,1.57,1.60,1.57,0.25,1.68,2.02,1.62,1.65,0.25,1.70,2.02,1.62,0.19,0.19,1.62,1.57,1.49,1.58,1.58,0.14,1.57,1.62,2.02,0.14,1.57,0.15,1.70,1.62,1.70,1.60,2.02,0.19,1.65,1.53,1.57,1.70,0.14,0.14,1.53,1.65,1.59,1.57,1.69,1.76,1.62,1.57,2.92,2.92
TRBV09_03,0.47,0.47,2.23,0.76,2.03,0.35,0.47,2.23,0.47,1.65,1.77,2.03,1.72,1.66,0.62,0.35,0.76,0.47,0.67,2.23,1.65,0.33,0.58,2.24,1.74,0.59,0.33,0.58,0.33,1.66,0.47,1.65,0.28,2.23,0.36,0.41,0.57,0.41,2.24,2.24,0.62,2.23,1.76,0.47,1.72,0.59,1.69,2.03,1.77,0.76,0.47,0.59,0.47,2.23,0.47,0.59,0.76,0.33,2.03,0.72,0.59,0.00,0.47,0.35,1.67,1.76,1.65,1.66,2.03,1.69,0.00,0.56,1.65,0.62,0.76,0.62,2.03,0.57,2.03,0.62,0.47,0.41,0.47,0.76,0.47,1.77,0.28,2.23,0.33,0.59,1.72,0.67,2.23,2.24,1.72,1.72,0.33,0.47,0.42,0.35,0.36,1.65,0.47,0.57,2.23,1.65,0.47,1.66,0.21,0.33,0.20,0.76,2.23,1.72,0.59,2.03,0.47,0.20,1.65,1.65,2.03,0.59,0.56,0.47,0.10,0.72,0.33,0.47,2.92,2.92
TRBV07-8_01,0.37,0.37,2.37,0.29,1.94,0.27,0.37,2.37,0.37,1.57,1.71,1.94,1.59,1.53,0.16,0.27,0.29,0.37,0.28,2.37,1.57,0.67,0.54,2.33,1.66,0.15,0.67,0.54,0.67,1.53,0.37,1.57,0.50,2.37,0.44,0.31,0.76,0.31,2.33,2.33,0.16,2.37,1.60,0.37,1.59,0.15,1.59,1.94,1.71,0.29,0.37,0.15,0.37,2.37,0.37,0.15,0.29,0.67,1.94,0.60,0.15,0.56,0.37,0.27,1.54,1.60,1.57,1.53,1.94,1.59,0.56,0.00,1.56,0.16,0.29,0.16,1.94,0.76,1.94,0.16,0.37,0.31,0.37,0.29,0.37,1.71,0.50,2.37,0.67,0.15,1.57,0.28,2.37,2.33,1.59,1.59,0.67,0.37,0.53,0.27,0.44,1.57,0.37,0.76,2.37,1.57,0.37,1.53,0.57,0.67,0.57,0.29,2.37,1.59,0.15,1.94,0.37,0.57,1.57,1.57,1.94,0.15,0.00,0.37,0.59,0.60,0.67,0.37,2.92,2.92
TRBV28_01,1.53,1.53,2.01,1.58,1.49,1.54,1.53,2.01,1.53,0.12,0.27,1.49,0.25,0.22,1.51,1.54,1.58,1.53,1.67,2.01,0.12,1.58,1.39,1.64,0.20,1.62,1.58,1.39,1.58,0.22,1.53,0.12,1.63,2.01,1.53,1.66,1.57,1.66,1.64,1.64,1.51,2.01,0.28,1.53,0.25,1.62,0.14,1.49,0.27,1.58,1.53,1.62,1.53,2.01,1.53,1.62,1.58,1.58,1.49,1.74,1.62,1.65,1.53,1.54,0.29,0.28,0.12,0.22,1.49,0.14,1.65,1.56,0.00,1.51,1.58,1.51,1.49,1.57,1.49,1.51,1.53,1.66,1.53,1.58,1.53,0.27,1.63,2.01,1.58,1.62,0.30,1.67,2.01,1.64,0.25,0.25,1.58,1.53,1.46,1.54,1.53,0.12,1.53,1.57,2.01,0.12,1.53,0.22,1.65,1.58,1.65,1.58,2.01,0.25,1.62,1.49,1.53,1.65,0.12,0.12,1.49,1.62,1.56,1.53,1.65,1.74,1.58,1.53,2.92,2.92
TRBV07-3_04,0.36,0.36,2.34,0.22,1.91,0.32,0.36,2.34,0.36,1.51,1.66,1.91,1.53,1.47,0.00,0.32,0.22,0.36,0.41,2.34,1.51,0.71,0.49,2.28,1.60,0.18,0.71,0.49,0.71,1.48,0.36,1.51,0.53,2.34,0.45,0.40,0.82,0.40,2.28,2.28,0.00,2.34,1.54,0.36,1.53,0.18,1.54,1.91,1.66,0.22,0.36,0.18,0.36,2.34,0.36,0.18,0.22,0.71,1.91,0.64,0.18,0.62,0.36,0.32,1.48,1.54,1.51,1.48,1.91,1.54,0.62,0.16,1.51,0.00,0.22,0.00,1.91,0.82,1.91,0.00,0.36,0.40,0.36,0.22,0.36,1.66,0.53,2.34,0.71,0.18,1.51,0.41,2.34,2.28,1.53,1.53,0.71,0.36,0.55,0.32,0.45,1.51,0.36,0.82,2.34,1.51,0.36,1.48,0.62,0.71,0.62,0.22,2.34,1.53,0.18,1.91,0.36,0.62,1.51,1.51,1.91,0.18,0.16,0.36,0.64,0.64,0.71,0.36,2.92,2.92
TRBV07-9_03,0.56,0.56,2.42,0.00,1.94,0.50,0.56,2.42,0.56,1.58,1.73,1.94,1.59,1.53,0.22,0.50,0.00,0.56,0.45,2.42,1.58,0.88,0.67,2.35,1.68,0.25,0.88,0.67,0.88,1.53,0.56,1.58,0.63,2.42,0.65,0.55,0.99,0.55,2.35,2.35,0.22,2.43,1.58,0.56,1.59,0.25,1.60,1.94,1.73,0.00,0.56,0.25,0.56,2.42,0.56,0.25,0.00,0.88,1.94,0.73,0.25,0.76,0.56,0.50,1.52,1.58,1.58,1.53,1.94,1.60,0.76,0.29,1.58,0.22,0.00,0.22,1.94,0.99,1.94,0.22,0.56,0.55,0.56,0.00,0.56,1.73,0.63,2.42,0.88,0.25,1.56,0.45,2.42,2.35,1.59,1.59,0.88,0.56,0.74,0.50,0.65,1.58,0.56,0.99,2.43,1.58,0.56,1.53,0.79,0.88,0.79,0.00,2.42,1.59,0.25,1.94,0.56,0.79,1.58,1.58,1.94,0.25,0.29,0.56,0.78,0.73,0.88,0.56,2.92,2.92
TRBV07-3_03,0.36,0.36,2.34,0.22,1.91,0.32,0.36,2.34,0.36,1.51,1.66,1.91,1.53,1.47,0.00,0.32,0.22,0.36,0.41,2.34,1.51,0.71,0.49,2.28,1.60,0.18,0.71,0.49,0.71,1.48,0.36,1.51,0.53,2.34,0.45,0.40,0.82,0.40,2.28,2.28,0.00,2.34,1.54,0.36,1.53,0.18,1.54,1.91,1.66,0.22,0.36,0.18,0.36,2.34,0.36,0.18,0.22,0.71,1.91,0.64,0.18,0.62,0.36,0.32,1.48,1.54,1.51,1.48,1.91,1.54,0.62,0.16,1.51,0.00,0.22,0.00,1.91,0.82,1.91,0.00,0.36,0.40,0.36,0.22,0.36,1.66,0.53,2.34,0.71,0.18,1.51,0.41,2.34,2.28,1.53,1.53,0.71,0.36,0.55,0.32,0.45,1.51,0.36,0.82,2.34,1.51,0.36,1.48,0.62,0.71,0.62,0.22,2.34,1.53,0.18,1.91,0.36,0.62,1.51,1.51,1.91,0.18,0.16,0.36,0.64,0.64,0.71,0.36,2.92,2.92
TRBV24_OR9-2_01,2.03,2.03,1.86,1.94,0.00,1.98,2.03,1.86,2.03,1.50,1.52,0.00,1.52,1.49,1.91,1.98,1.94,2.03,2.04,1.86,1.50,2.07,1.89,2.10,1.52,2.01,2.07,1.89,2.07,1.49,2.03,1.50,1.98,1.86,1.95,2.02,2.06,2.02,2.10,2.10,1.91,1.86,1.51,2.03,1.52,2.01,1.53,0.00,1.52,1.94,2.03,2.01,2.03,1.86,2.03,2.01,1.94,2.07,0.00,2.01,2.01,2.03,2.03,1.98,1.49,1.51,1.50,1.49,0.00,1.53,2.03,1.94,1.49,1.91,1.94,1.91,0.00,2.06,0.00,1.91,2.03,2.02,2.03,1.94,2.03,1.52,1.98,1.86,2.07,2.01,1.52,2.04,1.86,2.10,1.52,1.52,2.07,2.03,1.96,1.98,1.95,1.50,2.03,2.06,1.86,1.50,2.03,1.49,2.08,2.07,2.08,1.94,1.86,1.52,2.01,0.00,2.03,2.08,1.50,1.50,0.00,2.01,1.94,2.03,2.05,2.01,2.07,2.03,2.92,2.92
TRBV16_01,0.56,0.56,2.12,0.99,2.06,0.60,0.56,2.12,0.56,1.59,1.71,2.06,1.62,1.59,0.82,0.60,0.99,0.56,0.83,2.12,1.59,0.46,0.61,2.20,1.63,0.84,0.46,0.61,0.46,1.59,0.56,1.59,0.77,2.12,0.50,0.66,0.00,0.66,2.20,2.20,0.82,2.12,1.68,0.56,1.62,0.84,1.62,2.06,1.71,0.99,0.56,0.84,0.56,2.12,0.56,0.84,0.99,0.46,2.06,0.98,0.84,0.57,0.56,0.60,1.65,1.68,1.59,1.59,2.06,1.62,0.57,0.76,1.57,0.82,0.99,0.82,2.06,0.00,2.06,0.82,0.56,0.66,0.56,0.99,0.56,1.71,0.77,2.12,0.46,0.84,1.64,0.83,2.12,2.20,1.62,1.62,0.46,0.56,0.52,0.60,0.50,1.59,0.56,0.00,2.12,1.59,0.56,1.59,0.41,0.46,0.41,0.99,2.12,1.62,0.84,2.06,0.56,0.41,1.59,1.59,2.06,0.84,0.76,0.56,0.55,0.98,0.46,0.56,2.92,2.92
TRBV10-1_02,2.03,2.03,1.86,1.94,0.00,1.98,2.03,1.86,2.03,1.50,1.52,0.00,1.52,1.49,1.91,1.98,1.94,2.03,2.04,1.86,1.50,2.07,1.89,2.10,1.52,2.01,2.07,1.89,2.07,1.49,2.03,1.50,1.98,1.86,1.95,2.02,2.06,2.02,2.10,2.10,1.91,1.86,1.51,2.03,1.52,2.01,1.53,0.00,1.52,1.94,2.03,2.01,2.03,1.86,2.03,2.01,1.94,2.07,0.00,2.01,2.01,2.03,2.03,1.98,1.49,1.51,1.50,1.49,0.00,1.53,2.03,1.94,1.49,1.91,1.94,1.91,0.00,2.06,0.00,1.91,2.03,2.02,2.03,1.94,2.03,1.52,1.98,1.86,2.07,2.01,1.52,2.04,1.86,2.10,1.52,1.52,2.07,2.03,1.96,1.98,1.95,1.50,2.03,2.06,1.86,1.50,2.03,1.49,2.08,2.07,2.08,1.94,1.86,1.52,2.01,0.00,2.03,2.08,1.50,1.50,0.00,2.01,1.94,2.03,2.05,2.01,2.07,2.03,2.92,2.92
TRBV07-3_01,0.36,0.36,2.34,0.22,1.91,0.32,0.36,2.34,0.36,1.51,1.66,1.91,1.53,1.47,0.00,0.32,0.22,0.36,0.41,2.34,1.51,0.71,0.49,2.28,1.60,0.18,0.71,0.49,0.71,1.48,0.36,1.51,0.53,2.34,0.45,0.40,0.82,0.40,2.28,2.28,0.00,2.34,1.54,0.36,1.53,0.18,1.54,1.91,1.66,0.22,0.36,0.18,0.36,2.34,0.36,0.18,0.22,0.71,1.91,0.64,0.18,0.62,0.36,0.32,1.48,1.54,1.51,1.48,1.91,1.54,0.62,0.16,1.51,0.00,0.22,0.00,1.91,0.82,1.91,0.00,0.36,0.40,0.36,0.22,0.36,1.66,0.53,2.34,0.71,0.18,1.51,0.41,2.34,2.28,1.53,1.53,0.71,0.36,0.55,0.32,0.45,1.51,0.36,0.82,2.34,1.51,0.36,1.48,0.62,0.71,0.62,0.22,2.34,1.53,0.18,1.91,0.36,0.62,1.51,1.51,1.91,0.18,0.16,0.36,0.64,0.64,0.71,0.36,2.92,2.92
TRBV07-2_01,0.00,0.00,2.27,0.56,2.03,0.21,0.00,2.27,0.00,1.53,1.68,2.03,1.57,1.53,0.36,0.21,0.56,0.00,0.52,2.27,1.53,0.45,0.39,2.20,1.61,0.40,0.45,0.39,0.45,1.53,0.00,1.53,0.50,2.27,0.25,0.36,0.56,0.36,2.20,2.20,0.36,2.28,1.60,0.00,1.57,0.40,1.57,2.03,1.68,0.56,0.00,0.40,0.00,2.27,0.00,0.40,0.56,0.45,2.03,0.67,0.40,0.47,0.00,0.21,1.55,1.60,1.53,1.53,2.03,1.57,0.47,0.37,1.53,0.36,0.56,0.36,2.03,0.56,2.03,0.36,0.00,0.36,0.00,0.56,0.00,1.68,0.50,2.27,0.45,0.40,1.56,0.52,2.27,2.20,1.57,1.57,0.45,0.00,0.34,0.21,0.25,1.53,0.00,0.56,2.28,1.53,0.00,1.53,0.38,0.45,0.38,0.56,2.27,1.57,0.40,2.03,0.00,0.38,1.53,1.53,2.03,0.40,0.37,0.00,0.46,0.67,0.45,0.00,2.92,2.92
TRBV02_03,0.36,0.36,2.30,0.55,2.02,0.29,0.36,2.30,0.36,1.66,1.78,2.02,1.70,1.65,0.40,0.29,0.55,0.36,0.42,2.30,1.66,0.53,0.54,2.32,1.74,0.35,0.53,0.54,0.53,1.65,0.36,1.66,0.36,2.30,0.34,0.00,0.66,0.00,2.32,2.32,0.40,2.30,1.72,0.36,1.70,0.35,1.69,2.02,1.78,0.55,0.36,0.35,0.36,2.30,0.36,0.35,0.55,0.53,2.02,0.41,0.35,0.41,0.36,0.29,1.66,1.72,1.66,1.65,2.02,1.69,0.41,0.31,1.66,0.40,0.55,0.40,2.02,0.66,2.02,0.40,0.36,0.00,0.36,0.55,0.36,1.78,0.36,2.30,0.53,0.35,1.69,0.42,2.30,2.32,1.70,1.70,0.53,0.36,0.45,0.29,0.34,1.66,0.36,0.66,2.30,1.66,0.36,1.65,0.41,0.53,0.41,0.55,2.30,1.70,0.35,2.02,0.36,0.41,1.66,1.66,2.02,0.35,0.31,0.36,0.44,0.41,0.53,0.36,2.92,2.92
TRBV17_02,0.00,0.00,2.27,0.56,2.03,0.21,0.00,2.27,0.00,1.53,1.68,2.03,1.57,1.53,0.36,0.21,0.56,0.00,0.52,2.27,1.53,0.45,0.39,2.19,1.61,0.40,0.45,0.39,0.45,1.53,0.00,1.53,0.50,2.27,0.25,0.36,0.56,0.36,2.19,2.19,0.36,2.27,1.60,0.00,1.57,0.40,1.57,2.03,1.68,0.56,0.00,0.40,0.00,2.27,0.00,0.40,0.56,0.45,2.03,0.67,0.40,0.47,0.00,0.21,1.55,1.60,1.53,1.53,2.03,1.57,0.47,0.37,1.53,0.36,0.56,0.36,2.03,0.56,2.03,0.36,0.00,0.36,0.00,0.56,0.00,1.68,0.50,2.27,0.45,0.40,1.56,0.52,2.27,2.19,1.57,1.57,0.45,0.00,0.34,0.21,0.25,1.53,0.00,0.56,2.27,1.53,0.00,1.53,0.38,0.45,0.38,0.56,2.27,1.57,0.40,2.03,0.00,0.38,1.53,1.53,2.03,0.40,0.37,0.00,0.46,0.67,0.45,0.00,2.92,2.92
TRBV07-9_06,0.56,0.56,2.42,0.00,1.94,0.50,0.56,2.42,0.56,1.58,1.73,1.94,1.59,1.53,0.22,0.50,0.00,0.56,0.45,2.42,1.58,0.88,0.67,2.35,1.68,0.25,0.88,0.67,0.88,1.53,0.56,1.58,0.63,2.42,0.65,0.55,0.99,0.55,2.35,2.35,0.22,2.43,1.58,0.56,1.59,0.25,1.60,1.94,1.73,0.00,0.56,0.25,0.56,2.42,0.56,0.25,0.00,0.88,1.94,0.73,0.25,0.76,0.56,0.50,1.52,1.58,1.58,1.53,1.94,1.60,0.76,0.29,1.58,0.22,0.00,0.22,1.94,0.99,1.94,0.22,0.56,0.55,0.56,0.00,0.56,1.73,0.63,2.42,0.88,0.25,1.56,0.45,2.42,2.35,1.59,1.59,0.88,0.56,0.74,0.50,0.65,1.58,0.56,0.99,2.43,1.58,0.56,1.53,0.79,0.88,0.79,0.00,2.42,1.59,0.25,1.94,0.56,0.79,1.58,1.58,1.94,0.25,0.29,0.56,0.78,0.73,0.88,0.56,2.92,2.92
TRBV15_02,0.00,0.00,2.28,0.56,2.03,0.21,0.00,2.28,0.00,1.53,1.68,2.03,1.57,1.53,0.36,0.21,0.56,0.00,0.52,2.28,1.53,0.45,0.39,2.20,1.61,0.40,0.45,0.39,0.45,1.53,0.00,1.53,0.50,2.28,0.26,0.36,0.56,0.36,2.20,2.20,0.36,2.28,1.60,0.00,1.57,0.40,1.57,2.03,1.68,0.56,0.00,0.40,0.00,2.28,0.00,0.40,0.56,0.45,2.03,0.67,0.40,0.47,0.00,0.21,1.55,1.60,1.53,1.53,2.03,1.57,0.47,0.37,1.53,0.36,0.56,0.36,2.03,0.56,2.03,0.36,0.00,0.36,0.00,0.56,0.00,1.68,0.50,2.28,0.45,0.40,1.56,0.52,2.28,2.20,1.57,1.57,0.45,0.00,0.34,0.21,0.26,1.53,0.00,0.56,2.28,1.53,0.00,1.53,0.38,0.45,0.38,0.56,2.28,1.57,0.40,2.03,0.00,0.38,1.53,1.53,2.03,0.40,0.37,0.00,0.46,0.67,0.45,0.00,2.92,2.92
TRBV19_03,1.68,1.68,1.98,1.73,1.52,1.69,1.68,1.98,1.68,0.25,0.00,1.52,0.39,0.37,1.66,1.69,1.73,1.68,1.80,1.98,0.25,1.70,1.57,1.53,0.28,1.77,1.70,1.57,1.70,0.37,1.68,0.25,1.75,1.98,1.68,1.78,1.71,1.78,1.53,1.53,1.66,1.98,0.38,1.68,0.39,1.77,0.25,1.52,0.00,1.73,1.68,1.77,1.68,1.98,1.68,1.77,1.73,1.70,1.52,1.83,1.77,1.77,1.68,1.69,0.36,0.38,0.25,0.37,1.52,0.25,1.77,1.71,0.27,1.66,1.73,1.66,1.52,1.71,1.52,1.66,1.68,1.78,1.68,1.73,1.68,0.00,1.75,1.98,1.70,1.77,0.42,1.80,1.98,1.53,0.39,0.39,1.70,1.68,1.58,1.69,1.68,0.25,1.68,1.71,1.98,0.25,1.68,0.37,1.78,1.70,1.78,1.73,1.98,0.39,1.77,1.52,1.68,1.78,0.25,0.25,1.52,1.77,1.71,1.68,1.77,1.83,1.70,1.68,2.92,2.92
TRBV05-3_01,0.50,0.50,2.20,0.63,1.98,0.39,0.50,2.20,0.50,1.63,1.75,1.98,1.70,1.65,0.53,0.39,0.63,0.50,0.66,2.20,1.63,0.45,0.59,2.24,1.73,0.52,0.45,0.59,0.45,1.65,0.50,1.63,0.00,2.20,0.40,0.36,0.77,0.36,2.24,2.24,0.53,2.20,1.73,0.50,1.70,0.52,1.68,1.98,1.75,0.63,0.50,0.52,0.50,2.20,0.50,0.52,0.63,0.45,1.98,0.56,0.52,0.28,0.50,0.39,1.64,1.73,1.63,1.65,1.98,1.68,0.28,0.50,1.63,0.53,0.63,0.53,1.98,0.77,1.98,0.53,0.50,0.36,0.50,0.63,0.50,1.75,0.00,2.20,0.45,0.52,1.70,0.66,2.20,2.24,1.70,1.70,0.45,0.50,0.47,0.39,0.40,1.63,0.50,0.77,2.20,1.63,0.50,1.65,0.41,0.45,0.41,0.63,2.20,1.70,0.52,1.98,0.50,0.41,1.63,1.63,1.98,0.52,0.50,0.50,0.29,0.56,0.45,0.50,2.92,2.92
TRBV20-1_02,2.27,2.28,0.00,2.42,1.86,2.31,2.27,0.00,2.28,2.01,1.98,1.86,1.98,1.99,2.34,2.31,2.42,2.27,2.54,0.00,2.01,2.08,2.09,1.76,1.94,2.45,2.08,2.09,2.08,2.06,2.27,2.01,2.20,0.00,2.14,2.30,2.12,2.30,1.76,1.76,2.34,0.00,2.12,2.27,1.98,2.45,2.02,1.86,1.98,2.42,2.28,2.45,2.27,0.00,2.27,2.45,2.42,2.08,1.86,2.24,2.45,2.23,2.27,2.31,2.11,2.12,2.01,2.06,1.86,2.02,2.23,2.37,2.01,2.34,2.42,2.34,1.86,2.12,1.86,2.34,2.27,2.30,2.27,2.42,2.28,1.98,2.20,0.00,2.08,2.45,2.11,2.54,0.00,1.76,1.98,1.98,2.08,2.27,2.07,2.31,2.14,2.01,2.27,2.12,0.00,2.01,2.27,2.06,2.22,2.08,2.22,2.42,0.00,1.98,2.45,1.86,2.28,2.22,2.01,2.01,1.86,2.45,2.37,2.28,2.20,2.24,2.08,2.27,2.92,2.92
TRBV05-5_01,0.45,0.45,2.08,0.88,2.07,0.46,0.45,2.08,0.45,1.58,1.70,2.07,1.64,1.61,0.71,0.46,0.88,0.45,0.81,2.08,1.58,0.00,0.53,2.16,1.66,0.73,0.00,0.53,0.00,1.61,0.45,1.58,0.45,2.08,0.37,0.53,0.46,0.53,2.16,2.16,0.71,2.08,1.70,0.45,1.64,0.73,1.62,2.07,1.70,0.88,0.45,0.73,0.45,2.08,0.45,0.73,0.88,0.00,2.07,0.78,0.73,0.33,0.45,0.46,1.63,1.70,1.58,1.61,2.07,1.62,0.33,0.67,1.58,0.71,0.88,0.71,2.07,0.46,2.07,0.71,0.45,0.53,0.45,0.88,0.45,1.70,0.45,2.08,0.00,0.73,1.68,0.81,2.08,2.16,1.64,1.64,0.00,0.45,0.26,0.46,0.37,1.58,0.45,0.46,2.08,1.58,0.45,1.61,0.25,0.00,0.25,0.88,2.08,1.64,0.73,2.07,0.45,0.25,1.58,1.58,2.07,0.73,0.67,0.45,0.28,0.78,0.00,0.45,2.92,2.92
TRBV11-1_01,0.40,0.40,2.45,0.25,2.01,0.31,0.40,2.45,0.40,1.62,1.77,2.01,1.65,1.59,0.18,0.31,0.25,0.40,0.32,2.45,1.62,0.73,0.58,2.36,1.72,0.00,0.73,0.58,0.73,1.59,0.40,1.62,0.52,2.45,0.50,0.35,0.84,0.35,2.36,2.36,0.18,2.45,1.65,0.40,1.65,0.00,1.65,2.01,1.77,0.25,0.40,0.00,0.40,2.45,0.40,0.00,0.25,0.73,2.01,0.62,0.00,0.59,0.40,0.31,1.59,1.65,1.62,1.59,2.01,1.65,0.59,0.15,1.62,0.18,0.25,0.18,2.01,0.84,2.01,0.18,0.40,0.35,0.40,0.25,0.40,1.77,0.52,2.45,0.73,0.00,1.62,0.32,2.45,2.36,1.65,1.65,0.73,0.40,0.61,0.31,0.50,1.62,0.40,0.84,2.45,1.62,0.40,1.59,0.61,0.73,0.61,0.25,2.45,1.65,0.00,2.01,0.40,0.61,1.62,1.62,2.01,0.00,0.15,0.40,0.62,0.62,0.73,0.40,2.92,2.92
TRBV27_01,1.56,1.56,2.11,1.56,1.52,1.58,1.56,2.11,1.56,0.30,0.42,1.52,0.21,0.19,1.51,1.58,1.56,1.56,1.67,2.11,0.30,1.68,1.43,1.62,0.31,1.62,1.68,1.43,1.68,0.19,1.56,0.30,1.70,2.11,1.59,1.69,1.64,1.69,1.62,1.62,1.51,2.11,0.12,1.56,0.21,1.62,0.25,1.52,0.42,1.56,1.56,1.62,1.56,2.11,1.56,1.62,1.56,1.68,1.52,1.77,1.62,1.72,1.56,1.58,0.25,0.12,0.30,0.19,1.52,0.25,1.72,1.57,0.30,1.51,1.56,1.51,1.52,1.64,1.52,1.51,1.56,1.69,1.56,1.56,1.56,0.42,1.70,2.11,1.68,1.62,0.00,1.67,2.11,1.62,0.21,0.21,1.68,1.56,1.53,1.58,1.59,0.30,1.56,1.64,2.11,0.30,1.56,0.19,1.72,1.68,1.72,1.56,2.11,0.21,1.62,1.52,1.56,1.72,0.30,0.30,1.52,1.62,1.57,1.56,1.73,1.77,1.68,1.56,2.92,2.92
TRBV14_02,0.52,0.52,2.54,0.45,2.04,0.44,0.52,2.54,0.52,1.68,1.80,2.04,1.71,1.63,0.41,0.44,0.45,0.52,0.00,2.54,1.68,0.81,0.76,2.41,1.77,0.32,0.81,0.76,0.81,1.63,0.52,1.68,0.66,2.54,0.64,0.42,0.83,0.42,2.41,2.41,0.41,2.54,1.69,0.52,1.71,0.32,1.70,2.04,1.80,0.45,0.52,0.32,0.52,2.54,0.52,0.32,0.45,0.81,2.04,0.67,0.32,0.67,0.52,0.44,1.64,1.69,1.68,1.63,2.04,1.70,0.67,0.28,1.67,0.41,0.45,0.41,2.04,0.83,2.04,0.41,0.52,0.42,0.52,0.45,0.52,1.80,0.66,2.54,0.81,0.32,1.67,0.00,2.54,2.41,1.71,1.71,0.81,0.52,0.68,0.44,0.64,1.68,0.52,0.83,2.54,1.68,0.52,1.63,0.67,0.81,0.67,0.45,2.54,1.71,0.32,2.04,0.52,0.67,1.68,1.68,2.04,0.32,0.28,0.52,0.72,0.67,0.81,0.52,2.92,2.92
TRBV20-1_04,2.27,2.28,0.00,2.42,1.86,2.31,2.27,0.00,2.28,2.01,1.98,1.86,1.98,1.99,2.34,2.31,2.42,2.27,2.54,0.00,2.01,2.08,2.09,1.76,1.94,2.45,2.08,2.09,2.08,2.06,2.27,2.01,2.20,0.00,2.14,2.30,2.12,2.30,1.76,1.76,2.34,0.00,2.12,2.27,1.98,2.45,2.02,1.86,1.98,2.42,2.28,2.45,2.27,0.00,2.27,2.45,2.42,2.08,1.86,2.24,2.45,2.23,2.27,2.31,2.11,2.12,2.01,2.06,1.86,2.02,2.23,2.37,2.01,2.34,2.42,2.34,1.86,2.12,1.86,2.34,2.27,2.30,2.27,2.42,2.28,1.98,2.20,0.00,2.08,2.45,2.11,2.54,0.00,1.76,1.98,1.98,2.08,2.27,2.07,2.31,2.14,2.01,2.27,2.12,0.00,2.01,2.27,2.06,2.22,2.08,2.22,2.42,0.00,1.98,2.45,1.86,2.28,2.22,2.01,2.01,1.86,2.45,2.37,2.28,2.20,2.24,2.08,2.27,2.92,2.92
TRBV30_01,2.20,2.20,1.76,2.35,2.10,2.25,2.19,1.76,2.20,1.57,1.53,2.10,1.64,1.82,2.28,2.25,2.35,2.19,2.41,1.76,1.57,2.16,2.13,0.00,1.60,2.36,2.16,2.13,2.16,1.67,2.19,1.57,2.24,1.76,2.20,2.32,2.20,2.32,0.00,0.00,2.28,1.76,1.68,2.20,1.64,2.36,1.62,2.10,1.53,2.35,2.20,2.36,2.19,1.76,2.19,2.36,2.35,2.16,2.10,2.30,2.36,2.24,2.19,2.25,1.62,1.68,1.57,1.67,2.10,1.62,2.24,2.33,1.64,2.28,2.35,2.28,2.10,2.20,2.10,2.28,2.20,2.32,2.19,2.35,2.20,1.53,2.24,1.76,2.16,2.36,1.62,2.41,1.76,0.00,1.64,1.64,2.16,2.19,2.11,2.25,2.20,1.57,2.20,2.20,1.76,1.57,2.19,1.67,2.25,2.16,2.25,2.35,1.76,1.64,2.36,2.10,2.20,2.25,1.57,1.57,2.10,2.36,2.33,2.20,2.24,2.30,2.16,2.19,2.92,2.92
TRBV06-6_02,1.57,1.57,1.98,1.59,1.52,1.59,1.57,1.98,1.57,0.26,0.39,1.52,0.00,0.18,1.53,1.59,1.59,1.57,1.71,1.98,0.26,1.64,1.41,1.64,0.19,1.65,1.64,1.41,1.64,0.18,1.57,0.26,1.70,1.98,1.58,1.70,1.62,1.70,1.64,1.64,1.53,1.98,0.22,1.57,0.00,1.65,0.19,1.52,0.39,1.59,1.57,1.65,1.57,1.98,1.57,1.65,1.59,1.64,1.52,1.77,1.65,1.72,1.57,1.59,0.33,0.22,0.26,0.18,1.52,0.19,1.72,1.59,0.25,1.53,1.59,1.53,1.52,1.62,1.52,1.53,1.57,1.70,1.57,1.59,1.57,0.39,1.70,1.98,1.64,1.65,0.21,1.71,1.98,1.64,0.00,0.00,1.64,1.57,1.50,1.59,1.58,0.26,1.57,1.62,1.98,0.26,1.57,0.18,1.71,1.64,1.71,1.59,1.98,0.00,1.65,1.52,1.57,1.71,0.26,0.26,1.52,1.65,1.59,1.57,1.71,1.77,1.64,1.57,2.92,2.92
TRBV06-6_03,1.57,1.57,1.98,1.59,1.52,1.59,1.57,1.98,1.57,0.26,0.39,1.52,0.00,0.18,1.53,1.59,1.59,1.57,1.71,1.98,0.26,1.64,1.41,1.64,0.19,1.65,1.64,1.41,1.64,0.18,1.57,0.26,1.70,1.98,1.58,1.70,1.62,1.70,1.64,1.64,1.53,1.98,0.22,1.57,0.00,1.65,0.19,1.52,0.39,1.59,1.57,1.65,1.57,1.98,1.57,1.65,1.59,1.64,1.52,1.77,1.65,1.72,1.57,1.59,0.33,0.22,0.26,0.18,1.52,0.19,1.72,1.59,0.25,1.53,1.59,1.53,1.52,1.62,1.52,1.53,1.57,1.70,1.57,1.59,1.57,0.39,1.70,1.98,1.64,1.65,0.21,1.71,1.98,1.64,0.00,0.00,1.64,1.57,1.50,1.59,1.58,0.26,1.57,1.62,1.98,0.26,1.57,0.18,1.71,1.64,1.71,1.59,1.98,0.00,1.65,1.52,1.57,1.71,0.26,0.26,1.52,1.65,1.59,1.57,1.71,1.77,1.64,1.57,2.92,2.92
TRBV05-7_01,0.45,0.45,2.08,0.88,2.07,0.46,0.45,2.08,0.45,1.58,1.70,2.07,1.64,1.61,0.71,0.46,0.88,0.45,0.81,2.08,1.58,0.00,0.53,2.16,1.66,0.73,0.00,0.53,0.00,1.61,0.45,1.58,0.45,2.08,0.37,0.53,0.46,0.53,2.16,2.16,0.71,2.08,1.70,0.45,1.64,0.73,1.62,2.07,1.70,0.88,0.45,0.73,0.45,2.08,0.45,0.73,0.88,0.00,2.07,0.78,0.73,0.33,0.45,0.46,1.63,1.70,1.58,1.61,2.07,1.62,0.33,0.67,1.58,0.71,0.88,0.71,2.07,0.46,2.07,0.71,0.45,0.53,0.45,0.88,0.45,1.70,0.45,2.08,0.00,0.73,1.68,0.81,2.08,2.16,1.64,1.64,0.00,0.45,0.26,0.46,0.37,1.58,0.45,0.46,2.08,1.58,0.45,1.61,0.25,0.00,0.25,0.88,2.08,1.64,0.73,2.07,0.45,0.25,1.58,1.58,2.07,0.73,0.67,0.45,0.28,0.78,0.00,0.45,2.92,2.92
TRBV07-6_01,0.00,0.00,2.27,0.56,2.03,0.21,0.00,2.27,0.00,1.53,1.68,2.03,1.57,1.53,0.36,0.21,0.56,0.00,0.52,2.27,1.53,0.45,0.39,2.19,1.61,0.40,0.45,0.39,0.45,1.53,0.00,1.53,0.50,2.27,0.25,0.36,0.56,0.36,2.19,2.19,0.36,2.27,1.60,0.00,1.57,0.40,1.57,2.03,1.68,0.56,0.00,0.40,0.00,2.27,0.00,0.40,0.56,0.45,2.03,0.67,0.40,0.47,0.00,0.21,1.55,1.60,1.53,1.53,2.03,1.57,0.47,0.37,1.53,0.36,0.56,0.36,2.03,0.56,2.03,0.36,0.00,0.36,0.00,0.56,0.00,1.68,0.50,2.27,0.45,0.40,1.56,0.52,2.27,2.19,1.57,1.57,0.45,0.00,0.34,0.21,0.25,1.53,0.00,0.56,2.27,1.53,0.00,1.53,0.38,0.45,0.38,0.56,2.27,1.57,0.40,2.03,0.00,0.38,1.53,1.53,2.03,0.40,0.37,0.00,0.46,0.67,0.45,0.00,2.92,2.92
TRBV05-6_01,0.34,0.34,2.07,0.74,1.96,0.36,0.34,2.07,0.34,1.46,1.58,1.96,1.50,1.47,0.55,0.36,0.74,0.34,0.68,2.07,1.46,0.26,0.47,2.11,1.53,0.61,0.26,0.47,0.26,1.47,0.34,1.46,0.47,2.07,0.32,0.45,0.52,0.45,2.11,2.11,0.55,2.07,1.56,0.34,1.50,0.61,1.49,1.96,1.58,0.74,0.34,0.61,0.34,2.07,0.33,0.61,0.74,0.26,1.96,0.67,0.61,0.42,0.34,0.36,1.49,1.56,1.46,1.47,1.96,1.49,0.42,0.53,1.46,0.55,0.74,0.55,1.96,0.52,1.96,0.55,0.34,0.45,0.34,0.74,0.34,1.58,0.47,2.07,0.26,0.61,1.53,0.68,2.07,2.11,1.50,1.50,0.26,0.34,0.00,0.36,0.32,1.46,0.34,0.52,2.07,1.46,0.34,1.47,0.37,0.26,0.37,0.74,2.07,1.50,0.61,1.96,0.34,0.37,1.46,1.46,1.96,0.61,0.53,0.34,0.41,0.67,0.26,0.34,2.92,2.92
TRBV12-5_01,0.21,0.21,2.31,0.50,1.98,0.00,0.21,2.31,0.21,1.54,1.69,1.98,1.59,1.53,0.32,0.00,0.50,0.21,0.44,2.31,1.54,0.46,0.43,2.25,1.64,0.31,0.46,0.43,0.46,1.53,0.21,1.54,0.39,2.31,0.27,0.29,0.60,0.29,2.25,2.25,0.32,2.31,1.61,0.21,1.59,0.31,1.58,1.98,1.69,0.50,0.21,0.31,0.21,2.31,0.21,0.31,0.50,0.46,1.98,0.65,0.31,0.35,0.21,0.00,1.55,1.61,1.54,1.53,1.98,1.58,0.35,0.27,1.54,0.32,0.50,0.32,1.98,0.60,1.98,0.32,0.21,0.29,0.21,0.50,0.21,1.69,0.39,2.31,0.46,0.31,1.58,0.44,2.31,2.25,1.59,1.59,0.46,0.21,0.36,0.00,0.27,1.54,0.21,0.60,2.31,1.54,0.21,1.53,0.35,0.46,0.35,0.50,2.31,1.59,0.31,1.98,0.21,0.35,1.54,1.54,1.98,0.31,0.27,0.21,0.37,0.65,0.46,0.21,2.92,2.92
TRBV13_02,0.25,0.26,2.14,0.65,1.95,0.27,0.25,2.14,0.26,1.54,1.68,1.95,1.58,1.55,0.45,0.27,0.65,0.25,0.64,2.14,1.54,0.37,0.33,2.20,1.61,0.50,0.37,0.33,0.37,1.55,0.25,1.54,0.40,2.14,0.00,0.34,0.50,0.34,2.20,2.20,0.45,2.14,1.63,0.25,1.58,0.50,1.58,1.95,1.68,0.65,0.26,0.50,0.25,2.14,0.25,0.50,0.65,0.37,1.95,0.65,0.50,0.36,0.25,0.27,1.58,1.63,1.54,1.55,1.95,1.58,0.36,0.44,1.53,0.45,0.65,0.45,1.95,0.50,1.95,0.45,0.25,0.34,0.25,0.65,0.26,1.68,0.40,2.14,0.37,0.50,1.59,0.64,2.14,2.20,1.58,1.58,0.37,0.25,0.32,0.27,0.00,1.54,0.25,0.50,2.14,1.54,0.25,1.55,0.29,0.37,0.29,0.65,2.14,1.58,0.50,1.95,0.26,0.29,1.54,1.54,1.95,0.50,0.44,0.26,0.33,0.65,0.37,0.25,2.92,2.92
TRBV04-3_03,1.53,1.53,2.01,1.58,1.50,1.54,1.53,2.01,1.53,0.00,0.25,1.50,0.26,0.23,1.51,1.54,1.58,1.53,1.68,2.01,0.00,1.58,1.40,1.57,0.22,1.62,1.58,1.40,1.58,0.23,1.53,0.00,1.63,2.01,1.54,1.66,1.59,1.66,1.57,1.57,1.51,2.01,0.30,1.53,0.26,1.62,0.14,1.50,0.25,1.58,1.53,1.62,1.53,2.01,1.53,1.62,1.58,1.58,1.50,1.73,1.62,1.65,1.53,1.54,0.25,0.30,0.00,0.23,1.50,0.14,1.65,1.57,0.12,1.51,1.58,1.51,1.50,1.59,1.50,1.51,1.53,1.66,1.53,1.58,1.53,0.25,1.63,2.01,1.58,1.62,0.30,1.68,2.01,1.57,0.26,0.26,1.58,1.53,1.46,1.54,1.54,0.00,1.53,1.59,2.01,0.00,1.53,0.23,1.65,1.58,1.65,1.58,2.01,0.26,1.62,1.50,1.53,1.65,0.00,0.00,1.50,1.62,1.57,1.53,1.65,1.73,1.58,1.53,2.92,2.92
TRBV07-2_02,0.00,0.00,2.27,0.56,2.03,0.21,0.00,2.27,0.00,1.53,1.68,2.03,1.57,1.53,0.36,0.21,0.56,0.00,0.52,2.27,1.53,0.45,0.39,2.20,1.61,0.40,0.45,0.39,0.45,1.53,0.00,1.53,0.50,2.27,0.25,0.36,0.56,0.36,2.20,2.20,0.36,2.28,1.60,0.00,1.57,0.40,1.57,2.03,1.68,0.56,0.00,0.40,0.00,2.27,0.00,0.40,0.56,0.45,2.03,0.67,0.40,0.47,0.00,0.21,1.55,1.60,1.53,1.53,2.03,1.57,0.47,0.37,1.53,0.36,0.56,0.36,2.03,0.56,2.03,0.36,0.00,0.36,0.00,0.56,0.00,1.68,0.50,2.27,0.45,0.40,1.56,0.52,2.27,2.20,1.57,1.57,0.45,0.00,0.34,0.21,0.25,1.53,0.00,0.56,2.28,1.53,0.00,1.53,0.38,0.45,0.38,0.56,2.27,1.57,0.40,2.03,0.00,0.38,1.53,1.53,2.03,0.40,0.37,0.00,0.46,0.67,0.45,0.00,2.92,2.92
TRBV23-1_01,0.56,0.56,2.12,0.99,2.06,0.60,0.56,2.12,0.56,1.59,1.71,2.06,1.62,1.59,0.82,0.60,0.99,0.56,0.83,2.12,1.59,0.46,0.61,2.20,1.63,0.84,0.46,0.61,0.46,1.59,0.56,1.59,0.77,2.12,0.50,0.66,0.00,0.66,2.20,2.20,0.82,2.12,1.68,0.56,1.62,0.84,1.62,2.06,1.71,0.99,0.56,0.84,0.56,2.12,0.56,0.84,0.99,0.46,2.06,0.98,0.84,0.57,0.56,0.60,1.65,1.68,1.59,1.59,2.06,1.62,0.57,0.76,1.57,0.82,0.99,0.82,2.06,0.00,2.06,0.82,0.56,0.66,0.56,0.99,0.56,1.71,0.77,2.12,0.46,0.84,1.64,0.83,2.12,2.20,1.62,1.62,0.46,0.56,0.52,0.60,0.50,1.59,0.56,0.00,2.12,1.59,0.56,1.59,0.41,0.46,0.41,0.99,2.12,1.62,0.84,2.06,0.56,0.41,1.59,1.59,2.06,0.84,0.76,0.56,0.55,0.98,0.46,0.56,2.92,2.92
TRBV20_OR9-2_03,2.28,2.28,0.00,2.43,1.86,2.31,2.27,0.00,2.28,2.01,1.98,1.86,1.98,1.99,2.34,2.31,2.43,2.27,2.54,0.00,2.01,2.08,2.09,1.76,1.94,2.45,2.08,2.09,2.08,2.06,2.27,2.01,2.20,0.00,2.14,2.30,2.12,2.30,1.76,1.76,2.34,0.00,2.12,2.28,1.98,2.45,2.02,1.86,1.98,2.43,2.28,2.45,2.27,0.00,2.27,2.45,2.43,2.08,1.86,2.24,2.45,2.23,2.27,2.31,2.11,2.12,2.01,2.06,1.86,2.02,2.23,2.37,2.01,2.34,2.43,2.34,1.86,2.12,1.86,2.34,2.28,2.30,2.27,2.43,2.28,1.98,2.20,0.00,2.08,2.45,2.11,2.54,0.00,1.76,1.98,1.98,2.08,2.27,2.07,2.31,2.14,2.01,2.28,2.12,0.00,2.01,2.27,2.06,2.22,2.08,2.22,2.43,0.00,1.98,2.45,1.86,2.28,2.22,2.01,2.01,1.86,2.45,2.37,2.28,2.20,2.24,2.08,2.27,2.92,2.92
TRBV04-2_02,1.53,1.53,2.01,1.58,1.50,1.54,1.53,2.01,1.53,0.00,0.25,1.50,0.26,0.23,1.51,1.54,1.58,1.53,1.68,2.01,0.00,1.58,1.40,1.57,0.22,1.62,1.58,1.40,1.58,0.23,1.53,0.00,1.63,2.01,1.54,1.66,1.59,1.66,1.57,1.57,1.51,2.01,0.30,1.53,0.26,1.62,0.14,1.50,0.25,1.58,1.53,1.62,1.53,2.01,1.53,1.62,1.58,1.58,1.50,1.73,1.62,1.65,1.53,1.54,0.25,0.30,0.00,0.23,1.50,0.14,1.65,1.57,0.12,1.51,1.58,1.51,1.50,1.59,1.50,1.51,1.53,1.66,1.53,1.58,1.53,0.25,1.63,2.01,1.58,1.62,0.30,1.68,2.01,1.57,0.26,0.26,1.58,1.53,1.46,1.54,1.54,0.00,1.53,1.59,2.01,0.00,1.53,0.23,1.65,1.58,1.65,1.58,2.01,0.26,1.62,1.50,1.53,1.65,0.00,0.00,1.50,1.62,1.57,1.53,1.65,1.73,1.58,1.53,2.92,2.92
TRBV07-4_01,0.00,0.00,2.27,0.56,2.03,0.21,0.00,2.27,0.00,1.53,1.68,2.03,1.57,1.53,0.36,0.21,0.56,0.00,0.52,2.27,1.53,0.45,0.39,2.19,1.61,0.40,0.45,0.39,0.45,1.53,0.00,1.53,0.50,2.27,0.25,0.36,0.56,0.36,2.19,2.19,0.36,2.27,1.60,0.00,1.57,0.40,1.57,2.03,1.68,0.56,0.00,0.40,0.00,2.27,0.00,0.40,0.56,0.45,2.03,0.67,0.40,0.47,0.00,0.21,1.55,1.60,1.53,1.53,2.03,1.57,0.47,0.37,1.53,0.36,0.56,0.36,2.03,0.56,2.03,0.36,0.00,0.36,0.00,0.56,0.00,1.68,0.50,2.27,0.45,0.40,1.56,0.52,2.27,2.19,1.57,1.57,0.45,0.00,0.34,0.21,0.25,1.53,0.00,0.56,2.27,1.53,0.00,1.53,0.38,0.45,0.38,0.56,2.27,1.57,0.40,2.03,0.00,0.38,1.53,1.53,2.03,0.40,0.37,0.00,0.46,0.67,0.45,0.00,2.92,2.92
TRBV06-9_01,1.53,1.53,2.06,1.53,1.49,1.53,1.53,2.06,1.53,0.23,0.37,1.49,0.18,0.00,1.48,1.53,1.53,1.53,1.63,2.06,0.23,1.61,1.39,1.67,0.28,1.59,1.61,1.39,1.61,0.00,1.53,0.23,1.65,2.06,1.55,1.65,1.59,1.65,1.67,1.67,1.48,2.06,0.17,1.53,0.18,1.59,0.15,1.49,0.37,1.53,1.53,1.59,1.53,2.06,1.53,1.59,1.53,1.61,1.49,1.73,1.59,1.66,1.53,1.53,0.19,0.17,0.23,0.00,1.49,0.15,1.66,1.53,0.22,1.48,1.53,1.48,1.49,1.59,1.49,1.48,1.53,1.65,1.53,1.53,1.53,0.37,1.65,2.06,1.61,1.59,0.19,1.63,2.06,1.67,0.18,0.18,1.61,1.53,1.47,1.53,1.55,0.23,1.53,1.59,2.06,0.23,1.53,0.00,1.67,1.61,1.67,1.53,2.06,0.18,1.59,1.49,1.53,1.67,0.23,0.23,1.49,1.59,1.53,1.53,1.67,1.73,1.61,1.53,2.92,2.92
TRBV29-1_03,0.38,0.38,2.22,0.79,2.08,0.35,0.38,2.22,0.38,1.65,1.78,2.08,1.71,1.67,0.62,0.35,0.79,0.38,0.67,2.22,1.65,0.25,0.51,2.25,1.74,0.61,0.25,0.51,0.25,1.67,0.38,1.65,0.41,2.22,0.29,0.41,0.40,0.41,2.25,2.25,0.62,2.22,1.76,0.38,1.71,0.61,1.70,2.08,1.78,0.79,0.38,0.61,0.38,2.22,0.38,0.61,0.79,0.25,2.08,0.75,0.61,0.21,0.38,0.35,1.69,1.76,1.65,1.67,2.08,1.70,0.21,0.57,1.65,0.62,0.79,0.62,2.08,0.41,2.08,0.62,0.38,0.41,0.38,0.79,0.38,1.78,0.41,2.22,0.25,0.61,1.72,0.67,2.22,2.25,1.71,1.71,0.25,0.38,0.37,0.35,0.29,1.65,0.38,0.41,2.22,1.65,0.38,1.67,0.00,0.25,0.00,0.79,2.22,1.71,0.61,2.08,0.38,0.00,1.65,1.65,2.08,0.61,0.57,0.38,0.18,0.75,0.25,0.38,2.92,2.92
TRBV05-4_02,0.45,0.45,2.08,0.88,2.07,0.46,0.45,2.08,0.45,1.58,1.70,2.07,1.64,1.61,0.71,0.46,0.88,0.45,0.81,2.08,1.58,0.00,0.53,2.16,1.66,0.73,0.00,0.53,0.00,1.61,0.45,1.58,0.45,2.08,0.37,0.53,0.46,0.53,2.16,2.16,0.71,2.08,1.70,0.45,1.64,0.73,1.62,2.07,1.70,0.88,0.45,0.73,0.45,2.08,0.45,0.73,0.88,0.00,2.07,0.78,0.73,0.33,0.45,0.46,1.63,1.70,1.58,1.61,2.07,1.62,0.33,0.67,1.58,0.71,0.88,0.71,2.07,0.46,2.07,0.71,0.45,0.53,0.45,0.88,0.45,1.70,0.45,2.08,0.00,0.73,1.68,0.81,2.08,2.16,1.64,1.64,0.00,0.45,0.26,0.46,0.37,1.58,0.45,0.46,2.08,1.58,0.45,1.61,0.25,0.00,0.25,0.88,2.08,1.64,0.73,2.07,0.45,0.25,1.58,1.58,2.07,0.73,0.67,0.45,0.28,0.78,0.00,0.45,2.92,2.92
TRBV05-8_02,0.38,0.38,2.22,0.79,2.08,0.35,0.38,2.22,0.38,1.65,1.78,2.08,1.71,1.67,0.62,0.35,0.79,0.38,0.67,2.22,1.65,0.25,0.51,2.25,1.74,0.61,0.25,0.51,0.25,1.67,0.38,1.65,0.41,2.22,0.29,0.41,0.41,0.41,2.25,2.25,0.62,2.22,1.76,0.38,1.71,0.61,1.70,2.08,1.78,0.79,0.38,0.61,0.38,2.22,0.38,0.61,0.79,0.25,2.08,0.75,0.61,0.20,0.38,0.35,1.69,1.76,1.65,1.67,2.08,1.70,0.20,0.57,1.65,0.62,0.79,0.62,2.08,0.41,2.08,0.62,0.38,0.41,0.38,0.79,0.38,1.78,0.41,2.22,0.25,0.61,1.72,0.67,2.22,2.25,1.71,1.71,0.25,0.38,0.37,0.35,0.29,1.65,0.38,0.41,2.22,1.65,0.38,1.67,0.00,0.25,0.00,0.79,2.22,1.71,0.61,2.08,0.38,0.00,1.65,1.65,2.08,0.61,0.57,0.38,0.18,0.75,0.25,0.38,2.92,2.92
TRBV07-9_05,0.56,0.56,2.42,0.00,1.94,0.50,0.56,2.42,0.56,1.58,1.73,1.94,1.59,1.53,0.22,0.50,0.00,0.56,0.45,2.42,1.58,0.88,0.67,2.35,1.68,0.25,0.88,0.67,0.88,1.53,0.56,1.58,0.63,2.42,0.65,0.55,0.99,0.55,2.35,2.35,0.22,2.43,1.58,0.56,1.59,0.25,1.60,1.94,1.73,0.00,0.56,0.25,0.56,2.42,0.56,0.25,0.00,0.88,1.94,0.73,0.25,0.76,0.56,0.50,1.52,1.58,1.58,1.53,1.94,1.60,0.76,0.29,1.58,0.22,0.00,0.22,1.94,0.99,1.94,0.22,0.56,0.55,0.56,0.00,0.56,1.73,0.63,2.42,0.88,0.25,1.56,0.45,2.42,2.35,1.59,1.59,0.88,0.56,0.74,0.50,0.65,1.58,0.56,0.99,2.43,1.58,0.56,1.53,0.79,0.88,0.79,0.00,2.42,1.59,0.25,1.94,0.56,0.79,1.58,1.58,1.94,0.25,0.29,0.56,0.78,0.73,0.88,0.56,2.92,2.92
TRBV20-1_07,2.27,2.28,0.00,2.42,1.86,2.31,2.27,0.00,2.28,2.01,1.98,1.86,1.98,1.99,2.34,2.31,2.42,2.27,2.54,0.00,2.01,2.08,2.09,1.76,1.94,2.45,2.08,2.09,2.08,2.06,2.27,2.01,2.20,0.00,2.14,2.30,2.12,2.30,1.76,1.76,2.34,0.00,2.12,2.27,1.98,2.45,2.02,1.86,1.98,2.42,2.28,2.45,2.27,0.00,2.27,2.45,2.42,2.08,1.86,2.24,2.45,2.23,2.27,2.31,2.11,2.12,2.01,2.06,1.86,2.02,2.23,2.37,2.01,2.34,2.42,2.34,1.86,2.12,1.86,2.34,2.27,2.30,2.27,2.42,2.28,1.98,2.20,0.00,2.08,2.45,2.11,2.54,0.00,1.76,1.98,1.98,2.08,2.27,2.07,2.31,2.14,2.01,2.27,2.12,0.00,2.01,2.27,2.06,2.22,2.08,2.22,2.42,0.00,1.98,2.45,1.86,2.28,2.22,2.01,2.01,1.86,2.45,2.37,2.28,2.20,2.24,2.08,2.27,2.92,2.92
TRBV06-6_05,1.57,1.57,1.98,1.59,1.52,1.59,1.57,1.98,1.57,0.26,0.39,1.52,0.00,0.18,1.53,1.59,1.59,1.57,1.71,1.98,0.26,1.64,1.41,1.64,0.19,1.65,1.64,1.41,1.64,0.18,1.57,0.26,1.70,1.98,1.58,1.70,1.62,1.70,1.64,1.64,1.53,1.98,0.22,1.57,0.00,1.65,0.19,1.52,0.39,1.59,1.57,1.65,1.57,1.98,1.57,1.65,1.59,1.64,1.52,1.77,1.65,1.72,1.57,1.59,0.33,0.22,0.26,0.18,1.52,0.19,1.72,1.59,0.25,1.53,1.59,1.53,1.52,1.62,1.52,1.53,1.57,1.70,1.57,1.59,1.57,0.39,1.70,1.98,1.64,1.65,0.21,1.71,1.98,1.64,0.00,0.00,1.64,1.57,1.50,1.59,1.58,0.26,1.57,1.62,1.98,0.26,1.57,0.18,1.71,1.64,1.71,1.59,1.98,0.00,1.65,1.52,1.57,1.71,0.26,0.26,1.52,1.65,1.59,1.57,1.71,1.77,1.64,1.57,2.92,2.92
TRBV11-3_01,0.40,0.40,2.45,0.25,2.01,0.31,0.40,2.45,0.40,1.62,1.77,2.01,1.65,1.59,0.18,0.31,0.25,0.40,0.32,2.45,1.62,0.73,0.58,2.36,1.72,0.00,0.73,0.58,0.73,1.59,0.40,1.62,0.52,2.45,0.50,0.35,0.84,0.35,2.36,2.36,0.18,2.45,1.65,0.40,1.65,0.00,1.65,2.01,1.77,0.25,0.40,0.00,0.40,2.45,0.40,0.00,0.25,0.73,2.01,0.62,0.00,0.59,0.40,0.31,1.59,1.65,1.62,1.59,2.01,1.65,0.59,0.15,1.62,0.18,0.25,0.18,2.01,0.84,2.01,0.18,0.40,0.35,0.40,0.25,0.40,1.77,0.52,2.45,0.73,0.00,1.62,0.32,2.45,2.36,1.65,1.65,0.73,0.40,0.61,0.31,0.50,1.62,0.40,0.84,2.45,1.62,0.40,1.59,0.61,0.73,0.61,0.25,2.45,1.65,0.00,2.01,0.40,0.61,1.62,1.62,2.01,0.00,0.15,0.40,0.62,0.62,0.73,0.40,2.92,2.92
TRBV24-1_02,2.03,2.03,1.86,1.94,0.00,1.98,2.03,1.86,2.03,1.50,1.52,0.00,1.52,1.49,1.91,1.98,1.94,2.03,2.04,1.86,1.50,2.07,1.89,2.10,1.52,2.01,2.07,1.89,2.07,1.49,2.03,1.50,1.98,1.86,1.95,2.02,2.06,2.02,2.10,2.10,1.91,1.86,1.51,2.03,1.52,2.01,1.53,0.00,1.52,1.94,2.03,2.01,2.03,1.86,2.03,2.01,1.94,2.07,0.00,2.01,2.01,2.03,2.03,1.98,1.49,1.51,1.50,1.49,0.00,1.53,2.03,1.94,1.49,1.91,1.94,1.91,0.00,2.06,0.00,1.91,2.03,2.02,2.03,1.94,2.03,1.52,1.98,1.86,2.07,2.01,1.52,2.04,1.86,2.10,1.52,1.52,2.07,2.03,1.96,1.98,1.95,1.50,2.03,2.06,1.86,1.50,2.03,1.49,2.08,2.07,2.08,1.94,1.86,1.52,2.01,0.00,2.03,2.08,1.50,1.50,0.00,2.01,1.94,2.03,2.05,2.01,2.07,2.03,2.92,2.92
TRBV29_OR9-2_01,0.00,0.00,2.28,0.56,2.03,0.21,0.00,2.28,0.00,1.53,1.68,2.03,1.57,1.53,0.36,0.21,0.56,0.00,0.52,2.28,1.53,0.45,0.39,2.20,1.61,0.40,0.45,0.39,0.45,1.53,0.00,1.53,0.50,2.28,0.26,0.36,0.56,0.36,2.20,2.20,0.36,2.28,1.60,0.00,1.57,0.40,1.57,2.03,1.68,0.56,0.00,0.40,0.00,2.28,0.00,0.40,0.56,0.45,2.03,0.67,0.40,0.47,0.00,0.21,1.55,1.60,1.53,1.53,2.03,1.57,0.47,0.37,1.53,0.36,0.56,0.36,2.03,0.56,2.03,0.36,0.00,0.36,0.00,0.56,0.00,1.68,0.50,2.28,0.45,0.40,1.56,0.52,2.28,2.20,1.57,1.57,0.45,0.00,0.34,0.21,0.26,1.53,0.00,0.56,2.28,1.53,0.00,1.53,0.38,0.45,0.38,0.56,2.28,1.57,0.40,2.03,0.00,0.38,1.53,1.53,2.03,0.40,0.37,0.00,0.46,0.67,0.45,0.00,2.92,2.92
TRBV05-8_01,0.38,0.38,2.22,0.79,2.08,0.35,0.38,2.22,0.38,1.65,1.78,2.08,1.71,1.67,0.62,0.35,0.79,0.38,0.67,2.22,1.65,0.25,0.51,2.25,1.74,0.61,0.25,0.51,0.25,1.67,0.38,1.65,0.41,2.22,0.29,0.41,0.41,0.41,2.25,2.25,0.62,2.22,1.76,0.38,1.71,0.61,1.70,2.08,1.78,0.79,0.38,0.61,0.38,2.22,0.38,0.61,0.79,0.25,2.08,0.75,0.61,0.20,0.38,0.35,1.69,1.76,1.65,1.67,2.08,1.70,0.20,0.57,1.65,0.62,0.79,0.62,2.08,0.41,2.08,0.62,0.38,0.41,0.38,0.79,0.38,1.78,0.41,2.22,0.25,0.61,1.72,0.67,2.22,2.25,1.71,1.71,0.25,0.38,0.37,0.35,0.29,1.65,0.38,0.41,2.22,1.65,0.38,1.67,0.00,0.25,0.00,0.79,2.22,1.71,0.61,2.08,0.38,0.00,1.65,1.65,2.08,0.61,0.57,0.38,0.18,0.75,0.25,0.38,2.92,2.92
TRBV04-2_01,1.53,1.53,2.01,1.58,1.50,1.54,1.53,2.01,1.53,0.00,0.25,1.50,0.26,0.23,1.51,1.54,1.58,1.53,1.68,2.01,0.00,1.58,1.40,1.57,0.22,1.62,1.58,1.40,1.58,0.23,1.53,0.00,1.63,2.01,1.54,1.66,1.59,1.66,1.57,1.57,1.51,2.01,0.30,1.53,0.26,1.62,0.14,1.50,0.25,1.58,1.53,1.62,1.53,2.01,1.53,1.62,1.58,1.58,1.50,1.73,1.62,1.65,1.53,1.54,0.25,0.30,0.00,0.23,1.50,0.14,1.65,1.57,0.12,1.51,1.58,1.51,1.50,1.59,1.50,1.51,1.53,1.66,1.53,1.58,1.53,0.25,1.63,2.01,1.58,1.62,0.30,1.68,2.01,1.57,0.26,0.26,1.58,1.53,1.46,1.54,1.54,0.00,1.53,1.59,2.01,0.00,1.53,0.23,1.65,1.58,1.65,1.58,2.01,0.26,1.62,1.50,1.53,1.65,0.00,0.00,1.50,1.62,1.57,1.53,1.65,1.73,1.58,1.53,2.92,2.92
TRBV04-3_04,1.53,1.53,2.01,1.58,1.50,1.54,1.53,2.01,1.53,0.00,0.25,1.50,0.26,0.23,1.51,1.54,1.58,1.53,1.68,2.01,0.00,1.58,1.40,1.57,0.22,1.62,1.58,1.40,1.58,0.23,1.53,0.00,1.63,2.01,1.54,1.66,1.59,1.66,1.57,1.57,1.51,2.01,0.30,1.53,0.26,1.62,0.14,1.50,0.25,1.58,1.53,1.62,1.53,2.01,1.53,1.62,1.58,1.58,1.50,1.73,1.62,1.65,1.53,1.54,0.25,0.30,0.00,0.23,1.50,0.14,1.65,1.57,0.12,1.51,1.58,1.51,1.50,1.59,1.50,1.51,1.53,1.66,1.53,1.58,1.53,0.25,1.63,2.01,1.58,1.62,0.30,1.68,2.01,1.57,0.26,0.26,1.58,1.53,1.46,1.54,1.54,0.00,1.53,1.59,2.01,0.00,1.53,0.23,1.65,1.58,1.65,1.58,2.01,0.26,1.62,1.50,1.53,1.65,0.00,0.00,1.50,1.62,1.57,1.53,1.65,1.73,1.58,1.53,2.92,2.92
TRBV10-3_02,2.03,2.03,1.86,1.94,0.00,1.98,2.03,1.86,2.03,1.50,1.52,0.00,1.52,1.49,1.91,1.98,1.94,2.03,2.04,1.86,1.50,2.07,1.89,2.10,1.52,2.01,2.07,1.89,2.07,1.49,2.03,1.50,1.98,1.86,1.95,2.02,2.06,2.02,2.10,2.10,1.91,1.86,1.51,2.03,1.52,2.01,1.53,0.00,1.52,1.94,2.03,2.01,2.03,1.86,2.03,2.01,1.94,2.07,0.00,2.01,2.01,2.03,2.03,1.98,1.49,1.51,1.50,1.49,0.00,1.53,2.03,1.94,1.49,1.91,1.94,1.91,0.00,2.06,0.00,1.91,2.03,2.02,2.03,1.94,2.03,1.52,1.98,1.86,2.07,2.01,1.52,2.04,1.86,2.10,1.52,1.52,2.07,2.03,1.96,1.98,1.95,1.50,2.03,2.06,1.86,1.50,2.03,1.49,2.08,2.07,2.08,1.94,1.86,1.52,2.01,0.00,2.03,2.08,1.50,1.50,0.00,2.01,1.94,2.03,2.05,2.01,2.07,2.03,2.92,2.92
TRBV11-3_03,0.40,0.40,2.45,0.25,2.01,0.31,0.40,2.45,0.40,1.62,1.77,2.01,1.65,1.59,0.18,0.31,0.25,0.40,0.32,2.45,1.62,0.73,0.58,2.36,1.72,0.00,0.73,0.58,0.73,1.59,0.40,1.62,0.52,2.45,0.50,0.35,0.84,0.35,2.36,2.36,0.18,2.45,1.65,0.40,1.65,0.00,1.65,2.01,1.77,0.25,0.40,0.00,0.40,2.45,0.40,0.00,0.25,0.73,2.01,0.62,0.00,0.59,0.40,0.31,1.59,1.65,1.62,1.59,2.01,1.65,0.59,0.15,1.62,0.18,0.25,0.18,2.01,0.84,2.01,0.18,0.40,0.35,0.40,0.25,0.40,1.77,0.52,2.45,0.73,0.00,1.62,0.32,2.45,2.36,1.65,1.65,0.73,0.40,0.61,0.31,0.50,1.62,0.40,0.84,2.45,1.62,0.40,1.59,0.61,0.73,0.61,0.25,2.45,1.65,0.00,2.01,0.40,0.61,1.62,1.62,2.01,0.00,0.15,0.40,0.62,0.62,0.73,0.40,2.92,2.92
TRBV07-8_02,0.37,0.37,2.37,0.29,1.94,0.27,0.37,2.37,0.37,1.57,1.71,1.94,1.59,1.53,0.16,0.27,0.29,0.37,0.28,2.37,1.57,0.67,0.54,2.33,1.66,0.15,0.67,0.54,0.67,1.53,0.37,1.57,0.50,2.37,0.44,0.31,0.76,0.31,2.33,2.33,0.16,2.37,1.60,0.37,1.59,0.15,1.59,1.94,1.71,0.29,0.37,0.15,0.37,2.37,0.37,0.15,0.29,0.67,1.94,0.60,0.15,0.56,0.37,0.27,1.54,1.60,1.57,1.53,1.94,1.59,0.56,0.00,1.56,0.16,0.29,0.16,1.94,0.76,1.94,0.16,0.37,0.31,0.37,0.29,0.37,1.71,0.50,2.37,0.67,0.15,1.57,0.28,2.37,2.33,1.59,1.59,0.67,0.37,0.53,0.27,0.44,1.57,0.37,0.76,2.37,1.57,0.37,1.53,0.57,0.67,0.57,0.29,2.37,1.59,0.15,1.94,0.37,0.57,1.57,1.57,1.94,0.15,0.00,0.37,0.59,0.60,0.67,0.37,2.92,2.92
TRBV15_03,0.00,0.00,2.28,0.56,2.03,0.21,0.00,2.28,0.00,1.53,1.68,2.03,1.57,1.53,0.36,0.21,0.56,0.00,0.52,2.28,1.53,0.45,0.39,2.20,1.61,0.40,0.45,0.39,0.45,1.53,0.00,1.53,0.50,2.28,0.26,0.36,0.56,0.36,2.20,2.20,0.36,2.28,1.60,0.00,1.57,0.40,1.57,2.03,1.68,0.56,0.00,0.40,0.00,2.28,0.00,0.40,0.56,0.45,2.03,0.67,0.40,0.47,0.00,0.21,1.55,1.60,1.53,1.53,2.03,1.57,0.47,0.37,1.53,0.36,0.56,0.36,2.03,0.56,2.03,0.36,0.00,0.36,0.00,0.56,0.00,1.68,0.50,2.28,0.45,0.40,1.56,0.52,2.28,2.20,1.57,1.57,0.45,0.00,0.34,0.21,0.26,1.53,0.00,0.56,2.28,1.53,0.00,1.53,0.38,0.45,0.38,0.56,2.28,1.57,0.40,2.03,0.00,0.38,1.53,1.53,2.03,0.40,0.37,0.00,0.46,0.67,0.45,0.00,2.92,2.92
TRBV09_02,0.46,0.46,2.20,0.78,2.05,0.37,0.46,2.20,0.46,1.65,1.77,2.05,1.71,1.67,0.64,0.37,0.78,0.46,0.72,2.20,1.65,0.28,0.54,2.24,1.74,0.62,0.28,0.54,0.28,1.67,0.46,1.65,0.29,2.20,0.33,0.44,0.55,0.44,2.24,2.24,0.64,2.20,1.76,0.46,1.71,0.62,1.69,2.05,1.77,0.78,0.46,0.62,0.46,2.20,0.46,0.62,0.78,0.28,2.05,0.74,0.62,0.10,0.46,0.37,1.68,1.76,1.65,1.67,2.05,1.69,0.10,0.59,1.65,0.64,0.78,0.64,2.05,0.55,2.05,0.64,0.46,0.44,0.46,0.78,0.46,1.77,0.29,2.20,0.28,0.62,1.73,0.72,2.20,2.24,1.71,1.71,0.28,0.46,0.41,0.37,0.33,1.65,0.46,0.55,2.20,1.65,0.46,1.67,0.18,0.28,0.18,0.78,2.20,1.71,0.62,2.05,0.46,0.18,1.65,1.65,2.05,0.62,0.59,0.46,0.00,0.74,0.28,0.46,2.92,2.92
TRBV03-1_01,0.67,0.67,2.24,0.73,2.01,0.65,0.67,2.24,0.67,1.73,1.83,2.01,1.77,1.73,0.64,0.65,0.73,0.67,0.67,2.24,1.73,0.78,0.79,2.30,1.81,0.62,0.78,0.79,0.78,1.73,0.67,1.73,0.56,2.24,0.65,0.41,0.98,0.41,2.30,2.30,0.64,2.24,1.79,0.67,1.77,0.62,1.76,2.01,1.83,0.73,0.67,0.62,0.67,2.24,0.67,0.62,0.73,0.78,2.01,0.00,0.62,0.72,0.67,0.65,1.73,1.79,1.73,1.73,2.01,1.76,0.72,0.60,1.74,0.64,0.73,0.64,2.01,0.98,2.01,0.64,0.67,0.41,0.67,0.73,0.67,1.83,0.56,2.24,0.78,0.62,1.77,0.67,2.24,2.30,1.77,1.77,0.78,0.67,0.67,0.65,0.65,1.73,0.67,0.98,2.24,1.73,0.67,1.73,0.75,0.78,0.75,0.73,2.24,1.77,0.62,2.01,0.67,0.75,1.73,1.73,2.01,0.62,0.60,0.67,0.74,0.00,0.78,0.67,2.92,2.92
TRBV05-4_04,0.45,0.45,2.08,0.88,2.07,0.46,0.45,2.08,0.45,1.58,1.70,2.07,1.64,1.61,0.71,0.46,0.88,0.45,0.81,2.08,1.58,0.00,0.53,2.16,1.66,0.73,0.00,0.53,0.00,1.61,0.45,1.58,0.45,2.08,0.37,0.53,0.46,0.53,2.16,2.16,0.71,2.08,1.70,0.45,1.64,0.73,1.62,2.07,1.70,0.88,0.45,0.73,0.45,2.08,0.45,0.73,0.88,0.00,2.07,0.78,0.73,0.33,0.45,0.46,1.63,1.70,1.58,1.61,2.07,1.62,0.33,0.67,1.58,0.71,0.88,0.71,2.07,0.46,2.07,0.71,0.45,0.53,0.45,0.88,0.45,1.70,0.45,2.08,0.00,0.73,1.68,0.81,2.08,2.16,1.64,1.64,0.00,0.45,0.26,0.46,0.37,1.58,0.45,0.46,2.08,1.58,0.45,1.61,0.25,0.00,0.25,0.88,2.08,1.64,0.73,2.07,0.45,0.25,1.58,1.58,2.07,0.73,0.67,0.45,0.28,0.78,0.00,0.45,2.92,2.92
TRBV07-1_01,0.00,0.00,2.27,0.56,2.03,0.21,0.00,2.27,0.00,1.53,1.68,2.03,1.57,1.53,0.36,0.21,0.56,0.00,0.52,2.27,1.53,0.45,0.39,2.19,1.61,0.40,0.45,0.39,0.45,1.53,0.00,1.53,0.50,2.27,0.25,0.36,0.56,0.36,2.19,2.19,0.36,2.27,1.60,0.00,1.57,0.40,1.57,2.03,1.68,0.56,0.00,0.40,0.00,2.27,0.00,0.40,0.56,0.45,2.03,0.67,0.40,0.47,0.00,0.21,1.55,1.60,1.53,1.53,2.03,1.57,0.47,0.37,1.53,0.36,0.56,0.36,2.03,0.56,2.03,0.36,0.00,0.36,0.00,0.56,0.00,1.68,0.50,2.27,0.45,0.40,1.56,0.52,2.27,2.19,1.57,1.57,0.45,0.00,0.34,0.21,0.25,1.53,0.00,0.56,2.27,1.53,0.00,1.53,0.38,0.45,0.38,0.56,2.27,1.57,0.40,2.03,0.00,0.38,1.53,1.53,2.03,0.40,0.37,0.00,0.46,0.67,0.45,0.00,2.92,2.92
TRBV07-8_03,2.92,2.92,2.92,2.92,2.92,2.92,2.92,2.92,2.92,2.92,2.92,2.92,2.92,2.92,2.92,2.92,2.92,2.92,2.92,2.92,2.92,2.92,2.92,2.92,2.92,2.92,2.92,2.92,2.92,2.92,2.92,2.92,2.92,2.92,2.92,2.92,2.92,2.92,2.92,2.92,2.92,2.92,2.92,2.92,2.92,2.92,2.92,2.92,2.92,2.92,2.92,2.92,2.92,2.92,2.92,2.92,2.92,2.92,2.92,2.92,2.92,2.92,2.92,2.92,2.92,2.92,2.92,2.92,2.92,2.92,2.92,2.92,2.92,2.92,2.92,2.92,2.92,2.92,2.92,2.92,2.92,2.92,2.92,2.92,2.92,2.92,2.92,2.92,2.92,2.92,2.92,2.92,2.92,2.92,2.92,2.92,2.92,2.92,2.92,2.92,2.92,2.92,2.92,2.92,2.92,2.92,2.92,2.92,2.92,2.92,2.92,2.92,2.92,2.92,2.92,2.92,2.92,2.92,2.92,2.92,2.92,2.92,2.92,2.92,2.92,2.92,2.92,2.92,0.00,2.92
TRBV16_03,2.92,2.92,2.92,2.92,2.92,2.92,2.92,2.92,2.92,2.92,2.92,2.92,2.92,2.92,2.92,2.92,2.92,2.92,2.92,2.92,2.92,2.92,2.92,2.92,2.92,2.92,2.92,2.92,2.92,2.92,2.92,2.92,2.92,2.92,2.92,2.92,2.92,2.92,2.92,2.92,2.92,2.92,2.92,2.92,2.92,2.92,2.92,2.92,2.92,2.92,2.92,2.92,2.92,2.92,2.92,2.92,2.92,2.92,2.92,2.92,2.92,2.92,2.92,2.92,2.92,2.92,2.92,2.92,2.92,2.92,2.92,2.92,2.92,2.92,2.92,2.92,2.92,2.92,2.92,2.92,2.92,2.92,2.92,2.92,2.92,2.92,2.92,2.92,2.92,2.92,2.92,2.92,2.92,2.92,2.92,2.92,2.92,2.92,2.92,2.92,2.92,2.92,2.92,2.92,2.92,2.92,2.92,2.92,2.92,2.92,2.92,2.92,2.92,2.92,2.92,2.92,2.92,2.92,2.92,2.92,2.92,2.92,2.92,2.92,2.92,2.92,2.92,2.92,2.92,0.00
