CASSSTGLPYGYTF	TRBV28_01	PKYVKQNTLKLAT:HLA-DRA_01:02:03
CASSSTGLPYGYTF	TRBV28_01	PKYVKQNTLKLAT:HLA-DRA_01:02:03
CASSLADRVNTEAFF	TRBV05-1_01	VHFFKNIVTPRTPG:HLA-DRA_01:02:03
CASTYHGTGYF	TRBV06-6_01	GELIGILNAAKVPAD:HLA-DRA_01:01:02
CASTYHGTGYF	TRBV06-6_01	GELIGTLNAAKVPAD:HLA-DRA_01:02:03
CASSSRSSYEQYF	TRBV19_01	PKYVKQNTLKLAT:HLA-DRA_01:02:03
CASTGSYGYTF	TRBV19_01	KAFSPEVIPMF:HLA-B_57:06
CASRYRDDSYNEQFF	TRBV07-9_01	EENLLDFVRF:HLA-B_44:05:01
CASSSRSSYEQYF	TRBV19_01	PKYVKQNTLKLAT:HLA-DRA_01:02:03
CASSQIRETQYF	TRBV05-8_01	GELIGILNAAKVPAD:HLA-DRA_01:01:02
CASSVAVSAGTYEQYF	TRBV09_01	SGEGSFQPSQENP:HLA-DQA1_03:01:01
CASSLTGGGELFF	TRBV07-3_01	TAFTIPSI:HLA-B_51:193
CASRPRRDNEQFF	TRBV06-2_01	QPLALEGSLQKRG:HLA-DRA_01:01:02
CASSTTPGTGTETQYF	TRBV09_01	PSGEGSFQPSQENPQ:HLA-DQA1_03:01:01
CASSAGTSGEYEQYF	TRBV09_01	SGEGSFQPSQENP:HLA-DQA1_03:01:01
CASSEARRYNEQFF	TRBV06-1_01	PSGEGSFQPSQENPQ:HLA-DQA1_03:01:01
CASSVVPEWEGELFF	TRBV09_01	PKYVKQNTLKLAT:HLA-DRA_01
CASSPLTGGQTDTQYF	TRBV09_01	PKYVKQNTLKLAT:HLA-DRA_01
CASSSPSLADNNEQFF	TRBV28_01	PKYVKQNTLKLAT:HLA-DRA_01
CASRTGTHTDTQYF	TRBV28_01	PKYVKQNTLKLAT:HLA-DRA_01
CASSLSPELETQYF	TRBV28_01	PKYVKQNTLKLAT:HLA-DRA_01
CASSVGQGKAFF	TRBV07-2_01	PKYVKQNTLKLAT:HLA-DRA_01
CASSLGQGEQFF	TRBV07-2_01	PKYVKQNTLKLAT:HLA-DRA_01
CASSLSQGDQPQHF	TRBV12-3_01	PKYVKQNTLKLAT:HLA-DRA_01
CASSAGFSEQFF	TRBV09_01	PKYVKQNTLKLAT:HLA-DRA_01
CSARGQAIYGYTF	TRBV20-1_01	PKYVKQNTLKLAT:HLA-DRA_01
CASSLAPELDTQYF	TRBV28_01	PKYVKQNTLKLAT:HLA-DRA_01
CASSVLTDNGYTF	TRBV25-1_01	PKYVKQNTLKLAT:HLA-DRA_01
CASTGSSYEQYF	TRBV06-5_01	PKYVKQNTLKLAT:HLA-DRA_01
CASSTTQGFYEQYF	TRBV28_01	PKYVKQNTLKLAT:HLA-DRA_01
CASSQPAGPSTDTQYF	TRBV07-3_01	PKYVKQNTLKLAT:HLA-DRA_01
CASSLGQGEQYF	TRBV07-2_01	PKYVKQNTLKLAT:HLA-DRA_01
CASGPLGGDNQPQHF	TRBV06-5_01	PKYVKQNTLKLAT:HLA-DRA_01
CASVPGLSYEQYF	TRBV02_01	PKYVKQNTLKLAT:HLA-DRA_01
CASSVAPGSEGEAFF	TRBV09_01	PKYVKQNTLKLAT:HLA-DRA_01
CSAGGWDRVNQPQHF	TRBV20-1_01	PKYVKQNTLKLAT:HLA-DRA_01
CASSESQTGDYEQYF	TRBV25-1_01	PKYVKQNTLKLAT:HLA-DRA_01
CATSDSTSGGTDTQYF	TRBV24-1_01	PKYVKQNTLKLAT:HLA-DRA_01
CASSFSAEATGELFF	TRBV09_01	PKYVKQNTLKLAT:HLA-DRA_01
CASSFSAEATGELFF	TRBV25-1_01	PKYVKQNTLKLAT:HLA-DRA_01
CASSYEGTEAFF	TRBV06-5_01	PKYVKQNTLKLAT:HLA-DRA_01
CSATDRASGIEQYF	TRBV20-1_01	HPKVSSEVHI:HLA-B_42:01
CSATSRDSALEQYF	TRBV20-1_01	HPKVSSEVHI:HLA-B_42:01
CASSQEGWDGRYEQYF	TRBV14_01	HPKVSSEVHI:HLA-B_42:01
CSATDRDGGLEQYF	TRBV20-1_01	HPKVSSEVHI:HLA-B_42:01
CASSLGPVEAFF	TRBV07-9_01	HPKVSSEVHI:HLA-B_42:01
CSATSRDRGLEQYF	TRBV20-1_01	HPKVSSEVHI:HLA-B_42:01
CASSLSRTGFYEQYF	TRBV05-5_01	HPKVSSEVHI:HLA-B_42:01
CASSLGADQPQHF	TRBV27_01	HPKVSSEVHI:HLA-B_42:01
CASGAAMNTEAFF	TRBV09_01	HPKVSSEVHI:HLA-B_42:01
CASSLGPAAGYTF	TRBV06-2_01	HPKVSSEVHI:HLA-B_42:01
CASRRGSTYNEQFF	TRBV06-2_01	HPKVSSEVHI:HLA-B_42:01
CASRPPDTGELFF	TRBV07-3_01	HPKVSSEVHI:HLA-B_42:01
CSATSRDGDNEQFF	TRBV20-1_01	HPKVSSEVHI:HLA-B_42:01
CASSLGPLTGLGPEAFF	TRBV07-9_01	HPKVSSEVHI:HLA-B_42:01
CASSLGPRYEQYF	TRBV07-9_01	HPKVSSEVHI:HLA-B_42:01
CASSFTRQSPYNEQFF	TRBV05-5_01	HPKVSSEVHI:HLA-B_42:01
CASSLGPTVPGNTIYF	TRBV07-9_01	HPKVSSEVHI:HLA-B_42:01
CSATSRQGGREQYF	TRBV20-1_01	HPKVSSEVHI:HLA-B_42:01
CASSSFRDGGTDTQYF	TRBV05-1_01	HPKVSSEVHI:HLA-B_42:01
CASRGGPLTEAFF	TRBV07-9_01	HPKVSSEVHI:HLA-B_42:01
CSATNRDRGLEQYF	TRBV20-1_01	HPKVSSEVHI:HLA-B_42:01
CASSFDKGYEQYF	TRBV07-2_01	HPKVSSEVHI:HLA-B_42:01
CATRGRGSEETQYF	TRBV24-1_01	HPKVSSEVHI:HLA-B_42:01
CASSLGPAIPGNTIYF	TRBV07-9_01	HPKVSSEVHI:HLA-B_42:01
CASRGADTGELFF	TRBV07-3_01	HPKVSSEVHI:HLA-B_42:01
CASSLTGGGELFF	TRBV07-3_01	TAFTIPSI:HLA-B_51:01
CASSLTGGGELFF	TRBV07-3_01	TAFTIPSI:HLA-B_51:01
CASSSTGGNTIYF	TRBV07-3_01	TAFTIPSI:HLA-B_51:01
CASSLTGNTEAFF	TRBV07-3_01	TAFTIPSI:HLA-B_51:01
CASSPPGGRADTQYF	TRBV11-3_01	TAFTIPSI:HLA-B_51:01
CASAQGRGTEAFF	TRBV27_01	TAFTIPSI:HLA-B_51:01
CASSLTGGGELFF	TRBV07-3_01	TAFTIPSI:HLA-B_51:01
CASSLTGGGELFF	TRBV07-3_01	TAFTIPSI:HLA-B_51:01
CATSDLQGVRGVNEQFF	TRBV24-1_01	TAFTIPSI:HLA-B_51:01
CASSLTGGGKLFF	TRBV07-3_01	TAFTIPSI:HLA-B_51:01
CASSPPGGRADTQYF	TRBV11-3_01	TAFTIPSI:HLA-B_51:01
CASSSGRGGEQYF	TRBV27_01	TAFTIPSI:HLA-B_51:01
CASSLTGGGKLFF	TRBV07-3_01	TAFTIPSI:HLA-B_51:01
CASSLTGGGKLFF	TRBV07-3_01	TAFTIPSI:HLA-B_51:01
CASSLTGGNTIYF	TRBV07-3_01	TAFTIPSI:HLA-B_51:01
CASSLTGGGELFF	TRBV07-3_01	TAFTIPSI:HLA-B_51:01
CASSSNPIVPQETQYF	TRBV28_01	TAFTIPSI:HLA-B_51:01
CASSLTGGGELFF	TRBV07-3_01	TAFTIPSI:HLA-B_51:01
CASSSTGGNTIYF	TRBV07-3_01	TAFTIPSI:HLA-B_51:01
CASSLTGGARARLFF	TRBV07-3_01	TAFTIPSI:HLA-B_51:01
CASRKWNGELFF	TRBV12-4_01	TAFTIPSI:HLA-B_51:01
CASSRRGEGHNEQFF	TRBV11-3_01	TAFTIPSI:HLA-B_51:01
CASSQGGQGAPYEQYF	TRBV04-1_01	CINGVCWTV:HLA-A_02:01
CASSQAENTEAFF	TRBV04-1_01	CINGVCWTV:HLA-A_02:01
CASSLLGLAGVGELFF	TRBV28_01	CINGVCWTV:HLA-A_02:01
CASSLTGTGFKQFF	TRBV28_01	CINGVCWTV:HLA-A_02:01
CASSLTLAGGIGTDTQYF	TRBV28_01	CINGVCWTV:HLA-A_02:01
CASSLGTGAPYEQYF	TRBV07-2_01	CINGVCWTV:HLA-A_02:01
CATSNLDSFGGYTF	TRBV15_01	CINGVCWTV:HLA-A_02:01
CASSLSTGAPYEQYF	TRBV27_01	CINGVCWTV:HLA-A_02:01
CASSLGPPPDNEQFF	TRBV11-2_01	CINGVCWTV:HLA-A_02:01
CATSPGQGFYNEQFF	TRBV15_01	CINGVCWTV:HLA-A_02:01
CASRLLAGAYEQYF	TRBV28_01	CINGVCWTV:HLA-A_02:01
CASSQESGTEAFF	TRBV04-1_01	CINGVCWTV:HLA-A_02:01
CASNRENEKLFF	TRBV18_01	CINGVCWTV:HLA-A_02:01
CASSQEKGTEAFF	TRBV04-1_01	CINGVCWTV:HLA-A_02:01
CASTTGSSEKLFF	TRBV02_01	CINGVCWTV:HLA-A_02:01
CATSTTFQTDYAEPYGYTF	TRBV15_01	CINGVCWTV:HLA-A_02:01
CASSVDEGNTGELFF	TRBV09_01	CINGVCWTV:HLA-A_02:01
CASSRPVGLFNYGYTF	TRBV28_01	CINGVCWTV:HLA-A_02:01
CASSQAQSGTAPYEQYF	TRBV04-1_01	CINGVCWTV:HLA-A_02:01
CASSLTLGLAGVETQYF	TRBV27_01	CINGVCWTV:HLA-A_02:01
CASSSPSGRPTLYNEQFF	TRBV27_01	CINGVCWTV:HLA-A_02:01
CASGGEFYGYTF	TRBV07-9_01	KAFSPEVIPMF:HLA-B_57:01
CASPHPDRPNYGYTF	TRBV07-9_01	KAFSPEVIPMF:HLA-B_57:01
CAIGGHDYGYTF	TRBV10-3_01	KAFSPEVIPMF:HLA-B_57:01
CALTGGDYGYTF	TRBV06-5_01	KAFSPEVIPMF:HLA-B_57:01
CSARGWVSNNRETQYF	TRBV20-1_01	KAFSPEVIPMF:HLA-B_57:01
CSAREKGSQETQYF	TRBV20-1_01	KAFSPEVIPMF:HLA-B_57:01
CASELSGNTIYF	TRBV07-9_01	KAFSPEVIPMF:HLA-B_57:01
CATEASGNTIYF	TRBV07-9_01	KAFSPEVIPMF:HLA-B_57:01
CASYNFGQYGYTF	TRBV05-1_01	KAFSPEVIPMF:HLA-B_57:01
CASSPMDLLDEQYF	TRBV07-6_01	KAFSPEVIPMF:HLA-B_57:01
CASRKGQGDWEAFF	TRBV06-5_01	KAFSPEVIPMF:HLA-B_57:01
CASSLIAGGGEDTQYF	TRBV12-4_01	KAFSPEVIPMF:HLA-B_57:01
CASGGANYGYTF	TRBV07-9_01	KAFSPEVIPMF:HLA-B_57:01
CASEDFKNIQYF	TRBV07-8_01	KAFSPEVIPMF:HLA-B_57:01
CASSLGGGYTF	TRBV07-9_01	KAFSPEVIPMF:HLA-B_57:01
CASSPGQTNYGYTF	TRBV07-9_01	KAFSPEVIPMF:HLA-B_57:01
CASSFWGQGTDTQYF	TRBV07-6_01	KAFSPEVIPMF:HLA-B_57:01
CASSQGVTTGGFLNYGYTF	TRBV03-1_01	KAFSPEVIPMF:HLA-B_57:01
CASTDTGYYGYTF	TRBV07-9_01	KAFSPEVIPMF:HLA-B_57:01
CASRGGSGELFF	TRBV02_01	KAFSPEVIPMF:HLA-B_57:01
CASSGFRDRVNEQYF	TRBV07-9_01	KAFSPEVIPMF:HLA-B_57:01
CASSLRGGGASYNEQFF	TRBV07-8_01	ISPRTLNAW:HLA-B_57:01
CASSPWTYGTGTLNEKLFF	TRBV07-8_01	ISPRTLNAW:HLA-B_57:01
CASSLKLADEQFF	TRBV11-2_01	ISPRTLNAW:HLA-B_57:01
CASSQDGLLNSYEQYF	TRBV04-1_01	ISPRTLNAW:HLA-B_57:01
CASGLGRGWNTEAFF	TRBV12-5_01	ISPRTLNAW:HLA-B_57:01
CASGTKYYGYTF	TRBV27_01	QASQEVKNW:HLA-B_57:01
CASSSQGYGRAQHF	TRBV27_01	QASQEVKNW:HLA-B_57:01
CASSHGQGMKTQYF	TRBV07-9_01	ISPRTLNAW:HLA-B_57:01
CSALQLGGAGANEQFF	TRBV20-1_01	ISPRTLNAW:HLA-B_57:01
CASTYDRGFTGELFF	TRBV05-1_01	ISPRTLNAW:HLA-B_57:01
CASSMTYGYTF	TRBV19_01	KAFSPEVIPMF:HLA-B_57:01
CASSGSYGYTF	TRBV19_01	KAFSPEVIPMF:HLA-B_57:01
CASSLMSGTDTQYF	TRBV07-6_01	KAFSPEVIPMF:HLA-B_57:01
CASSDRSQYGYTF	TRBV18_01	KAFSPEVIPMF:HLA-B_57:01
CASRPGQGGYEQYF	TRBV27_01	ISPRTLNAW:HLA-B_57:01
CASSQDPSGNPMETQYF	TRBV04-2_01	ISPRTLNAW:HLA-B_57:01
CASTQGRGGSGYTF	TRBV06-6_01	QASQEVKNW:HLA-B_57:01
CASSGTSYGYTF	TRBV06-1_01	KAFSPEVIPMF:HLA-B_57:01
CASSLRRDSGPPSNQPQHF	TRBV07-6_01	KAFSPEVIPMF:HLA-B_57:01
CATTGQDYGYTF	TRBV19_01	KAFSPEVIPMF:HLA-B_57:01
CASSLLGTVGNQPQHF	TRBV27_01	KAFSPEVIPMF:HLA-B_57:01
CASTGGSYGYTF	TRBV19_01	KAFSPEVIPMF:HLA-B_57:01
CASSGQDYGYTF	TRBV19_01	KAFSPEVIPMF:HLA-B_57:01
CASSGTDYGYTF	TRBV07-9_01	KAFSPEVIPMF:HLA-B_57:01
CAQGGSNYGYTF	TRBV07-9_01	KAFSPEVIPMF:HLA-B_57:01
CASSSERPSNEQYF	TRBV07-9_01	KAFSPEVIPMF:HLA-B_57:01
CASSPGQGFKTQYF	TRBV07-9_01	KAFSPEVIPMF:HLA-B_57:01
CASSPGQGGYEQYF	TRBV27_01	KAFSPEVIPMF:HLA-B_57:01
CASSYGQAGEQYF	TRBV07-6_01	KAFSPEVIPMF:HLA-B_57:01
CASTGQGYGYTF	TRBV06-1_01	KAFSPEVIPMF:HLA-B_57:01
CAEGGRDYGYTF	TRBV07-9_01	KAFSPEVIPMF:HLA-B_57:01
CASSGRNEQFF	TRBV05-1_01	KAFSPEVIPMF:HLA-B_57:01
CASSLGDRAFRNIQYF	TRBV07-9_01	KAFSPEVIPMF:HLA-B_57:01
CASTGSYGYTF	TRBV06-1_01	KAFSPEVIPMF:HLA-B_57:01
CASSQETPRGPPLAKNIQYF	TRBV04-3_01	KAFSPEVIPMF:HLA-B_57:01
CASTGQGYGYTF	TRBV06-1_01	KAFSPEVIPMF:HLA-B_57:01
CASSISYEQYF	TRBV11-2_01	KAFSPEVIPMF:HLA-B_57:01
CATTGGNYGYTF	TRBV19_01	KAFSPEVIPMF:HLA-B_57:01
CASSPWGDGTDTQYF	TRBV07-7_01	KAFSPEVIPMF:HLA-B_57:01
CASSAPDSQETQYF	TRBV07-9_01	KAFSPEVIPMF:HLA-B_57:01
CASSFGTGGVGELFF	TRBV07-8_01	ISPRTLNAW:HLA-B_57:01
CASSSATGITGELFF	TRBV07-8_01	ISPRTLNAW:HLA-B_57:01
CASSARQGSRTDTQYF	TRBV07-8_01	ISPRTLNAW:HLA-B_57:01
CASSQATGNTGELFF	TRBV07-8_01	ISPRTLNAW:HLA-B_57:01
CASSAGQGWKEQYF	TRBV07-9_01	ISPRTLNAW:HLA-B_57:01
CASSGTQVQPQHF	TRBV07-8_01	ISPRTLNAW:HLA-B_57:01
CASNAGQGWKEQYF	TRBV07-9_01	ISPRTLNAW:HLA-B_57:01
CASSAGQGWKGQYF	TRBV07-9_01	ISPRTLNAW:HLA-B_57:01
CASSLIWDRGNYGYTF	TRBV07-3_01	KAFSPEVIPMF:HLA-B_57:01
CASSGSGTGYGYTF	TRBV25-1_01	KAFSPEVIPMF:HLA-B_57:01
CASSLMQGTDTQYF	TRBV07-6_01	KAFSPEVIPMF:HLA-B_57:01
CASSGQGYGYTF	TRBV19_01	KAFSPEVIPMF:HLA-B_57:01
CSTGTYGYTF	TRBV20-1_01	KAFSPEVIPMF:HLA-B_57:01
CATSDPNRDTDTQYF	TRBV24-1_01	KAFSPEVIPMF:HLA-B_57:01
CASSRYEQYF	TRBV28_01	ISPRTLNAW:HLA-B_57:01
CASFLNTEAFF	TRBV07-9_01	ISPRTLNAW:HLA-B_57:01
CASTGSYGYTF	TRBV19_01	KAFSPEVIPMF:HLA-B_57:01
CASSGGSYGYTF	TRBV06-1_01	KAFSPEVIPMF:HLA-B_57:01
CASSGTYGYTF	TRBV19_01	KAFSPEVIPMF:HLA-B_57:01
CATTGGNYGYTF	TRBV19_01	KAFSPEVIPMF:HLA-B_57:01
CASSDPGQYGYTF	TRBV25-1_01	KAFSPEVIPMF:HLA-B_57:01
CASRYRDDSYNEQFF	TRBV07-9_01	EENLLDFVRF:HLA-B_44:05
CASSYSGGVGETQYF	TRBV06-5_01	PKYVKQNTLKLAT:HLA-DRA_01
CASTPGTGDVQPQHF	TRBV28_01	PKYVKQNTLKLAT:HLA-DRA_01
CATSEAANTGELFF	TRBV24-1_01	QASQEVKNW:HLA-B_58
CASSKLASTAGEQYF	TRBV02_01	DRFYKTLRAEQASQEV:HLA-DRA_01:01
CASSWDSNYGYTF	TRBV05-5_01	DRFYKTLRAEQASQEV:HLA-DRA_01:01
CASSPLVPYEQYF	TRBV27_01	DRFYKTLRAEQASQEV:HLA-DRA_01:01
CASSVGASGLTEQYF	TRBV02_01	DRFYKTLRAEQASQEV:HLA-DRA_01:01
CASSAYRGQANEQFF	TRBV06-6_01	QVPLRPMTYK:HLA-A_03:01
CASSYSRGVGNTIYF	TRBV06-6_01	QVPLRPMTYK:HLA-A_03:01
CAISDFDRAGTQYF	TRBV10-3_01	QVPLRPMTYK:HLA-A_03:01
CASYPDRGRVNEQFF	TRBV27_01	QVPLRPMTYK:HLA-A_03:01
CSARVRAGSYNEQFF	TRBV20-1_01	QVPLRPMTYK:HLA-A_03:01
CASSLYTSNNEQFF	TRBV11-2_01	QVPLRPMTYK:HLA-A_03:01
CASGWGSQPQHF	TRBV07-9_01	AVFDRKSDAK:HLA-A_11:01
CASSRTSATGELFF	TRBV28_01	AVFDRKSDAK:HLA-A_11:01
CASSQEGTGSYEQYF	TRBV06-2_01	AVFDRKSDAK:HLA-A_11:01
CASSLTSATGELFF	TRBV28_01	AVFDRKSDAK:HLA-A_11:01
CASSRTSATGELFF	TRBV28_01	AVFDRKSDAK:HLA-A_11:01
CASSLTSATGELFF	TRBV28_01	AVFDRKSDAK:HLA-A_11:01
CASSEFWDGYTF	TRBV25-1_01	PKYVKQNTLKLAT:HLA-DRA_01:01
CASSSGPAFF	TRBV28_01	PKYVKQNTLKLAT:HLA-DRA_01:01
CASSSIKGAFF	TRBV28_01	PKYVKQNTLKLAT:HLA-DRA_01:01
CASSPGGGRNTYEQYF	TRBV28_01	PKYVKQNTLKLAT:HLA-DRA_01:01
CASSGPGQGTDTQYF	TRBV28_01	PKYVKQNTLKLAT:HLA-DRA_01:01
CASSLTGWQYF	TRBV28_01	PKYVKQNTLKLAT:HLA-DRA_01:01
CASVASPGTSALDYEQYF	TRBV28_01	PKYVKQNTLKLAT:HLA-DRA_01:01
CASSSGPPAKAFF	TRBV28_01	PKYVKQNTLKLAT:HLA-DRA_01:01
CASTPSPGVSSIGYEQYF	TRBV28_01	PKYVKQNTLKLAT:HLA-DRA_01:01
CASSQEEGGQPQHF	TRBV04-1_01	PKYVKQNTLKLAT:HLA-DRA_01:01
CASRPEKETGELFF	TRBV06-5_01	PKYVKQNTLKLAT:HLA-DRA_01:01
CASRPEKETGELFF	TRBV06-5_01	PKYVKQNTLKLAT:HLA-DRA_01:01
CASSYVGQGLGETQYF	TRBV06-5_01	PKYVKQNTLKLAT:HLA-DRA_01:01
CASSLEGQDYEQYF	TRBV07-8_01	PKYVKQNTLKLAT:HLA-DRA_01:01
CASSRDWETYEQYF	TRBV12-3_01	PKYVKQNTLKLAT:HLA-DRA_01:01
CASSLGNGNTIYF	TRBV28_01	PKYVKQNTLKLAT:HLA-DRA_01:01
CASSQDPTGYSGANVLTF	TRBV04-2_01	PKYVKQNTLKLAT:HLA-DRA_01:01
CASSVGRNTEAFF	TRBV06-1_01	PKYVKQNTLKLAT:HLA-DRA_01:01
CATSDFGEGTDTQYF	TRBV24-1_01	PKYVKQNTLKLAT:HLA-DRA_01:01
CATSDFGEGTDTQYF	TRBV24-1_01	PKYVKQNTLKLAT:HLA-DRA_01:01
CATSDFGEGTDTQYF	TRBV24-1_01	PKYVKQNTLKLAT:HLA-DRA_01:01
CATSDFGEGTDTQYF	TRBV24-1_01	PKYVKQNTLKLAT:HLA-DRA_01:01
CATSDPGQGAGDTQYF	TRBV24-1_01	PKYVKQNTLKLAT:HLA-DRA_01:01
CASWVGGREDSAQHF	TRBV28_01	PKYVKQNTLKLAT:HLA-DRA_01:01
CASPPAGDITGETQYF	TRBV28_01	PKYVKQNTLKLAT:HLA-DRA_01:01
CASSPGGGRGSYEQYF	TRBV28_01	PKYVKQNTLKLAT:HLA-DRA_01:01
CASSQGDRGNIQYF	TRBV28_01	PKYVKQNTLKLAT:HLA-DRA_01:01
CASSYDTNTEAFF	TRBV06-5_01	PKYVKQNTLKLAT:HLA-DRA_01:01
CASSLDGQDYEQYF	TRBV07-8_01	PKYVKQNTLKLAT:HLA-DRA_01:01
CASSGQGYGYTF	TRBV19_01	KAFSPEVIPMF:HLA-B_57:01
CASTGGGYGYTF	TRBV19_01	KAFSPEVIPMF:HLA-B_57:01
CASSGQGGYTF	TRBV19_01	KAFSPEVIPMF:HLA-B_57:01
CASSGQDYGYTF	TRBV19_01	KAFSPEVIPMF:HLA-B_57:01
CASTDSYGYTF	TRBV19_01	KAFSPEVIPMF:HLA-B_57:01
CATTDTYGYTF	TRBV19_01	KAFSPEVIPMF:HLA-B_57:01
CASSSRQNYGYTF	TRBV19_01	KAFSPEVIPMF:HLA-B_57:01
CASSGQLYGYTF	TRBV19_01	KAFSPEVIPMF:HLA-B_57:01
CASSATYGYTF	TRBV19_01	KAFSPEVIPMF:HLA-B_57:01
CASTGTAYGYTF	TRBV19_01	KAFSPEVIPMF:HLA-B_57:01
CASTGTDYGYTF	TRBV19_01	KAFSPEVIPMF:HLA-B_57:01
CASSGQNYGYTF	TRBV19_01	KAFSPEVIPMF:HLA-B_57:01
CASSGRNYGYTF	TRBV19_01	KAFSPEVIPMF:HLA-B_57:01
CAWTGTNYGYTF	TRBV30_01	KAFSPEVIPMF:HLA-B_57:01
CASSREVYGYTF	TRBV19_01	KAFSPEVIPMF:HLA-B_57:01
CASSTSYGYTF	TRBV19_01	KAFSPEVIPMF:HLA-B_57:01
CAAGGQFYGYTF	TRBV07-9_01	KAFSPEVIPMF:HLA-B_57:01
CASSLTAPDTDAFF	TRBV05-4_01	KAFSPEVIPMF:HLA-B_57:01
CASSGGSYGYTF	TRBV19_01	KAFSPEVIPMF:HLA-B_57:01
CATTGSYGYTF	TRBV19_01	KAFSPEVIPMF:HLA-B_57:01
CASSGQNYGYTF	TRBV19_01	KAFSPEVIPMF:HLA-B_57:01
CASTGGSYGYTF	TRBV19_01	KAFSPEVIPMF:HLA-B_57:01
CASSGTSYGYTF	TRBV19_01	KAFSPEVIPMF:HLA-B_57:01
CSARLRDRGYEQYF	TRBV20-1_01	KAFSPEVIPMF:HLA-B_57:01
CSARPQGQTVALHF	TRBV20-1_01	KAFSPEVIPMF:HLA-B_57:01
CSARPGQGTVALHF	TRBV20-1_01	KAFSPEVIPMF:HLA-B_57:01
CASSPDRARDGYTF	TRBV07-9_01	KAFSPEVIPMF:HLA-B_57:01
CASSFLLDGYTF	TRBV05-4_01	KAFSPEVIPMF:HLA-B_57:01
CASSSWEGLDTQYF	TRBV07-6_01	KAFSPEVIPMF:HLA-B_57:01
CSVEDPDRPSYGYTF	TRBV29-1_01	KAFSPEVIPMF:HLA-B_57:01
CASEDSSDGANYGYTF	TRBV07-9_01	KAFSPEVIPMF:HLA-B_57:01
CASEAGNTIYF	TRBV07-9_01	KAFSPEVIPMF:HLA-B_57:01
CASSWSGGQRGYTF	TRBV07-9_01	KAFSPEVIPMF:HLA-B_57:01
CASSPRDSKETQYF	TRBV14_01	KAFSPEVIPMF:HLA-B_57:01
CASSLAGGQETQYF	TRBV05-6_01	KAFSPEVIPMF:HLA-B_57:01
CASSYSDGNEAFF	TRBV06-6_01	KAFSPEVIPMF:HLA-B_57:01
CASSLAGTQETQYF	TRBV05-6_01	KAFSPEVIPMF:HLA-B_57:01
CASSQRQDSSYNEQFF	TRBV07-9_01	KAFSPEVIPMF:HLA-B_57:01
CASTASYGYTF	TRBV28_01	KAFSPEVIPMF:HLA-B_57:01
CASSPYAGSEQFF	TRBV27_01	KAFSPEVIPMF:HLA-B_57:01
CATSGEGQGGPYGYTF	TRBV15_01	KAFSPEVIPMF:HLA-B_57:01
CAGSLSNGYTF	TRBV07-9_01	KAFSPEVIPMF:HLA-B_57:01
CASSGTASFDEQFF	TRBV09_01	KAFSPEVIPMF:HLA-B_57:01
CASSGTTSFDEQFF	TRBV09_01	KAFSPEVIPMF:HLA-B_57:01
CASSVGEGFDIQYF	TRBV09_01	KAFSPEVIPMF:HLA-B_57:01
CASSSLIRGLGNQPQHF	TRBV28_01	KAFSPEVIPMF:HLA-B_57:01
CASSESRMGSQANYGYTF	TRBV25-1_01	KAFSPEVIPMF:HLA-B_57:01
CASSLAGTQETQYF	TRBV05-6_01	KAFSPEVIPMF:HLA-B_57:01
CASSLAETSADGYTF	TRBV05-1_01	KAFSPEVIPMF:HLA-B_57:01
CASSSFLSSGETQYF	TRBV28_01	KAFSPEVIPMF:HLA-B_57:01
CSARQYRTDMNTEAFF	TRBV20-1_01	ILKEPVHGV:HLA-A_02
CSVEVGAGETQYF	TRBV29-1_01	ILKEPVHGV:HLA-A_02
CASSYEWGGLPKNIQYF	TRBV06-6_01	ILKEPVHGV:HLA-A_02
CASRLVGIGNSPLHF	TRBV27_01	ILKEPVHGV:HLA-A_02
CAISEDGGETQYF	TRBV10-3_01	ILKEPVHGV:HLA-A_02
CASSFGGDEQHF	TRBV28_01	ILKEPVHGV:HLA-A_02
CAISEDGGETQYF	TRBV10-3_01	ILKEPVHGV:HLA-A_02
CASSYSRGSGNTIYF	TRBV06-6_01	QVPLRPMTYK:HLA-A_03
CASRQQGFVFEAKNIQYF	TRBV06-1_01	QVPLRPMTYK:HLA-A_03
CSAPTSGSAAFF	TRBV20-1_01	QVPLRPMTYK:HLA-A_03
CASRPGPVKNTGELFF	TRBV06-2_01	QVPLRPMTYK:HLA-A_03
CASSGGAHFSKIPLAGYNEQFF	TRBV09_01	QVPLRPMTYK:HLA-A_03
CASSLTGHPYEQYF	TRBV27_01	QVPLRPMTYK:HLA-A_03
CSVEDRHYEQYF	TRBV29-1_01	QVPLRPMTYK:HLA-A_03
CASSYSRGAGNTIYF	TRBV06-6_01	QVPLRPMTYK:HLA-A_03
CASSYSRGSGNTIYF	TRBV06-6_01	QVPLRPMTYK:HLA-A_03
CASRPGPVKNTGELFF	TRBV06-2_01	QVPLRPMTYK:HLA-A_03
CASSGGAHFSKIPLAGYNEQFF	TRBV09_01	QVPLRPMTYK:HLA-A_03
CASSLTGHPYEQYF	TRBV27_01	QVPLRPMTYK:HLA-A_03
CSVEDRHYEQYF	TRBV29-1_01	QVPLRPMTYK:HLA-A_03
CASSGQGYGYTF	TRBV19_01	KAFSPEVIPMF:HLA-B_57
CASTGGGYGYTF	TRBV19_01	KAFSPEVIPMF:HLA-B_57
CASSGQDYGYTF	TRBV19_01	KAFSPEVIPMF:HLA-B_57
CASTDSYGYTF	TRBV06-1_01	KAFSPEVIPMF:HLA-B_57
CASSGGSYGYTF	TRBV19_01	KAFSPEVIPMF:HLA-B_57
CASSGQGYGYTF	TRBV19_01	KAFSPEVIPMF:HLA-B_57
CASSGQDYGYTF	TRBV19_01	KAFSPEVIPMF:HLA-B_57
CASSGQDYGYTF	TRBV19_01	KAFSPEVIPMF:HLA-B_57
CASTDSYGYTF	TRBV06-1_01	KAFSPEVIPMF:HLA-B_57
CASSRRTSGGSDTQYF	TRBV02_01	FRDYVDRFYKTLRAEQASQE:HLA-DRA_01
CAIRRTGLPGNEQFF	TRBV02_01	FRDYVDRFYKTLRAEQASQE:HLA-DRA_01
CASNRTGLPGNEQFF	TRBV02_01	FRDYVDRFYKTLRAEQASQE:HLA-DRA_01
CASSEEGDTQYF	TRBV02_01	FRDYVDRFYKTLRAEQASQE:HLA-DRA_01
CASSEEWDTQYF	TRBV02_01	FRDYVDRFYKTLRAEQASQE:HLA-DRA_01
CASSEGGYGYTF	TRBV02_01	FRDYVDRFYKTLRAEQASQE:HLA-DRA_01
CASSEKGDTQYF	TRBV02_01	FRDYVDRFYKTLRAEQASQE:HLA-DRA_01
CASSENRVTTDYPNEKLFF	TRBV02_01	FRDYVDRFYKTLRAEQASQE:HLA-DRA_01
CASSKNRVTTAEPNEKLFF	TRBV02_01	FRDYVDRFYKTLRAEQASQE:HLA-DRA_01
CASSKNRVTTDYPNEKLFF	TRBV02_01	FRDYVDRFYKTLRAEQASQE:HLA-DRA_01
CASSPTGLPGNEQFF	TRBV02_01	FRDYVDRFYKTLRAEQASQE:HLA-DRA_01
CASSRTGLPGNEQFF	TRBV02_01	FRDYVDRFYKTLRAEQASQE:HLA-DRA_01
CASSRTGVQGNEQFF	TRBV02_01	FRDYVDRFYKTLRAEQASQE:HLA-DRA_01
CASWEGGTVGVTQYF	TRBV02_01	FRDYVDRFYKTLRAEQASQE:HLA-DRA_01
CTSSKNRVTTAEPNEKLFF	TRBV07-2_03	FRDYVDRFYKTLRAEQASQE:HLA-DRA_01
CASRRLAGASYNEQFF	TRBV02_01	FRDYVDRFYKTLRAEQASQE:HLA-DRA_01
CASRRRTSASSDEQYF	TRBV02_01	FRDYVDRFYKTLRAEQASQE:HLA-DRA_01
CASSEALRDSGGQYF	TRBV02_01	FRDYVDRFYKTLRAEQASQE:HLA-DRA_01
CASSRRTSGGTDTQYF	TRBV02_01	FRDYVDRFYKTLRAEQASQE:HLA-DRA_01
CASTKLALAYEHYF	TRBV02_01	FRDYVDRFYKTLRAEQASQE:HLA-DRA_01
CASTKLALAYEQYF	TRBV02_01	FRDYVDRFYKTLRAEQASQE:HLA-DRA_01
CASTQLAGASYHDFFF	TRBV02_01	FRDYVDRFYKTLRAEQASQE:HLA-DRA_01
CATRRLAGASYNEQFF	TRBV02_01	FRDYVDRFYKTLRAEQASQE:HLA-DRA_01
CASRRLAGASYNEQFF	TRBV02_01	FRDYVDRFYKTLRAEQASQE:HLA-DRA_01
CASSRRNSGGTDTQYF	TRBV02_01	FRDYVDRFYKTLRAEQASQE:HLA-DRA_01
CASSRRTSGGSDTQYF	TRBV02_01	FRDYVDRFYKTLRAEQASQE:HLA-DRA_01
CASSRRTSGGTDTQYF	TRBV02_01	FRDYVDRFYKTLRAEQASQE:HLA-DRA_01
CASTKLALAYEQYF	TRBV02_01	FRDYVDRFYKTLRAEQASQE:HLA-DRA_01
CASTRGSTDTQYF	TRBV02_01	FRDYVDRFYKTLRAEQASQE:HLA-DRA_01
CAISELASGTDTQYF	TRBV10-3_01	FRDYVDRFYKTLRAEQASQE:HLA-DRA_01
CASNELASGTDTQYF	TRBV02_01	FRDYVDRFYKTLRAEQASQE:HLA-DRA_01
CASSELASGANNPYF	TRBV02_01	FRDYVDRFYKTLRAEQASQE:HLA-DRA_01
CASSELASGTDTQYF	TRBV02_01	FRDYVDRFYKTLRAEQASQE:HLA-DRA_01
CASSRRTSGGTDTQYF	TRBV02_01	FRDYVDRFYKTLRAEQASQE:HLA-DRA_01
CAGSRRTSGGADTQYF	TRBV02_01	FRDYVDRFYKTLRAEQASQE:HLA-DRA_01
CARSELASGTDTQYF	TRBV02_01	FRDYVDRFYKTLRAEQASQE:HLA-DRA_01
CASIRTGSSPLHF	TRBV02_01	FRDYVDRFYKTLRAEQASQE:HLA-DRA_01
CASSARGAWGNQPQHF	TRBV02_01	FRDYVDRFYKTLRAEQASQE:HLA-DRA_01
CASSELASGTDTQYF	TRBV02_01	FRDYVDRFYKTLRAEQASQE:HLA-DRA_01
CASSRRTIGGADTQYF	TRBV02_01	FRDYVDRFYKTLRAEQASQE:HLA-DRA_01
CASSRRTSGGADTQYF	TRBV02_01	FRDYVDRFYKTLRAEQASQE:HLA-DRA_01
CASRGLVDTGELFF	TRBV02_01	FRDYVDRFYKTLRAEQASQE:HLA-DRA_01
CASSELASGTDTQYF	TRBV02_01	FRDYVDRFYKTLRAEQASQE:HLA-DRA_01
CASSERQGIWIFF	TRBV02_01	FRDYVDRFYKTLRAEQASQE:HLA-DRA_01
CAIIRRTSGGTDTQYF	TRBV02_01	FRDYVDRFYKTLRAEQASQE:HLA-DRA_01
CAISELASGTDTQYF	TRBV10-3_01	FRDYVDRFYKTLRAEQASQE:HLA-DRA_01
CAISRRTSWGSDTQYF	TRBV10-3_01	FRDYVDRFYKTLRAEQASQE:HLA-DRA_01
CASSELASGTDTQYF	TRBV02_01	FRDYVDRFYKTLRAEQASQE:HLA-DRA_01
CASSRRTNGGADTHYF	TRBV02_01	FRDYVDRFYKTLRAEQASQE:HLA-DRA_01
CASSRRTSGGADTQYF	TRBV02_01	FRDYVDRFYKTLRAEQASQE:HLA-DRA_01
CASSRRTSGGTDTQYF	TRBV02_01	FRDYVDRFYKTLRAEQASQE:HLA-DRA_01
CASSRRTTVGTDTQYF	TRBV02_01	FRDYVDRFYKTLRAEQASQE:HLA-DRA_01
CASARLAARTDTQYF	TRBV02_01	FRDYVDRFYKTLRAEQASQE:HLA-DRA_01
CASRWGQGENQPQHF	TRBV02_01	FRDYVDRFYKTLRAEQASQE:HLA-DRA_01
CASSALAARTDTQYF	TRBV02_01	FRDYVDRFYKTLRAEQASQE:HLA-DRA_01
CASSDRRAGANVLTF	TRBV02_01	FRDYVDRFYKTLRAEQASQE:HLA-DRA_01
CASSEARRVNQPQHF	TRBV02_01	FRDYVDRFYKTLRAEQASQE:HLA-DRA_01
CASTRASTDTQYF	TRBV02_01	FRDYVDRFYKTLRAEQASQE:HLA-DRA_01
CASTRGSTDTQYF	TRBV02_01	FRDYVDRFYKTLRAEQASQE:HLA-DRA_01
CASARLAARTDTQYF	TRBV02_01	FRDYVDRFYKTLRAEQASQE:HLA-DRA_01
CASPRGSTDTQYF	TRBV02_01	FRDYVDRFYKTLRAEQASQE:HLA-DRA_01
CASRGDRGLGGYTF	TRBV02_01	FRDYVDRFYKTLRAEQASQE:HLA-DRA_01
CASSALAARTDTQYF	TRBV02_01	FRDYVDRFYKTLRAEQASQE:HLA-DRA_01
CASSALSARTDTQYF	TRBV02_01	FRDYVDRFYKTLRAEQASQE:HLA-DRA_01
CASSATVTNTGELFF	TRBV02_01	FRDYVDRFYKTLRAEQASQE:HLA-DRA_01
CASSDRRAGANVLTF	TRBV02_01	FRDYVDRFYKTLRAEQASQE:HLA-DRA_01
CASSDRRVGTNVLTF	TRBV02_01	FRDYVDRFYKTLRAEQASQE:HLA-DRA_01
CASSEARRVNQPQHF	TRBV02_01	FRDYVDRFYKTLRAEQASQE:HLA-DRA_01
CASSEGRAGGYTF	TRBV02_01	FRDYVDRFYKTLRAEQASQE:HLA-DRA_01
CASSEGSYYEQYF	TRBV02_01	FRDYVDRFYKTLRAEQASQE:HLA-DRA_01
CASSVLASGTDKQYF	TRBV02_01	FRDYVDRFYKTLRAEQASQE:HLA-DRA_01
CASSVLTSGGDEQYF	TRBV02_01	FRDYVDRFYKTLRAEQASQE:HLA-DRA_01
CASTRGSTDTQYF	TRBV02_01	FRDYVDRFYKTLRAEQASQE:HLA-DRA_01
CASARLAARTDTQYF	TRBV02_01	FRDYVDRFYKTLRAEQASQE:HLA-DRA_01
CASSALAARTDTQYF	TRBV02_01	FRDYVDRFYKTLRAEQASQE:HLA-DRA_01
CASSATVTNTGELFF	TRBV02_01	FRDYVDRFYKTLRAEQASQE:HLA-DRA_01
CASTRGSTDTQYF	TRBV02_01	FRDYVDRFYKTLRAEQASQE:HLA-DRA_01
CASTRGSTHTHYF	TRBV02_01	FRDYVDRFYKTLRAEQASQE:HLA-DRA_01
CASARLAARTDTQYF	TRBV02_01	FRDYVDRFYKTLRAEQASQE:HLA-DRA_01
CASSALAARTDTQYF	TRBV02_01	FRDYVDRFYKTLRAEQASQE:HLA-DRA_01
CASSATVTNTGELFF	TRBV02_01	FRDYVDRFYKTLRAEQASQE:HLA-DRA_01
CASSEARRVNQPQHF	TRBV02_01	FRDYVDRFYKTLRAEQASQE:HLA-DRA_01
CASSVLAARTDTQYF	TRBV02_01	FRDYVDRFYKTLRAEQASQE:HLA-DRA_01
CASTGLAARTDTQYF	TRBV02_01	FRDYVDRFYKTLRAEQASQE:HLA-DRA_01
CASTGRGSTDTQYF	TRBV02_01	FRDYVDRFYKTLRAEQASQE:HLA-DRA_01
CTSTRGSTDTQYF	TRBV07-2_03	FRDYVDRFYKTLRAEQASQE:HLA-DRA_01
CASSDPLAGGNEQYF	TRBV06-1_01	CINGVCWTV:HLA-A_02
CSAWTGSATEAFF	TRBV20-1_01	CINGVCWTV:HLA-A_02
CASSEVVTAFSYEQYF	TRBV06-1_01	CINGVCWTV:HLA-A_02
CASISSNQPQHF	TRBV07-9_01	CINGVCWTV:HLA-A_02
CATSDAPGTGIPYEQYF	TRBV24-1_01	CINGVCWTV:HLA-A_02
CASSLGTQTYEQYF	TRBV27_01	CINGVCWTV:HLA-A_02
CASSPGTSDPANYGYTF	TRBV27_01	CINGVCWTV:HLA-A_02
CASSLSGTGELFF	TRBV12-3_01	CINGVCWTV:HLA-A_02
CASSSGQGNIQYF	TRBV28_01	CINGVCWTV:HLA-A_02
CSAWTGSATEAFF	TRBV20-1_01	CINGVCWTV:HLA-A_02
CASSLGTQTYEQYF	TRBV27_01	CINGVCWTV:HLA-A_02
CATSDAPGTGIPYEQYF	TRBV24-1_01	CINGVCWTV:HLA-A_02
CASSPGTSDPANYGYTF	TRBV27_01	CINGVCWTV:HLA-A_02
CASSDPLAGGNEQYF	TRBV06-1_01	CINGVCWTV:HLA-A_02
CASISSNQPQHF	TRBV07-9_01	CINGVCWTV:HLA-A_02
CASSSGQGNIQYF	TRBV28_01	CINGVCWTV:HLA-A_02
CASSSGQGNIQYF	TRBV28_01	CINGVCWTV:HLA-A_02
CSAWTGSATEAFF	TRBV20-1_01	CINGVCWTV:HLA-A_02
CASSDPLAGGNEQYF	TRBV06-1_01	CINGVCWTV:HLA-A_02
CATSDAPGTGIPYEQYF	TRBV24-1_01	CINGVCWTV:HLA-A_02
CASSPGTSDPANYGYTF	TRBV27_01	CINGVCWTV:HLA-A_02
CASSLGTQTYEQYF	TRBV27_01	CINGVCWTV:HLA-A_02
CASSLSGTGELFF	TRBV12-3_01	CINGVCWTV:HLA-A_02
CASSEVVTAFSYEQYF	TRBV06-1_01	CINGVCWTV:HLA-A_02
CASISSNQPQHF	TRBV07-9_01	CINGVCWTV:HLA-A_02
CASSSGQGNIQYF	TRBV28_01	CINGVCWTV:HLA-A_02
CSAWTGSATEAFF	TRBV20-1_01	CINGVCWTV:HLA-A_02
CASSDPLAGGNEQYF	TRBV06-1_01	CINGVCWTV:HLA-A_02
CATSDAPGTGIPYEQYF	TRBV24-1_01	CINGVCWTV:HLA-A_02
CASSPGTSDPANYGYTF	TRBV27_01	CINGVCWTV:HLA-A_02
CASSLGTQTYEQYF	TRBV27_01	CINGVCWTV:HLA-A_02
CASISSNQPQHF	TRBV07-9_01	CINGVCWTV:HLA-A_02
CASSLSGTGELFF	TRBV12-3_01	CINGVCWTV:HLA-A_02
CASSEVVTAFSYEQYF	TRBV06-1_01	CINGVCWTV:HLA-A_02
CASSSGQGNIQYF	TRBV28_01	CINGVCWTV:HLA-A_02
CASTSQSELFF	TRBV06-1_01	CINGVCWTV:HLA-A_02
CASSRFLGSGGAAEQFF	TRBV03-1_01	CINGVCWTV:HLA-A_02
CASSYSAGTLDYGYTF	TRBV06-6_01	CINGVCWTV:HLA-A_02
CASTSQSELFF	TRBV06-1_01	CINGVCWTV:HLA-A_02
CASSRFLGSGGAAEQFF	TRBV03-1_01	CINGVCWTV:HLA-A_02
CASSRFLGSGGAAEQFF	TRBV03-1_01	CINGVCWTV:HLA-A_02
CASSVDEGNTGELFF	TRBV09_01	CINGVCWTV:HLA-A_02
CSAWTGSATEAFF	TRBV20-1_01	CINGVCWTV:HLA-A_02
CASISSNQPQHF	TRBV07-9_01	CINGVCWTV:HLA-A_02
CASSSGQGNIQYF	TRBV28_01	CINGVCWTV:HLA-A_02
CASSLSGGNQETQYF	TRBV27_01	CINGVCWTV:HLA-A_02
CASSLSGTGELFF	TRBV12-3_01	CINGVCWTV:HLA-A_02
CASSSGQGNIQYF	TRBV28_01	CINGVCWTV:HLA-A_02
CATSEPAGLAGGNNEQFF	TRBV24-1_01	CINGVCWTV:HLA-A_02
CASSPGTSDPANYGYTF	TRBV27_01	CINGVCWTV:HLA-A_02
CASSLAGTSTEQFF	TRBV14_01	CINGVCWTV:HLA-A_02
CASSLEGLVAVETQYF	TRBV05-1_01	CINGVCWTV:HLA-A_02
CASSSLADFYQPQHF	TRBV07-2_01	CINGVCWTV:HLA-A_02
CASSLGTSGGFTDTQYF	TRBV05-6_01	CINGVCWTV:HLA-A_02
CASSYSAGTLDYGYTF	TRBV06-6_01	CINGVCWTV:HLA-A_02
CASRPGTASYEQYF	TRBV28_01	CPSQEPMSIYVY:HLA-B_35:08
CASRPGTASYEQYF	TRBV28_01	CPSQEPMSIYVY:HLA-B_35:08
CASRPGTSSYEQYF	TRBV28_01	CPSQEPMSIYVY:HLA-B_35:08
CASRPGTSSYEQYF	TRBV28_01	CPSQEPMSIYVY:HLA-B_35:08
CASRPGTSSYEQYF	TRBV28_01	CPSQEPMSIYVY:HLA-B_35:08
CASGWGSQPQHF	TRBV07-9_01	AVFDRKSDAK:HLA-A_11:01
CASSLNRGAREKLFF	TRBV07-2_01	AVFDRKSDAK:HLA-A_11:01
CASSLTSAAGELFF	TRBV28_01	AVFDRKSDAK:HLA-A_11:01
CASSRTSATGELFF	TRBV28_01	AVFDRKSDAK:HLA-A_11:01
CASTQTSAAGELFF	TRBV28_01	AVFDRKSDAK:HLA-A_11:01
CASSLSSATGELFF	TRBV28_01	AVFDRKSDAK:HLA-A_11:01
CASSLTSATGELFF	TRBV28_01	AVFDRKSDAK:HLA-A_11:01
CASSQEGTGSYEQYF	TRBV06-2_01	AVFDRKSDAK:HLA-A_11:01
CASRPGQGGYEQYF	TRBV27_01	ISPRTLNAW:HLA-B_57
CASSLAQGWKTQYF	TRBV07-9_01	ISPRTLNAW:HLA-B_57
CASRTQRWETQYF	TRBV27_01	QASQEVKNW:HLA-B_57
CASSQGPGERAGFNYEQYF	TRBV03-1_01	QASQEVKNW:HLA-B_57
CASSLGYGYTF	TRBV28_01	QASQEVKNW:HLA-B_57
CASSKGRYNEQFF	TRBV27_01	QASQEVKNW:HLA-B_57
CASPHPDRPNYGYTF	TRBV07-9_01	KAFSPEVIPMF:HLA-B_57
CASGGEFYGYTF	TRBV07-9_01	KAFSPEVIPMF:HLA-B_57
CAIGGHDYGYTF	TRBV10-3_01	KAFSPEVIPMF:HLA-B_57
CASSSLVNTGELFF	TRBV06-5_01	KAFSPEVIPMF:HLA-B_57
CALTGGDYGYTF	TRBV06-5_01	KAFSPEVIPMF:HLA-B_57
CSARGWVSNNRETQYF	TRBV20-1_01	KAFSPEVIPMF:HLA-B_57
CSAREKGSQETQYF	TRBV20-1_01	KAFSPEVIPMF:HLA-B_57
CASSQDRIHTEAFF	TRBV07-8_01	ISPRTLNAW:HLA-B_57
CASSLGGGYTF	TRBV07-9_01	KAFSPEVIPMF:HLA-B_57
CASEDFKNIQYF	TRBV07-8_01	KAFSPEVIPMF:HLA-B_57
CASSPGQTNYGYTF	TRBV07-9_01	KAFSPEVIPMF:HLA-B_57
CASYNFGQYGYTF	TRBV05-1_01	KAFSPEVIPMF:HLA-B_57
CASSPMDLLDEQYF	TRBV07-6_01	KAFSPEVIPMF:HLA-B_57
CASRGGSGELFF	TRBV02_01	KAFSPEVIPMF:HLA-B_57
CASSGFRDRVNEQYF	TRBV07-9_01	KAFSPEVIPMF:HLA-B_57
CASELSGNTIYF	TRBV07-9_01	KAFSPEVIPMF:HLA-B_57
CATEASGNTIYF	TRBV07-9_01	KAFSPEVIPMF:HLA-B_57
CASSVRTGELFF	TRBV27_01	QVPLRPMTYK:HLA-A_03
CASSERDSQYQETQYF	TRBV09_01	QVPLRPMTYK:HLA-A_03
CASSARAFPEGNQPQHF	TRBV09_01	QVPLRPMTYK:HLA-A_03
CASSYSGQGAAGELFF	TRBV07-9_01	QVPLRPMTYK:HLA-A_03
CASSPVLYEQYF	TRBV14_01	QVPLRPMTYK:HLA-A_03
CASSVRTGELFF	TRBV27_01	QVPLRPMTYK:HLA-A_11
CASSERDSQYQETQYF	TRBV09_01	QVPLRPMTYK:HLA-A_11
CASSARAFPEGNQPQHF	TRBV09_01	QVPLRPMTYK:HLA-A_11
CASSYSGQGAAGELFF	TRBV07-9_01	QVPLRPMTYK:HLA-A_11
CASSPVLYEQYF	TRBV14_01	QVPLRPMTYK:HLA-A_11
CASGEVGELFF	TRBV06-2_01	QVPLRPMTYK:HLA-A_03
CASRETGWGNQPQHF	TRBV27_01	QVPLRPMTYK:HLA-A_03
CASSETNRVEMEAFF	TRBV10-2_01	QVPLRPMTYK:HLA-A_03
CATSAGRQRDTGELFF	TRBV24-1_01	QVPLRPMTYK:HLA-A_03
CASSKYNEQFF	TRBV19_01	QVPLRPMTYK:HLA-A_03
CASSYSRGSGNTIYF	TRBV06-6_01	QVPLRPMTYK:HLA-A_03
CASRQQGFVFEAKNIQYF	TRBV06-1_01	QVPLRPMTYK:HLA-A_03
CSAPTSGSAAFF	TRBV20-1_01	QVPLRPMTYK:HLA-A_03
CASSGGAHFSKIPLAGYNEQFF	TRBV09_01	QVPLRPMTYK:HLA-A_03
CASSLTGHPYEQYF	TRBV27_01	QVPLRPMTYK:HLA-A_03
CSARGAGGFTHYEQYF	TRBV20-1_01	QVPLRPMTYK:HLA-A_03
CASSLVGFANTGELFF	TRBV07-9_01	QVPLRPMTYK:HLA-A_03
CASSSSGRGLGIQYF	TRBV27_01	QVPLRPMTYK:HLA-A_03
CASSVSGFSTDTQYF	TRBV19_01	QVPLRPMTYK:HLA-A_11
CSVLKVGTSGFNEQFF	TRBV29-1_01	QVPLRPMTYK:HLA-A_11
CSVPKVGTSGFNEQFF	TRBV29-1_01	QVPLRPMTYK:HLA-A_11
CSVPKTGTSGFNEQFF	TRBV29-1_01	QVPLRPMTYK:HLA-A_11
CSVVAGGPGDTQYF	TRBV29-1_01	QVPLRPMTYK:HLA-A_11
CATSRGARGSNQPQHF	TRBV15_01	FRDYVDRFYKTLRAEQASQE:HLA-DRA_01:01
CASSPRTSGPYEQYF	TRBV02_01	FRDYVDRFYKTLRAEQASQE:HLA-DRA_01:01
CASSRLAGGMDEQFF	TRBV02_01	FRDYVDRFYKTLRAEQASQE:HLA-DRA_01:01
CATTPGASGISEQFF	TRBV02_01	FRDYVDRFYKTLRAEQASQE:HLA-DRA_01:01
CASSRRTSGGTDTQYF	TRBV02_01	FRDYVDRFYKTLRAEQASQE:HLA-DRA_01:01
CASSGLAGGMDEQFF	TRBV02_01	FRDYVDRFYKTLRAEQASQE:HLA-DRA_01:01
CASSPGTSGVGEQFF	TRBV02_01	FRDYVDRFYKTLRAEQASQE:HLA-DRA_01:01
CASSRRTSGGTDTQYF	TRBV02_01	FRDYVDRFYKTLRAEQASQE:HLA-DRA_01:01
CASSVVGSYNEQFF	TRBV02_01	FRDYVDRFYKTLRAEQASQE:HLA-DRA_01:01
CASSPGTSGVGEQFF	TRBV02_01	FRDYVDRFYKTLRAEQASQE:HLA-DRA_01:01
CASSRRTSGGTDTQYF	TRBV02_01	FRDYVDRFYKTLRAEQASQE:HLA-DRA_01:01
CASSRRTSGGTDTQYF	TRBV02_01	FRDYVDRFYKTLRAEQASQE:HLA-DRA_01:01
CASSELTSGGDEQFF	TRBV02_01	FRDYVDRFYKTLRAEQASQE:HLA-DRA_01:01
CASKPARANEQFF	TRBV02_01	FRDYVDRFYKTLRAEQASQE:HLA-DRA_01:01
CASSRSSGGAYNEQFF	TRBV02_01	FRDYVDRFYKTLRAEQASQE:HLA-DRA_01:01
CASSVRAQGYTF	TRBV02_01	FRDYVDRFYKTLRAEQASQE:HLA-DRA_01:01
CASRPLHSVYEQYF	TRBV02_01	FRDYVDRFYKTLRAEQASQE:HLA-DRA_01:01
CASSEVSGANVLTF	TRBV02_01	FRDYVDRFYKTLRAEQASQE:HLA-DRA_01:01
CASSEFRTRGYTF	TRBV02_01	FRDYVDRFYKTLRAEQASQE:HLA-DRA_01:01
CASRIRTSGGEQYF	TRBV02_01	FRDYVDRFYKTLRAEQASQE:HLA-DRA_01:01
CASNKLTSGGRDTQYF	TRBV02_01	FRDYVDRFYKTLRAEQASQE:HLA-DRA_01:01
CASSARTSGGSDTQYF	TRBV02_01	FRDYVDRFYKTLRAEQASQE:HLA-DRA_01:01
CASSLLTSGGRETQYF	TRBV02_01	FRDYVDRFYKTLRAEQASQE:HLA-DRA_01:01
CASSSRTSGGTDTQYF	TRBV02_01	FRDYVDRFYKTLRAEQASQE:HLA-DRA_01:01
CATSRGARGSNQPQHF	TRBV15_01	FRDYVDRFYKTLRAEQASQE:HLA-DRA_01:01
CASSGQTNTEAFF	TRBV02_01	FRDYVDRFYKTLRAEQASQE:HLA-DRA_01:01
CASSALASGTDTQYF	TRBV02_01	FRDYVDRFYKTLRAEQASQE:HLA-DRA_01:01
CASSELASGQGSQYF	TRBV02_01	FRDYVDRFYKTLRAEQASQE:HLA-DRA_01:01
CASSELASGSYEQYF	TRBV02_01	FRDYVDRFYKTLRAEQASQE:HLA-DRA_01:01
CASSPRTSGPYEQYF	TRBV02_01	FRDYVDRFYKTLRAEQASQE:HLA-DRA_01:01
CASSRLASGTDTQYF	TRBV02_01	FRDYVDRFYKTLRAEQASQE:HLA-DRA_01:01
CATTPGASGISEQFF	TRBV02_01	FRDYVDRFYKTLRAEQASQE:HLA-DRA_01:01
CASSERGQGARYEQYF	TRBV02_01	FRDYVDRFYKTLRAEQASQE:HLA-DRA_01:01
CASSRRTSGGTDTQYF	TRBV02_01	FRDYVDRFYKTLRAEQASQE:HLA-DRA_01:01
CASSAKARGNQPQHF	TRBV02_01	FRDYVDRFYKTLRAEQASQE:HLA-DRA_01:01
CASSALAGGTDTQYF	TRBV02_01	FRDYVDRFYKTLRAEQASQE:HLA-DRA_01:01
CASSALASGTDTQYF	TRBV02_01	FRDYVDRFYKTLRAEQASQE:HLA-DRA_01:01
CASSDAASGVGEQYF	TRBV02_01	FRDYVDRFYKTLRAEQASQE:HLA-DRA_01:01
CASSGQARGNQPQHF	TRBV02_01	FRDYVDRFYKTLRAEQASQE:HLA-DRA_01:01
CASSPGTSGVGEQFF	TRBV02_01	FRDYVDRFYKTLRAEQASQE:HLA-DRA_01:01
CASSELASGDEQFF	TRBV02_01	FRDYVDRFYKTLRAEQASQE:HLA-DRA_01:01
CASSALASGGDTQYF	TRBV02_01	FRDYVDRFYKTLRAEQASQE:HLA-DRA_01:01
CASSPRTSGGDEQYF	TRBV02_01	FRDYVDRFYKTLRAEQASQE:HLA-DRA_01:01
CASSPRTSGTYEQYF	TRBV02_01	FRDYVDRFYKTLRAEQASQE:HLA-DRA_01:01
CASSARTSGGSDTQYF	TRBV02_01	FRDYVDRFYKTLRAEQASQE:HLA-DRA_01:01
CASSARTSGGTDTQYF	TRBV02_01	FRDYVDRFYKTLRAEQASQE:HLA-DRA_01:01
CASSRRTSGGTDTQYF	TRBV02_01	FRDYVDRFYKTLRAEQASQE:HLA-DRA_01:01
CASRIRTSGGEQYF	TRBV02_01	FRDYVDRFYKTLRAEQASQE:HLA-DRA_01:01
CASSALASGTDTQYF	TRBV02_01	FRDYVDRFYKTLRAEQASQE:HLA-DRA_01:01
CASSPRTSGTYEQYF	TRBV02_01	FRDYVDRFYKTLRAEQASQE:HLA-DRA_01:01
CASSARTSGGSDTQYF	TRBV02_01	FRDYVDRFYKTLRAEQASQE:HLA-DRA_01:01
CASSLLTSGGRETQYF	TRBV02_01	FRDYVDRFYKTLRAEQASQE:HLA-DRA_01:01
CASSPGTSGVGEQFF	TRBV02_01	FRDYVDRFYKTLRAEQASQE:HLA-DRA_01:01
CASSRLAGGMDEQFF	TRBV02_01	FRDYVDRFYKTLRAEQASQE:HLA-DRA_01:01
CASSRRTSGGTDTQYF	TRBV02_01	FRDYVDRFYKTLRAEQASQE:HLA-DRA_01:01
CASSLVLAGGRKQFF	TRBV07-2_01	DPFRLLQNSQVFS:HLA-DRA_01
CASSSRTTSNQPQHF	TRBV02_01	DPFRLLQNSQVFS:HLA-DRA_01
CASSLRFGGSHEQYF	TRBV07-8_01	DPFRLLQNSQVFS:HLA-DRA_01
CASSLAMGGGTEAFF	TRBV07-8_01	DPFRLLQNSQVFS:HLA-DRA_01
CASSLGSGVSNYGYTF	TRBV07-2_01	GLIYNRMGAVTTEV:HLA-DRA_01
CASSLDWGGYTF	TRBV07-2_01	GLIYNRMGAVTTEV:HLA-DRA_01
CASCQGRGGTDTQYF	TRBV12-4_01	GLIYNRMGAVTTEV:HLA-DRA_01
CASSREGPPDTEAFF	TRBV05-1_01	PKYVKQNTLKLAT:HLA-DRA_01
CASSYSGGVGETQYF	TRBV06-5_01	PKYVKQNTLKLAT:HLA-DRA_01
CASTPGTGDVQPQHF	TRBV28_01	PKYVKQNTLKLAT:HLA-DRA_01
CASSLGAGDYNEQFF	TRBV11-2_01	QARQMVQAMRTIGTHP:HLA-DRA_01
CASSSRDSYSTQYF	TRBV09_01	QARQMVQAMRTIGTHP:HLA-DRA_01
CASSLIGYEQYF	TRBV05-1_01	QARQMVQAMRTIGTHP:HLA-DRA_01
CASSLGTLGNTIYF	TRBV11-2_01	QARQMVQAMRTIGTHP:HLA-DRA_01
CSARDYVMDTQYF	TRBV20-1_01	QARQMVQAMRTIGTHP:HLA-DRA_01
CASSIGTVGFRAFF	TRBV11-2_01	QARQMVQAMRTIGTHP:HLA-DRA_01
CSARDLQGAYNSPLHF	TRBV20-1_01	QARQMVQAMRTIGTHP:HLA-DRA_01
CSARDLQGSYNSPLHF	TRBV20-1_01	QARQMVQAMRTIGTHP:HLA-DRA_01
CASSLEGARGPNQPQHF	TRBV28_01	SGPLKAEIAQRLED:HLA-DRA_01
CASTSPDRGNEKLFF	TRBV06-2_01	SGPLKAEIAQRLED:HLA-DRA_01
CASSQASSGGKETQYF	TRBV03-1_01	SGPLKAEIAQRLED:HLA-DRA_01
CASSGAGDRGPNQPQHF	TRBV28_01	SGPLKAEIAQRLED:HLA-DRA_01
CASSSPSGGAPYNEQFF	TRBV06-5_01	SGPLKAEIAQRLED:HLA-DRA_01
CASSYSRGLAGDTQYF	TRBV06-5_01	DPFRLLQNSQVFS:HLA-DRA_01
CASSLIIAGVRELFF	TRBV07-3_01	DPFRLLQNSQVFS:HLA-DRA_01
CASSSRTGGTDTQYF	TRBV07-8_01	DPFRLLQNSQVFS:HLA-DRA_01
CASSLRIAGGPDTQYF	TRBV07-3_01	DPFRLLQNSQVFS:HLA-DRA_01
CASSSGSGKNTEAFF	TRBV06-1_01	GLIYNRMGAVTTEV:HLA-DRA_01
CASSLDAGSVREQFF	TRBV07-2_01	GLIYNRMGAVTTEV:HLA-DRA_01
CASSWDWSGYTF	TRBV07-2_01	GLIYNRMGAVTTEV:HLA-DRA_01
CASSLSGTGSQETQYF	TRBV07-3_01	GLIYNRMGAVTTEV:HLA-DRA_01
CASSLDWGREAFF	TRBV07-2_01	GLIYNRMGAVTTEV:HLA-DRA_01
CASTTVGNNSPLHF	TRBV05-6_01	GLIYNRMGAVTTEV:HLA-DRA_01
CASSLRPTNEQFF	TRBV28_01	GMFNMLSTVLGVS:HLA-DRA_01
CSARRGGDTQYF	TRBV20-1_01	GMFNMLSTVLGVS:HLA-DRA_01
CAWKSRLAGNTGELFF	TRBV30_01	GMFNMLSTVLGVS:HLA-DRA_01
CASISWDRGQYYGYTF	TRBV06-1_01	GMFNMLSTVLGVS:HLA-DRA_01
CSARRGGDTQYF	TRBV20-1_01	GMFNMLSTVLGVS:HLA-DRA_01
CASSYPTGQGNYGYTF	TRBV06-5_01	PKYVKQNTLKLAT:HLA-DRA_01
CASSLSQGSRTF	TRBV28_01	PKYVKQNTLKLAT:HLA-DRA_01
CASSPLQGTGSGANVLTF	TRBV28_01	PKYVKQNTLKLAT:HLA-DRA_01
CASSLGQASNQPQHF	TRBV05-1_01	QARQMVQAMRTIGTHP:HLA-DRA_01
CASSFGSYGEQYF	TRBV12-4_01	QARQMVQAMRTIGTHP:HLA-DRA_01
CSARNLGASFDEQFF	TRBV20-1_01	QARQMVQAMRTIGTHP:HLA-DRA_01
CSARGLQGDYNSPLHF	TRBV20-1_01	QARQMVQAMRTIGTHP:HLA-DRA_01
CASSQDTYTEAFF	TRBV05-1_01	QARQMVQAMRTIGTHP:HLA-DRA_01
CSARDLGGNYNSPLHF	TRBV20-1_01	QARQMVQAMRTIGTHP:HLA-DRA_01
CSARDLQGSYNSPLHF	TRBV20-1_01	QARQMVQAMRTIGTHP:HLA-DRA_01
CSARDLQGAYNSPLHF	TRBV20-1_01	QARQMVQAMRTIGTHP:HLA-DRA_01
CASSLSTGIQPQHF	TRBV12-3_01	SGPLKAEIAQRLED:HLA-DRA_01
CASSSTGYGYTF	TRBV18_01	SGPLKAEIAQRLED:HLA-DRA_01
CASSLDRRGSATNEQFF	TRBV07-9_01	SGPLKAEIAQRLED:HLA-DRA_01
CSVDRQDRGFYGYTF	TRBV29-1_01	SGPLKAEIAQRLED:HLA-DRA_01
CATSDPQGGSTEAFF	TRBV24-1_01	SGPLKAEIAQRLED:HLA-DRA_01
CASSQILLDSPLHF	TRBV04-2_01	SGPLKAEIAQRLED:HLA-DRA_01
CASRPRYGGAPGELFF	TRBV07-2_01	DPFRLLQNSQVFS:HLA-DRA_01
CASSGQGAGYGYTF	TRBV12-3_01	GLIYNRMGAVTTEV:HLA-DRA_01
CASSLLGGSTNTGELFF	TRBV07-2_01	GLIYNRMGAVTTEV:HLA-DRA_01
CASSPDWGGEQFF	TRBV07-9_01	GLIYNRMGAVTTEV:HLA-DRA_01
CSATTGNPGQPQHF	TRBV20-1_01	GLIYNRMGAVTTEV:HLA-DRA_01
CASRREYSTDTQYF	TRBV05-1_01	GLIYNRMGAVTTEV:HLA-DRA_01
CASSLEGSPSQNTEAFF	TRBV11-3_01	GMFNMLSTVLGVS:HLA-DRA_01
CSARVGGDTQYF	TRBV20-1_01	GMFNMLSTVLGVS:HLA-DRA_01
CASSARPGNTIYF	TRBV25-1_01	GMFNMLSTVLGVS:HLA-DRA_01
CARKTGHNEKLFF	TRBV07-6_01	GMFNMLSTVLGVS:HLA-DRA_01
CASSVRQDNEQFF	TRBV09_01	GMFNMLSTVLGVS:HLA-DRA_01
CSARVGGDTQYF	TRBV20-1_01	GMFNMLSTVLGVS:HLA-DRA_01
CSARVGGDTQYF	TRBV20-1_01	GMFNMLSTVLGVS:HLA-DRA_01
CASSYEGTEAFF	TRBV06-5_01	PKYVKQNTLKLAT:HLA-DRA_01
CASSESGTGDYEQYF	TRBV25-1_01	PKYVKQNTLKLAT:HLA-DRA_01
CASSLGQGEQYF	TRBV07-2_01	PKYVKQNTLKLAT:HLA-DRA_01
CASSWDRGDGDTQYF	TRBV28_01	PKYVKQNTLKLAT:HLA-DRA_01
CASSPTQGHSGNTIYF	TRBV06-5_01	PKYVKQNTLKLAT:HLA-DRA_01
CASNGGGAVDTQYF	TRBV28_01	PKYVKQNTLKLAT:HLA-DRA_01
CSARGLQGDYNSPLHF	TRBV20-1_01	QARQMVQAMRTIGTHP:HLA-DRA_01
CASSQDLPGSNQPQHF	TRBV04-2_01	QARQMVQAMRTIGTHP:HLA-DRA_01
CSARDLQGSYNSPLHF	TRBV20-1_01	QARQMVQAMRTIGTHP:HLA-DRA_01
CASSRTSADTQYF	TRBV27_01	QARQMVQAMRTIGTHP:HLA-DRA_01
CASSSPSGGAPYNEQFF	TRBV06-5_01	SGPLKAEIAQRLED:HLA-DRA_01
CATSALNEQFF	TRBV24-1_01	SGPLKAEIAQRLED:HLA-DRA_01
CASSALSRGSYGYTF	TRBV12-4_01	SGPLKAEIAQRLED:HLA-DRA_01
CASSFGTSGNNEQFF	TRBV11-2_01	GLIYNRMGAVTTEV:HLA-DRA_01
CASSEAGASGYTF	TRBV06-1_01	GLIYNRMGAVTTEV:HLA-DRA_01
CASSRDSSFNQPQHF	TRBV12-3_01	GLIYNRMGAVTTEV:HLA-DRA_01
CASSPGGQLKNIQYF	TRBV28_01	PKYVKQNTLKLAT:HLA-DRA_01
CASSLGLAGNTDTQYF	TRBV12-4_01	PKYVKQNTLKLAT:HLA-DRA_01
CASSVTPQGTEAFF	TRBV09_01	PKYVKQNTLKLAT:HLA-DRA_01
CASSSVLSGANVLTF	TRBV07-3_01	DPFRLLQNSQVFS:HLA-DRA_01
CASSLDGAGRADTQYF	TRBV07-2_01	GLIYNRMGAVTTEV:HLA-DRA_01
CASSQDLGTGYSPLHF	TRBV03-1_01	GLIYNRMGAVTTEV:HLA-DRA_01
CASNWGPLDYGYTF	TRBV03-1_01	GLIYNRMGAVTTEV:HLA-DRA_01
CASSKSGPVSPEAFF	TRBV19_01	GLIYNRMGAVTTEV:HLA-DRA_01
CASSFNRGGTEAFF	TRBV27_01	GLIYNRMGAVTTEV:HLA-DRA_01
CASSLASPNVLTF	TRBV03-1_01	GLIYNRMGAVTTEV:HLA-DRA_01
CASSSGQGVFYNEQFF	TRBV12-3_01	GMFNMLSTVLGVS:HLA-DRA_01
CASSVASGVTGELFF	TRBV09_01	GMFNMLSTVLGVS:HLA-DRA_01
CASSVVGAGTDTQYF	TRBV09_01	GMFNMLSTVLGVS:HLA-DRA_01
CASSYAGLGSGANVLTF	TRBV05-1_01	GMFNMLSTVLGVS:HLA-DRA_01
CSARRGGDTQYF	TRBV20-1_01	GMFNMLSTVLGVS:HLA-DRA_01
CASSVAGTGDYEQYF	TRBV25-1_01	PKYVKQNTLKLAT:HLA-DRA_01
CASSLSGQGALQPQHF	TRBV12-4_01	PKYVKQNTLKLAT:HLA-DRA_01
CASSPGQNEQFF	TRBV18_01	PKYVKQNTLKLAT:HLA-DRA_01
CATSGWGQGGTGELFF	TRBV24-1_01	PKYVKQNTLKLAT:HLA-DRA_01
CASSLEAGGQETQYF	TRBV07-3_01	QARQMVQAMRTIGTHP:HLA-DRA_01
CASSLGSYNEQFF	TRBV12-4_01	QARQMVQAMRTIGTHP:HLA-DRA_01
CASSLGGVGEKLFF	TRBV12-4_01	QARQMVQAMRTIGTHP:HLA-DRA_01
CASSSGSGGASNEQFF	TRBV07-8_01	QARQMVQAMRTIGTHP:HLA-DRA_01
CASSFGSYNEQFF	TRBV12-4_01	QARQMVQAMRTIGTHP:HLA-DRA_01
CASSLGSYNEQFF	TRBV12-4_01	QARQMVQAMRTIGTHP:HLA-DRA_01
CASSFPSGGVFSQYF	TRBV12-3_01	SGPLKAEIAQRLED:HLA-DRA_01
CASSERDRGSYGYTF	TRBV25-1_01	SGPLKAEIAQRLED:HLA-DRA_01
CASSFLSGGSKETQYF	TRBV12-3_01	SGPLKAEIAQRLED:HLA-DRA_01
CATAGLNEQFF	TRBV24-1_01	SGPLKAEIAQRLED:HLA-DRA_01
CASTRGGQGGTEAFF	TRBV13_01	SGPLKAEIAQRLED:HLA-DRA_01
CASSARSTEAFF	TRBV19_01	SGPLKAEIAQRLED:HLA-DRA_01
CASSLAGDRGPNQPQHF	TRBV12-3_01	SGPLKAEIAQRLED:HLA-DRA_01
CASSLGSYEQYF	TRBV12-3_01	GTSGSPIVNR:HLA-A_11:01
CASSLVGGTPSYNEQFF	TRBV11-2_01	GTSGSPIVNR:HLA-A_11:01
CASSLFAGGPDTQYF	TRBV11-2_01	GTSGSPIVNR:HLA-A_11:01
CASSWGAAEAFF	TRBV12-3_01	GTSGSPIVNR:HLA-A_11:01
CASSLVIPTGWRDNEQFF	TRBV11-2_01	GTSGSPIVNR:HLA-A_11:01
CASSLNSGSAGELFF	TRBV07-3_01	GTSGSPIVNR:HLA-A_11:01
CASNLGTEETQYF	TRBV12-3_01	GTSGSPIVNR:HLA-A_11:01
CASSLGPDNEQFF	TRBV11-2_01	GTSGSPIVNR:HLA-A_11:01
CASSPGVEKLFF	TRBV12-3_01	GTSGSPIVNR:HLA-A_11:01
CASSLGVPEAFF	TRBV12-3_01	GTSGSPIVNR:HLA-A_11:01
CASTPLWGDQETQYF	TRBV11-2_01	GTSGSPIVNR:HLA-A_11:01
CASSLGYQGYEQFF	TRBV11-2_01	GTSGSPIVNR:HLA-A_11:01
CASSSGSYEQYF	TRBV12-3_01	GTSGSPIVNR:HLA-A_11:01
CASSLGSAEAFF	TRBV11-2_01	GTSGSPIVNR:HLA-A_11:01
CASSLGQGAYEQYF	TRBV11-2_01	GTSGSPIVNR:HLA-A_11:01
CASSPGTAEAFF	TRBV12-3_01	GTSGSPIVNR:HLA-A_11:01
CASSWGSYEQFF	TRBV12-3_01	GTSGSPIVNR:HLA-A_11:01
CASSPGTDEAFF	TRBV12-3_01	GTSGSPIVNR:HLA-A_11:01
CASSLTAGTQETQYF	TRBV07-8_01	GTSGSPIVNR:HLA-A_11:01
CASTPGLWNTEAFF	TRBV12-3_01	GTSGSPIVNR:HLA-A_11:01
CASSPGTEHGYTF	TRBV12-3_01	GTSGSPIVNR:HLA-A_11:01
CASGLGSYEQYF	TRBV12-5_01	GTSGSPIVNR:HLA-A_11:01
CASSGGTSFREQFF	TRBV03-1_01	GTSGSPIVNR:HLA-A_11:01
CASSPGGARAFF	TRBV12-3_01	GTSGSPIVNR:HLA-A_11:01
CASSLAGGGAYEQYF	TRBV11-2_01	GTSGSPIVNR:HLA-A_11:01
CASSIGVETQYF	TRBV12-3_01	GTSGSPIVNR:HLA-A_11:01
CASSPGTLHGYTF	TRBV12-3_01	GTSGSPIVNR:HLA-A_11:01
CASSQGGGNYEQYF	TRBV11-2_01	GTSGSPIVNR:HLA-A_11:01
CASRLAASYNEQFF	TRBV05-1_01	GTSGSPIIDK:HLA-A_11:01
CASSGPRDGRGNEKLFF	TRBV09_01	GTSGSPIIDK:HLA-A_11:01
CASTKGFSGNTIYF	TRBV19_01	GTSGSPIIDK:HLA-A_11:01
CASRLNRGPGEQYF	TRBV06-1_01	GTSGSPIIDK:HLA-A_11:01
CASSLSGTDTQYF	TRBV07-3_01	GTSGSPIINR:HLA-A_11:01
CASSQDPGLNEKLFF	TRBV04-1_01	GTSGSPIINR:HLA-A_11:01
CATSDHSTSGRRNEQFF	TRBV24-1_01	GTSGSPIINR:HLA-A_11:01
CASSLGAGDRSYEQYF	TRBV11-2_01	GTSGSPIINR:HLA-A_11:01
CASSQMTGTGELFF	TRBV04-1_01	GTSGSPIIDK:HLA-A_11:01
CATSRDRGISNYGYTF	TRBV15_01	GTSGSPIIDK:HLA-A_11:01
CAIRAGTATYGYTF	TRBV10-3_01	GTSGSPIIDK:HLA-A_11:01
CASSGNEQFF	TRBV09_01	GTSGSPIIDK:HLA-A_11:01
CASSLKGGWAYNEQFF	TRBV11-2_01	GTSGSPIIDK:HLA-A_11:01
CASSQRSRDRGAFF	TRBV04-1_01	GTSGSPIIDK:HLA-A_11:01
CASSYTFRDTKETQYF	TRBV06-2_01	GTSGSPIIDK:HLA-A_11:01
CASSWPEETQYF	TRBV12-3_01	GTSGSPIINR:HLA-A_11:01
CASSLGGGNQETQYF	TRBV07-8_01	GTSGSPIINR:HLA-A_11:01
CASSGGAAYEQYF	TRBV09_01	GTSGSPIINR:HLA-A_11:01
CASSPSQDTEAFF	TRBV12-3_01	GTSGSPIINR:HLA-A_11:01
CASSGGQGNIQYF	TRBV10-2_01	GTSGSPIIDK:HLA-A_11:01
CASSLIGGGNTEAFF	TRBV07-3_01	GTSGSPIIDK:HLA-A_11:01
CASSRGLNYEQYF	TRBV11-2_01	GTSGSPIIDK:HLA-A_11:01
CASSRAGGTASYEQYF	TRBV11-2_01	GTSGSPIIDK:HLA-A_11:01
CASSGGSGNIQYF	TRBV10-2_01	GTSGSPIIDK:HLA-A_11:01
CASSLGGGLQETQYF	TRBV07-9_01	GTSGSPIIDK:HLA-A_11:01
CASSAFSGFQETQYF	TRBV07-9_01	GTSGSPIIDK:HLA-A_11:01
CASSGGQGNIQYF	TRBV10-2_01	GTSGSPIINR:HLA-A_11:01
CASSLIGGGNTEAFF	TRBV07-3_01	GTSGSPIINR:HLA-A_11:01
CASSRGLNYEQYF	TRBV11-2_01	GTSGSPIINR:HLA-A_11:01
CASSRAGGTASYEQYF	TRBV11-2_01	GTSGSPIINR:HLA-A_11:01
CASSGGSGNIQYF	TRBV10-2_01	GTSGSPIINR:HLA-A_11:01
CASSLGGGLQETQYF	TRBV07-9_01	GTSGSPIINR:HLA-A_11:01
CASSAFSGFQETQYF	TRBV07-9_01	GTSGSPIINR:HLA-A_11:01
CASSLSGTDTQYF	TRBV07-3_01	GTSGSPIINR:HLA-A_11:01
CASSLGGGNQETQYF	TRBV07-8_01	GTSGSPIIDK:HLA-A_11:01
CASSLGGGNQETQYF	TRBV07-8_01	GTSGSPIINR:HLA-A_11:01
CASSAYQGTGELFF	TRBV09_01	GTSGSPIVNR:HLA-A_11:01
CASSLHGTSKLNEQFF	TRBV09_01	GTSGSPIVNR:HLA-A_11:01
CASSFGGASYEQYF	TRBV12-3_01	GTSGSPIVNR:HLA-A_11:01
CASSFGNPEAFF	TRBV12-3_01	GTSGSPIVNR:HLA-A_11:01
CATGTGGGGYTF	TRBV27_01	GTSGSPIVNR:HLA-A_11:01
CASSPSWGRNQPQHF	TRBV04-1_01	GTSGSPIVNR:HLA-A_11:01
CASSPPLAGGPYNEQFF	TRBV09_01	GTSGSPIVNR:HLA-A_11:01
CASSQGGYSNQPQHF	TRBV04-1_01	GTSGSPIVNR:HLA-A_11:01
CSARDPGEYQETQYF	TRBV20-1_01	GTSGSPIVNR:HLA-A_11:01
CASSLGTREAFF	TRBV12-3_01	GTSGSPIVNR:HLA-A_11:01
CASSRGAGEQETQYF	TRBV11-2_01	GTSGSPIINR:HLA-A_11:01
CASSVWGDPSYEQYF	TRBV09_01	GTSGSPIINR:HLA-A_11:01
CASSVADAGAISSGANVLTF	TRBV09_01	GTSGSPIINR:HLA-A_11:01
CASSLFLMGLAGGNEQFF	TRBV11-2_01	GTSGSPIINR:HLA-A_11:01
CASSLGQGYEQYF	TRBV11-2_01	GTSGSPIINR:HLA-A_11:01
CASSLYTGSYNEQFF	TRBV11-2_01	GTSGSPIINR:HLA-A_11:01
CASSVGGEQFF	TRBV09_01	GTSGSPIINR:HLA-A_11:01
CASSDGIQYF	TRBV06-1_01	GTSGSPIINR:HLA-A_11:01
CASSLGQGAYEQYF	TRBV11-2_01	GTSGSPIVNR:HLA-A_11:01
CASSYGTEQPQHF	TRBV11-2_01	GTSGSPIVNR:HLA-A_11:01
CASSLGGTDNEQFF	TRBV11-2_01	GTSGSPIVNR:HLA-A_11:01
CASSLGGDTYEQYF	TRBV11-2_01	GTSGSPIVNR:HLA-A_11:01
CASRRPREGLANEQFF	TRBV04-1_01	GTSGSPIVNR:HLA-A_11:01
CASSLGQGAYEQYF	TRBV11-2_01	GTSGSPIINR:HLA-A_11:01
CASSYGTEQPQHF	TRBV11-2_01	GTSGSPIINR:HLA-A_11:01
CASSLGGTDNEQFF	TRBV11-2_01	GTSGSPIINR:HLA-A_11:01
CASSLGGDTYEQYF	TRBV11-2_01	GTSGSPIINR:HLA-A_11:01
CASRRPREGLANEQFF	TRBV04-1_01	GTSGSPIINR:HLA-A_11:01
CASSLGAPEAFF	TRBV12-3_01	GTSGSPIVNR:HLA-A_11:01
CASSLGQGTYEQYF	TRBV13_01	GTSGSPIVNR:HLA-A_11:01
CASSLGGQTYEQYF	TRBV11-2_01	GTSGSPIVNR:HLA-A_11:01
CASSLGAGVQETQYF	TRBV12-3_01	GTSGSPIVNR:HLA-A_11:01
CASSLAGVGNEQFF	TRBV07-3_01	GTSGSPIVNR:HLA-A_11:01
CASSLGAPEAFF	TRBV12-3_01	GTSGSPIINR:HLA-A_11:01
CASSLGQGTYEQYF	TRBV13_01	GTSGSPIINR:HLA-A_11:01
CASSLGGQTYEQYF	TRBV11-2_01	GTSGSPIINR:HLA-A_11:01
CASSLGAGVQETQYF	TRBV12-3_01	GTSGSPIINR:HLA-A_11:01
CASSLAGVGNEQFF	TRBV07-3_01	GTSGSPIINR:HLA-A_11:01
CASSMGQGDYEQYF	TRBV11-2_01	GTSGSPIVNR:HLA-A_11:01
CASSPTGGGYEQYF	TRBV07-8_01	GTSGSPIVNR:HLA-A_11:01
CASSMGQGDYEQYF	TRBV11-2_01	GTSGSPIINR:HLA-A_11:01
CASSPTGGGYEQYF	TRBV07-8_01	GTSGSPIINR:HLA-A_11:01
CASSFGAGSQETQYF	TRBV12-3_01	GTSGSPIVNR:HLA-A_11:01
CASSLGQGDFEQYF	TRBV11-2_01	GTSGSPIVNR:HLA-A_11:01
CASSPAGGTYEQYF	TRBV11-2_01	GTSGSPIVNR:HLA-A_11:01
CASSLGPEAPLFF	TRBV11-2_01	GTSGSPIVNR:HLA-A_11:01
CASSLGGDTYEQYF	TRBV11-2_01	GTSGSPIVNR:HLA-A_11:01
CASSLGGTDNEQFF	TRBV11-2_01	GTSGSPIVNR:HLA-A_11:01
CASSLGQGAYEQYF	TRBV11-2_01	GTSGSPIVNR:HLA-A_11:01
CASSLGPDNEQFF	TRBV11-2_01	GTSGSPIVNR:HLA-A_11:01
CASSFGAGSQETQYF	TRBV12-3_01	GTSGSPIINR:HLA-A_11:01
CASSLGQGDFEQYF	TRBV11-2_01	GTSGSPIINR:HLA-A_11:01
CASSPAGGTYEQYF	TRBV11-2_01	GTSGSPIINR:HLA-A_11:01
CASSLGPEAPLFF	TRBV11-2_01	GTSGSPIINR:HLA-A_11:01
CASSLGGDTYEQYF	TRBV11-2_01	GTSGSPIINR:HLA-A_11:01
CASSLGGTDNEQFF	TRBV11-2_01	GTSGSPIINR:HLA-A_11:01
CASSLGQGAYEQYF	TRBV11-2_01	GTSGSPIINR:HLA-A_11:01
CASLSGRAPQHF	TRBV27_01	GTSGSPIVNR:HLA-A_11:01
CASSLVIIGSASTDTQYF	TRBV11-2_01	GTSGSPIVNR:HLA-A_11:01
CASSLQPSGTSFYNEQFF	TRBV11-2_01	GTSGSPIVNR:HLA-A_11:01
CASSLGTREAFF	TRBV12-3_01	GTSGSPIVNR:HLA-A_11:01
CASLSGRAPQHF	TRBV27_01	GTSGSPIINR:HLA-A_11:01
CASSLVIIGSASTDTQYF	TRBV11-2_01	GTSGSPIINR:HLA-A_11:01
CASSLQPSGTSFYNEQFF	TRBV11-2_01	GTSGSPIINR:HLA-A_11:01
CASSLGTREAFF	TRBV12-3_01	GTSGSPIINR:HLA-A_11:01
CASTTGGGGYEQYF	TRBV11-2_01	GTSGSPIVNR:HLA-A_11:01
CASTTGGGGYEQYF	TRBV11-2_01	GTSGSPIINR:HLA-A_11:01
CASSLGQGSYEQYF	TRBV11-2_01	GTSGSPIVNR:HLA-A_11:01
CASSLGQGSYEQYF	TRBV11-2_01	GTSGSPIINR:HLA-A_11:01
CASSLGQGLLYGYTF	TRBV11-2_01	GTSGSPIVNR:HLA-A_11:01
CASSLGQGLLYGYTF	TRBV11-2_01	GTSGSPIINR:HLA-A_11:01
