allele,CDR1_seq,CDR2_seq
TRBV01_01,GHDS,YNCKEF
TRBV02_01,SNHLY,FYNNE
TRBV02_02,SNHLY,FYNNE
TRBV02_03,SNHLY,FYNNE
TRBV03-1_01,LGHDT,YNNKEL
TRBV03-1_02,LGHDT,YNNKEI
TRBV03-2_01,LGHNA,YSNKEP
TRBV03-2_02,LGHNA,YSNKEP
TRBV03-2_03,LGHNA,YSNKEP
TRBV04-1_01,MGHRA,YSYEKL
TRBV04-1_02,MGHRA,YSYEKL
TRBV04-2_01,LGHNA,YNFKEQ
TRBV04-2_02,LGHNA,YNFKEQ
TRBV04-3_01,LGHNA,YSLEER
TRBV04-3_02,LGHNA,YSLEER
TRBV04-3_03,LGHNA,YSLEER
TRBV04-3_04,LGHNA,YSLEER
TRBV05-1_01,SGHRS,YFSETQ
TRBV05-1_02,SGHRS,YFSETQ
TRBV05-3_01,SGHSS,YANELR
TRBV05-3_02,SGHSS,YANELR
TRBV05-4_01,SGHNT,YYREEE
TRBV05-4_02,SGHNT,YYREEE
TRBV05-4_03,SGHNT,YYREEE
TRBV05-4_04,SGHNT,YYREEE
TRBV05-5_01,SGHKS,YYEKEE
TRBV05-5_02,SGHKS,YYEKEE
TRBV05-5_03,SEHKS,YYEKEE
TRBV05-6_01,SGHDT,YYEEEE
TRBV05-7_01,SGHTS,YYEKEE
TRBV05-8_01,SGHTS,YDEGEE
TRBV05-8_02,SGHTS,YDEGEE
TRBV06-1_01,MNHNS,SASEGT
TRBV06-2_01,MNHEY,SVGEGT
TRBV06-3_01,MNHEY,SVGEGT
TRBV06-4_01,MRHNA,SNTAGT
TRBV06-4_02,MRHNA,SNTAGT
TRBV06-5_01,MNHEY,SVGAGI
TRBV06-6_01,MNHNY,SVGAGI
TRBV06-6_02,MNHNY,SVGAGI
TRBV06-6_03,MNHNY,SVGAGI
TRBV06-6_04,MNHEY,SVGAGI
TRBV06-6_05,MNHNY,SVGAGI
TRBV06-7_01,MNHEY,SVAAAL
TRBV06-8_01,MNHGYM,SAAAG
TRBV06-9_01,MNHGY,SVAAGI
TRBV07-1_01,SGHNA,FQGKDA
TRBV07-2_01,SGHTA,FQGNSA
TRBV07-2_02,SGHTA,FQGNSA
TRBV07-2_03,SGHTA,FQGNSA
TRBV07-2_04,SGHTA,FQGNSA
TRBV07-3_01,SGHTA,FQGTGA
TRBV07-3_02,SGHTA,FQGTGA
TRBV07-3_03,SGHTA,FQGTGA
TRBV07-3_04,SGHTA,FQGTGA
TRBV07-3_05,SGHTA,FQGTGA
TRBV07-4_01,SGHVT,SQSDAQ
TRBV07-6_01,SGHVS,FNYEA
TRBV07-6_02,SGHVS,FNYEA
TRBV07-7_01,SSHAT,FNYEAQ
TRBV07-7_02,SSHVT,FNYEAQ
TRBV07-8_01,SGHVS,FQNEAQ
TRBV07-8_02,SGHVS,FQNEAQ
TRBV07-8_03,SGHVS,FQNEAQ
TRBV07-9_01,SEHNR,FQNEAQ
TRBV07-9_02,SEHNR,FQNEAQ
TRBV07-9_03,SEHNR,FQNEAQ
TRBV07-9_04,SEHNR,FQNEAQ
TRBV07-9_05,SEHNR,FQNEAQ
TRBV07-9_06,SEHNR,FQNEAQ
TRBV07-9_07,SEHNR,FQNEAQ
TRBV09_01,SGDLS,YYNGEE
TRBV09_02,SGDLS,YYNGEE
TRBV09_03,SGDLS,YYNGEE
TRBV10-1_01,WNHNN,SYGVQD
TRBV10-1_02,WNHNN,SYGVHD
TRBV10-2_01,WSHSY,SAAADI
TRBV10-2_02,WSHSY,SAAADI
TRBV10-3_01,ENHRY,SYGVKD
TRBV10-3_02,ENHRY,SYGVKD
TRBV11-1_01,SGHAT,FQDESV
TRBV11-2_01,SGHAT,FQNNGV
TRBV11-2_02,SGHAT,FQNNGV
TRBV11-2_03,SGHAT,FQNNGV
TRBV11-3_01,SGHNT,YENEEA
TRBV11-3_02,SGHNT,YENEEA
TRBV11-3_03,SGHNT,YENEEA
TRBV11-3_04,SGHNT,YENEEA
TRBV12-1_01,SGHND,FCSWTL
TRBV12-2_01,FGHNF,FRSSI
TRBV12-3_01,SGHNS,FNNNVP
TRBV12-4_01,SGHDY,FNNNVP
TRBV12-4_02,SGHDY,FNNNVP
TRBV12-5_01,LGHNT,FRNRAP
TRBV13_01,PRHDT,FYEKMQ
TRBV13_02,PRHDT,FYEKMQ
TRBV14_01,SGHDN,FVKESK
TRBV14_02,SGHDN,FVKESK
TRBV15_01,LNHNV,YYDKDF
TRBV15_02,LNHNV,YYDKDF
TRBV15_03,LNHNV,YYNKDF
TRBV16_01,KGHSY,FQNENV
TRBV16_02,KGHS,FQNENV
TRBV16_03,KGHS,FQNENV
TRBV17_01,SGHMF,FQYQNI
TRBV17_02,SGHMF,FQYQNI
TRBV18_01,KGHSH,LQKENI
TRBV19_01,LNHDA,SQIVND
TRBV19_02,LNHDA,SHIVND
TRBV19_03,LNHDA,SHIVND
TRBV20-1_01,DFQATT,SNEGSKA
TRBV20-1_02,DFQATT,SNEGSKA
TRBV20-1_03,DFQATT,SNEGCKA
TRBV20-1_04,DFQATT,SNEGSKA
TRBV20-1_05,DFQATT,SNEGSKA
TRBV20-1_06,DFQATT,SNEGSKA
TRBV20-1_07,DFQATT,SNEGSKA
TRBV20/OR9-2_01,DFQATT,SNEGSEV
TRBV20/OR9-2_02,DFQATT,SNEGSEV
TRBV20/OR9-2_03,DFQATT,SNEGSEV
TRBV21/OR9-2_01,KRHSY,FQNEEI
TRBV23-1_01,KGHTF,FQNEQV
TRBV24-1_01,KGHDR,SFDVKD
TRBV24-1_02,KGHDR,SFDVKD
TBV24/OR9-2_01,KGHDR,SFDVKD
TRBV25-1_01,MGHDK,SYGVNS
TRBV26_01,MNHVT,SPGTGS
TRBV26/OR9-2_01,MNHVA,SPGTGS
TRBV27_01,MNHEY,SMNVEV
TRBV28_01,MDHEN,SYDVKM
TRBV29-1_01,SQVTM,ANQGSEA
TRBV29-1_02,SQVTM,ANQGSEA
TRBV29-1_03,SQVTM,ANQGSEA
TRBV/OR9-2_01,SQVTM,ANQGSEA
TRBV/OR9-2_02,SQVTM,ANQGSEA
TRBV30_01,GTSNPN,SVGIGQ
TRBV30_02,GTSNPN,SVGIGQ
TRBV30_03,GTSNPN,SVGIGQ
TRBV30_04,GTSNPN,SIGIDQ
TRBV30_05,GTSNPN,SVGIGQ
