,TRBV3*02,TRBV17*01,TRBV16*03,TRBV4*01,TRBV4*02,TRBV16*04,TRBV13-2*04,TRBV3*01,TRBV13-3*01,TRBV26*01,TRBV13-2*05,TRBV5*04,TRBV19*01,TRBV19*03,TRBV13-2*03,TRBV29*02,TRBV5*05,TRBV13-2*01,TRBV13-2*02,TRBV24*03,TRBV16*02,TRBV1*01,TRBV16*01,TRBV12-1*01,TRBV23*01,TRBV2*01,TRBV26*02,TRBV5*01,TRBV24*02,TRBV1*02,TRBV13-1*02,TRBV24*01,TRBV14*01,TRBV15*01,TRBV24*04,TRBV5*03,TRBV20*01,TRBV13-1*01,TRBV29*01,TRBV5*02,TRBV20*02,TRBV12-1*02,TRBV19*02,TRBV12-2*01,TRBV12-2*02,TRBV21*01
TRBV3*02,0,0.8312,0.6895,0.8292,0.6858,0.8587,0.6846,0.6667,0.8548,0.8142,0.8284,0.8306,0.6714,0.7269,0.8142,0.83,0.7281,0.6743,0.859,0.8816,0.8433,0.8532,0.859,0.6793,0.8212,0.8315,0.8463,0.828,0.8838,0.8179,0.8158,0.6725,0.8462,0.8146,0.8145,0.8614,0.8511,0.8531,0.6751,0.6542,0.816,0.8501,0.6725,0.6481,0.6486,0.8112
TRBV17*01,0.8312,0,0.8301,0.1764,0.8269,0.6081,0.8111,0.819,0.6213,0.6214,0.7733,0.581,0.8217,0.7857,0.6214,0.1823,0.7856,0.8123,0.6065,0.631,0.6074,0.6267,0.6065,0.8265,0.6793,0.0005,0.6312,0.7728,0.6519,0.6384,0.5838,0.8119,0.6867,0.6293,0.6475,0.6024,0.6268,0.5535,0.8092,0.8065,0.6422,0.6298,0.8119,0.8315,0.8312,0.8212
TRBV16*03,0.6895,0.8301,0,0.8355,0.0038,0.855,0.5551,0.3076,0.8136,0.7895,0.8477,0.8025,0.3153,0.5759,0.7895,0.8366,0.581,0.55,0.8555,0.7645,0.8347,0.8093,0.8555,0.0046,0.8134,0.8306,0.8105,0.8486,0.7643,0.8015,0.7804,0.5475,0.8052,0.7897,0.7968,0.8568,0.8158,0.8325,0.538,0.5448,0.8051,0.8135,0.5475,0.6481,0.6474,0.6252
TRBV4*01,0.8292,0.1764,0.8355,0,0.8335,0.6012,0.7974,0.8277,0.6571,0.5798,0.7713,0.6074,0.8304,0.7811,0.5798,0.001,0.7805,0.82,0.6002,0.6911,0.6091,0.6583,0.6002,0.8332,0.6621,0.176,0.655,0.7704,0.707,0.6346,0.6295,0.8192,0.6671,0.5912,0.6013,0.5993,0.6347,0.576,0.8162,0.8126,0.6286,0.6514,0.8192,0.6304,0.6268,0.6899
TRBV4*02,0.6858,0.8269,0.0038,0.8335,0,0.8545,0.5533,0.3188,0.8086,0.7859,0.8448,0.7976,0.3279,0.5705,0.7859,0.8346,0.5755,0.5542,0.8551,0.7664,0.8326,0.8042,0.8551,0.0032,0.8158,0.8275,0.806,0.8449,0.7662,0.7979,0.78,0.552,0.803,0.7862,0.7937,0.8564,0.8143,0.8306,0.5408,0.5449,0.8019,0.8086,0.552,0.6097,0.6074,0.6714
TRBV16*04,0.8587,0.6081,0.855,0.6012,0.8545,0,0.7986,0.8377,0.5471,0.6576,0.7604,0.4895,0.8387,0.777,0.6576,0.6,0.7743,0.8472,0.0014,0.7697,0.1348,0.5431,0.0014,0.8548,0.664,0.609,0.549,0.7588,0.7727,0.659,0.6234,0.8476,0.5944,0.6632,0.6621,0.006,0.1454,0.069,0.8495,0.841,0.6549,0.5392,0.8476,0.6486,0.6487,0.6505
TRBV13-2*04,0.6846,0.8111,0.5551,0.7974,0.5533,0.7986,0,0.3876,0.8054,0.8202,0.8322,0.8164,0.3996,0.3933,0.8202,0.7977,0.393,0.3433,0.8007,0.7806,0.7828,0.8048,0.8007,0.5653,0.8537,0.8115,0.806,0.8314,0.7805,0.8516,0.8132,0.3418,0.818,0.8194,0.8301,0.7998,0.7941,0.7824,0.3461,0.3837,0.8422,0.8022,0.3418,0.8129,0.8119,0.8316
TRBV3*01,0.6667,0.819,0.3076,0.8277,0.3188,0.8377,0.3876,0,0.7948,0.7805,0.8301,0.7837,0.0125,0.4015,0.7805,0.829,0.4075,0.3923,0.8365,0.8248,0.825,0.7895,0.8365,0.3098,0.8165,0.8197,0.794,0.8292,0.8246,0.7915,0.786,0.392,0.7949,0.7803,0.788,0.8431,0.8078,0.8235,0.3804,0.4095,0.7941,0.7923,0.392,0.6677,0.6685,0.7829
TRBV13-3*01,0.8617,0.6393,0.8225,0.6735,0.8177,0.5686,0.8146,0.8046,0,0.6491,0.8176,0.2862,0.806,0.7899,0.6491,0.6735,0.7907,0.8092,0.5712,0.7574,0.5705,0.0037,0.5712,0.8177,0.641,0.6403,0.0197,0.8169,0.7652,0.6774,0.5804,0.809,0.6511,0.6516,0.6542,0.574,0.5439,0.56,0.807,0.8061,0.6753,0.0332,0.809,0.8115,0.8111,0.8537
TRBV26*01,0.8231,0.6395,0.7995,0.5998,0.7961,0.6739,0.8287,0.7909,0.6491,0,0.8292,0.615,0.7924,0.7774,0,0.5963,0.7773,0.8038,0.6709,0.8035,0.6859,0.6508,0.6709,0.7962,0.2983,0.6449,0.659,0.8291,0.8068,0.2222,0.6225,0.8044,0.2456,0.0019,0.0109,0.6708,0.6945,0.6391,0.8033,0.7983,0.2153,0.6479,0.8044,0.6553,0.6556,0.2901
TRBV13-2*05,0.829,0.7818,0.8355,0.7766,0.8324,0.7668,0.8303,0.8239,0.8157,0.8256,0,0.8021,0.8239,0.814,0.8256,0.7786,0.8157,0.8499,0.7629,0.7857,0.7755,0.8164,0.7629,0.8337,0.8184,0.7823,0.8199,0.0008,0.7881,0.809,0.8158,0.8505,0.8115,0.8231,0.8244,0.759,0.7702,0.7576,0.8493,0.8455,0.8138,0.8161,0.8505,0.8098,0.8092,0.8438
TRBV5*04,0.8386,0.6009,0.8119,0.6261,0.8073,0.5138,0.8251,0.794,0.2862,0.615,0.8005,0,0.7971,0.7935,0.615,0.6263,0.7958,0.8024,0.5231,0.7366,0.5104,0.2902,0.5231,0.8075,0.6417,0.6011,0.2741,0.7995,0.7534,0.6224,0.5554,0.8028,0.6363,0.6173,0.6163,0.5181,0.4998,0.4916,0.8017,0.8016,0.6223,0.2917,0.8028,0.609,0.6081,0.664
TRBV19*01,0.6714,0.8217,0.3153,0.8304,0.3279,0.8387,0.3996,0.0125,0.7963,0.782,0.8303,0.787,0,0.3912,0.782,0.8316,0.3973,0.3838,0.8376,0.8139,0.8287,0.7908,0.8376,0.3158,0.8183,0.8223,0.7974,0.8294,0.8137,0.7887,0.7888,0.383,0.7968,0.7821,0.7899,0.8444,0.8108,0.8276,0.381,0.4036,0.7937,0.794,0.383,0.8275,0.8269,0.8158
TRBV19*03,0.7269,0.7857,0.5759,0.7811,0.5705,0.777,0.3933,0.4015,0.7794,0.7663,0.8203,0.7832,0.3912,0,0.7663,0.7814,0.0021,0.4378,0.7783,0.7886,0.7461,0.7791,0.7783,0.566,0.8028,0.7859,0.7809,0.8204,0.7894,0.7878,0.7952,0.4368,0.7455,0.7667,0.7744,0.7815,0.7469,0.7341,0.4583,0.4689,0.779,0.772,0.4368,0.8306,0.8301,0.8134
TRBV13-2*03,0.8231,0.6395,0.7995,0.5998,0.7961,0.6739,0.8287,0.7909,0.6491,0,0.8292,0.615,0.7924,0.7774,0,0.5963,0.7773,0.8038,0.6709,0.8035,0.6859,0.6508,0.6709,0.7962,0.2983,0.6449,0.659,0.8291,0.8068,0.2222,0.6225,0.8044,0.2456,0.0019,0.0109,0.6708,0.6945,0.6391,0.8033,0.7983,0.2153,0.6479,0.8044,0.8071,0.8065,0.8305
TRBV29*02,0.83,0.1823,0.8366,0.001,0.8346,0.6,0.7977,0.829,0.6571,0.5761,0.7738,0.6076,0.8316,0.7814,0.5761,0,0.7807,0.8215,0.5989,0.6916,0.6083,0.6583,0.5989,0.8343,0.6613,0.1813,0.6547,0.773,0.7076,0.6352,0.6336,0.8207,0.6659,0.5874,0.5972,0.5982,0.6337,0.5758,0.8176,0.8141,0.6291,0.6515,0.8207,0.7858,0.7856,0.8031
TRBV5*05,0.7281,0.7856,0.581,0.7805,0.5755,0.7743,0.393,0.4075,0.7803,0.7661,0.8226,0.7856,0.3973,0.0021,0.7661,0.7807,0,0.4373,0.7757,0.7895,0.7462,0.78,0.7757,0.5707,0.8031,0.7858,0.7821,0.8227,0.7903,0.7877,0.7963,0.4365,0.7441,0.7667,0.7739,0.7787,0.7496,0.7359,0.4584,0.4688,0.7789,0.7747,0.4365,0.5556,0.5535,0.6374
TRBV13-2*01,0.6743,0.8123,0.55,0.82,0.5542,0.8472,0.3433,0.3923,0.7997,0.7939,0.855,0.7926,0.3838,0.4378,0.7939,0.8215,0.4373,0,0.8463,0.8057,0.8058,0.7949,0.8463,0.5472,0.8316,0.8129,0.8016,0.8544,0.8045,0.7925,0.8076,0.0009,0.7882,0.794,0.8035,0.8465,0.7945,0.8113,0.0441,0.0445,0.7977,0.7865,0.0009,0.8124,0.8119,0.8314
TRBV13-2*02,0.859,0.6065,0.8555,0.6002,0.8551,0.0014,0.8007,0.8365,0.5498,0.6545,0.7565,0.4992,0.8376,0.7783,0.6545,0.5989,0.7757,0.8463,0,0.7674,0.1372,0.5456,0,0.8554,0.6693,0.6074,0.5409,0.755,0.7738,0.6589,0.6243,0.8467,0.5967,0.6625,0.6585,0.0069,0.1443,0.0695,0.8502,0.8401,0.6553,0.5406,0.8467,0.8124,0.8119,0.8314
TRBV24*03,0.8872,0.6486,0.7757,0.7058,0.7775,0.7806,0.7911,0.8331,0.7574,0.8035,0.7885,0.7366,0.8227,0.7987,0.8035,0.7063,0.7995,0.8149,0.7785,0,0.7319,0.7562,0.7785,0.7742,0.8112,0.6481,0.7514,0.7869,0.056,0.7617,0.7957,0.8139,0.8052,0.8046,0.7989,0.7808,0.7396,0.7607,0.8126,0.8109,0.7508,0.7457,0.8139,0.6449,0.6395,0.2983
TRBV16*02,0.8433,0.6074,0.8347,0.6091,0.8326,0.1348,0.7828,0.825,0.549,0.6702,0.766,0.4859,0.8287,0.7461,0.6702,0.6083,0.7462,0.8058,0.1372,0.7185,0,0.549,0.1372,0.8324,0.6714,0.6097,0.5431,0.7644,0.7328,0.6705,0.6255,0.8053,0.6359,0.6729,0.6713,0.15,0.0612,0.0985,0.8022,0.7986,0.6572,0.5258,0.8053,0.6403,0.6393,0.641
TRBV1*01,0.8602,0.6445,0.8184,0.6746,0.8135,0.5648,0.8141,0.7995,0.0037,0.6508,0.8186,0.2902,0.8007,0.7897,0.6508,0.6746,0.7905,0.8047,0.5673,0.7562,0.5705,0,0.5673,0.8135,0.6416,0.6449,0.0208,0.8178,0.7636,0.6807,0.5776,0.8044,0.6535,0.6531,0.6542,0.5706,0.5435,0.5595,0.8025,0.8017,0.6789,0.0285,0.8044,0.7884,0.7889,0.8072
TRBV16*01,0.859,0.6065,0.8555,0.6002,0.8551,0.0014,0.8007,0.8365,0.5498,0.6545,0.7565,0.4992,0.8376,0.7783,0.6545,0.5989,0.7757,0.8463,0,0.7674,0.1372,0.5456,0,0.8554,0.6693,0.6074,0.5409,0.755,0.7738,0.6589,0.6243,0.8467,0.5967,0.6625,0.6585,0.0069,0.1443,0.0695,0.8502,0.8401,0.6553,0.5406,0.8467,0.6449,0.6445,0.6416
TRBV12-1*01,0.6793,0.8265,0.0046,0.8332,0.0032,0.8548,0.5653,0.3098,0.8086,0.786,0.8461,0.7978,0.3158,0.566,0.786,0.8343,0.5707,0.5472,0.8554,0.7629,0.8324,0.8042,0.8554,0,0.8168,0.827,0.8062,0.8463,0.7629,0.7982,0.7813,0.545,0.8029,0.7863,0.794,0.8567,0.8143,0.8305,0.5359,0.5407,0.8021,0.8085,0.545,0.1813,0.1823,0.6613
TRBV23*01,0.8297,0.6946,0.8223,0.6782,0.8246,0.68,0.8607,0.8252,0.641,0.2983,0.8237,0.6417,0.827,0.8122,0.2983,0.6774,0.8125,0.8396,0.685,0.8112,0.687,0.6416,0.685,0.8255,0,0.6936,0.6505,0.8249,0.7829,0.2901,0.5755,0.8394,0.3065,0.3096,0.3016,0.6835,0.7047,0.6547,0.8512,0.8385,0.2742,0.6252,0.8394,0.7012,0.7017,0.3065
TRBV2*01,0.8315,0.0005,0.8306,0.176,0.8275,0.609,0.8115,0.8197,0.6223,0.6272,0.774,0.5811,0.8223,0.7859,0.6272,0.1813,0.7858,0.8129,0.6074,0.6305,0.6097,0.6271,0.6074,0.827,0.6782,0,0.6311,0.7735,0.6511,0.6381,0.586,0.8124,0.6862,0.6288,0.6471,0.6034,0.6304,0.5556,0.8098,0.8071,0.6424,0.6305,0.8124,0.585,0.5841,0.6898
TRBV26*02,0.8536,0.6487,0.8195,0.6714,0.8152,0.5705,0.8152,0.8038,0.0197,0.659,0.8235,0.2741,0.8071,0.7913,0.659,0.6711,0.7924,0.811,0.5628,0.7514,0.5649,0.0208,0.5628,0.8154,0.6505,0.6486,0,0.8227,0.7603,0.6759,0.5545,0.8111,0.6364,0.6612,0.6632,0.5678,0.5476,0.5544,0.8097,0.8082,0.6715,0.0599,0.8111,0.6594,0.6592,0.2742
TRBV5*01,0.8286,0.7811,0.8364,0.7755,0.8327,0.7653,0.8294,0.8232,0.8151,0.8238,0.0008,0.8012,0.8232,0.8141,0.8238,0.7776,0.8158,0.8493,0.7616,0.7844,0.7739,0.8158,0.7616,0.834,0.8194,0.7815,0.8192,0,0.785,0.8088,0.8157,0.8499,0.8112,0.8212,0.8225,0.759,0.7686,0.756,0.8475,0.8447,0.8136,0.8154,0.8499,0.6074,0.6065,0.6693
TRBV24*02,0.8893,0.6685,0.7756,0.721,0.7773,0.7836,0.7909,0.8329,0.7652,0.8068,0.7915,0.7534,0.8226,0.7994,0.8068,0.7215,0.8003,0.8138,0.7845,0.056,0.7455,0.7636,0.7845,0.7742,0.7829,0.6677,0.7603,0.7899,0,0.7682,0.7646,0.8128,0.8063,0.8067,0.8005,0.7849,0.749,0.7753,0.8116,0.8099,0.7558,0.7548,0.8128,0.6449,0.6395,0.2983
TRBV1*02,0.8266,0.6556,0.811,0.652,0.8075,0.6752,0.8587,0.8015,0.6774,0.2222,0.8058,0.6224,0.7987,0.7979,0.2222,0.6526,0.7979,0.8024,0.6752,0.7617,0.6862,0.6807,0.6752,0.8078,0.2901,0.6553,0.6759,0.8055,0.7682,0,0.6513,0.8031,0.166,0.2258,0.2371,0.6709,0.6788,0.635,0.8029,0.8037,0.0167,0.681,0.8031,0.7884,0.7889,0.8071
TRBV13-1*02,0.8246,0.6036,0.7908,0.6472,0.7905,0.6414,0.8221,0.7961,0.5804,0.6225,0.8206,0.5554,0.7989,0.8049,0.6225,0.6511,0.806,0.8167,0.6421,0.7957,0.6433,0.5776,0.6421,0.7917,0.5755,0.6057,0.5545,0.8206,0.7646,0.6513,0,0.8175,0.656,0.6201,0.6337,0.6488,0.6378,0.6116,0.8168,0.814,0.6317,0.6197,0.8175,0.8197,0.819,0.8165
TRBV24*01,0.6725,0.8119,0.5475,0.8192,0.552,0.8476,0.3418,0.392,0.7994,0.7946,0.8557,0.7929,0.383,0.4368,0.7946,0.8207,0.4365,0.0009,0.8467,0.8046,0.8053,0.7946,0.8467,0.545,0.8314,0.8124,0.8016,0.8552,0.8034,0.7933,0.8083,0,0.788,0.7946,0.804,0.8469,0.7939,0.8109,0.0466,0.0425,0.7983,0.7861,0,0.6639,0.6643,0.3016
TRBV14*01,0.8536,0.7017,0.8145,0.6829,0.8124,0.6137,0.8266,0.8047,0.6511,0.2456,0.809,0.6363,0.8065,0.7576,0.2456,0.6818,0.7562,0.7983,0.6159,0.8052,0.6533,0.6535,0.6159,0.8123,0.3065,0.7012,0.6364,0.8087,0.8063,0.166,0.656,0.7981,0,0.2495,0.2501,0.6073,0.6777,0.6066,0.7969,0.7925,0.1501,0.6413,0.7981,0.6057,0.6036,0.5755
TRBV15*01,0.8234,0.647,0.7997,0.6107,0.7964,0.6792,0.828,0.7907,0.6516,0.0019,0.8276,0.6173,0.7925,0.7778,0.0019,0.6071,0.7778,0.8038,0.6786,0.8046,0.6884,0.6531,0.6786,0.7965,0.3096,0.6465,0.6612,0.8274,0.8067,0.2258,0.6201,0.8044,0.2495,0,0.0122,0.676,0.6968,0.6418,0.8033,0.7984,0.2209,0.6497,0.8044,0.6011,0.6009,0.6417
TRBV24*04,0.8233,0.6643,0.8065,0.6203,0.8036,0.6782,0.8382,0.7981,0.6542,0.0109,0.8272,0.6163,0.7999,0.7851,0.0109,0.6164,0.7847,0.8128,0.6748,0.7989,0.6869,0.6542,0.6748,0.8038,0.3016,0.6639,0.6632,0.827,0.8005,0.2371,0.6337,0.8133,0.2501,0.0122,0,0.6736,0.6991,0.6437,0.8121,0.8089,0.2335,0.6521,0.8133,0.6465,0.647,0.3096
TRBV5*03,0.8614,0.6024,0.8568,0.5993,0.8564,0.006,0.7998,0.8431,0.5527,0.6543,0.7515,0.494,0.8444,0.7815,0.6543,0.5982,0.7787,0.8465,0.0069,0.7698,0.15,0.5492,0.0069,0.8567,0.6677,0.6034,0.5462,0.7516,0.7741,0.6544,0.6312,0.8469,0.5877,0.6598,0.6573,0,0.1636,0.0711,0.8518,0.8403,0.6503,0.5428,0.8469,0.6034,0.6024,0.6677
TRBV20*01,0.8511,0.6268,0.8158,0.6347,0.8143,0.1454,0.7941,0.8078,0.5211,0.6792,0.7622,0.4748,0.8108,0.7469,0.6792,0.6337,0.7496,0.7945,0.1443,0.7266,0.0612,0.5206,0.1443,0.8143,0.6899,0.6304,0.525,0.7604,0.7364,0.6627,0.6196,0.7939,0.6616,0.6816,0.6841,0.1636,0,0.1298,0.7909,0.7889,0.6588,0.494,0.7939,0.7823,0.7818,0.8184
TRBV13-1*01,0.8531,0.5535,0.8325,0.576,0.8306,0.069,0.7824,0.8235,0.5381,0.621,0.75,0.4662,0.8276,0.7341,0.621,0.5758,0.7359,0.8113,0.0695,0.7487,0.0985,0.5374,0.0695,0.8305,0.6374,0.5556,0.5322,0.748,0.764,0.6168,0.5922,0.8109,0.5869,0.6239,0.6259,0.0711,0.1298,0,0.8086,0.8038,0.6041,0.5113,0.8109,0.8223,0.8217,0.8183
TRBV29*01,0.6751,0.8092,0.538,0.8162,0.5408,0.8495,0.3461,0.3804,0.7974,0.7935,0.8558,0.7918,0.381,0.4583,0.7935,0.8176,0.4584,0.0441,0.8502,0.8032,0.8022,0.7926,0.8502,0.5359,0.8438,0.8098,0.8002,0.8551,0.8021,0.7931,0.8076,0.0466,0.7867,0.7934,0.8027,0.8518,0.7909,0.8086,0,0.0955,0.7973,0.7843,0.0466,0.7859,0.7857,0.8028
TRBV5*02,0.6542,0.8065,0.5448,0.8126,0.5449,0.841,0.3837,0.4095,0.7964,0.7882,0.851,0.7917,0.4036,0.4689,0.7882,0.8141,0.4688,0.0445,0.8401,0.8014,0.7986,0.7918,0.8401,0.5407,0.8305,0.8071,0.7986,0.85,0.8003,0.7939,0.8048,0.0425,0.7822,0.7883,0.7994,0.8403,0.7889,0.8038,0.0955,0,0.797,0.7862,0.0425,0.6074,0.6065,0.6693
TRBV20*02,0.8248,0.6592,0.8144,0.6463,0.8113,0.6714,0.8497,0.8039,0.6753,0.2153,0.8129,0.6223,0.8035,0.7896,0.2153,0.6467,0.7894,0.8073,0.6717,0.7508,0.6735,0.6789,0.6717,0.8115,0.2742,0.6594,0.6715,0.8126,0.7558,0.0167,0.6317,0.8079,0.1501,0.2209,0.2335,0.667,0.675,0.6229,0.807,0.8067,0,0.6744,0.8079,0.7815,0.7811,0.8194
TRBV12-1*02,0.8573,0.6474,0.8224,0.668,0.8177,0.5612,0.8117,0.8022,0.0332,0.6479,0.818,0.2917,0.8038,0.7829,0.6479,0.6681,0.7854,0.7967,0.5625,0.7457,0.5484,0.0285,0.5625,0.8176,0.6252,0.6481,0.0599,0.8172,0.7548,0.681,0.6197,0.7963,0.6413,0.6497,0.6521,0.5646,0.5181,0.5346,0.7946,0.7964,0.6744,0,0.7963,0.176,0.1764,0.6621
TRBV19*02,0.6725,0.8119,0.5475,0.8192,0.552,0.8476,0.3418,0.392,0.7994,0.7946,0.8557,0.7929,0.383,0.4368,0.7946,0.8207,0.4365,0.0009,0.8467,0.8046,0.8053,0.7946,0.8467,0.545,0.8314,0.8124,0.8016,0.8552,0.8034,0.7933,0.8083,0,0.788,0.7946,0.804,0.8469,0.7939,0.8109,0.0466,0.0425,0.7983,0.7861,0,0.827,0.8265,0.8168
TRBV12-2*01,0.6481,0.8315,0.6481,0.6304,0.6097,0.6486,0.8129,0.6677,0.8115,0.6553,0.8098,0.609,0.8275,0.8306,0.8071,0.7858,0.5556,0.8124,0.8124,0.6449,0.6403,0.7884,0.6449,0.1813,0.7012,0.585,0.6594,0.6074,0.6449,0.7884,0.8197,0.6639,0.6057,0.6011,0.6465,0.6034,0.7823,0.8223,0.7859,0.6074,0.7815,0.176,0.827,0,0.0005,0.6936
TRBV12-2*02,0.6486,0.8312,0.6474,0.6268,0.6074,0.6487,0.8119,0.6685,0.8111,0.6556,0.8092,0.6081,0.8269,0.8301,0.8065,0.7856,0.5535,0.8119,0.8119,0.6395,0.6393,0.7889,0.6445,0.1823,0.7017,0.5841,0.6592,0.6065,0.6395,0.7889,0.819,0.6643,0.6036,0.6009,0.647,0.6024,0.7818,0.8217,0.7857,0.6065,0.7811,0.1764,0.8265,0.0005,0,0.6946
TRBV21*01,0.8112,0.8212,0.6252,0.6899,0.6714,0.6505,0.8316,0.7829,0.8537,0.2901,0.8438,0.664,0.8158,0.8134,0.8305,0.8031,0.6374,0.8314,0.8314,0.2983,0.641,0.8072,0.6416,0.6613,0.3065,0.6898,0.2742,0.6693,0.2983,0.8071,0.8165,0.3016,0.5755,0.6417,0.3096,0.6677,0.8184,0.8183,0.8028,0.6693,0.8194,0.6621,0.8168,0.6936,0.6946,0
