0.000000000000000000e+00	0.000000000000000000e+00	0.000000000000000000e+00	6.220930232558141704e-01	2.906976744186047235e-01	1.046511627906976383e-01	2.267441860465115866e-01	0.000000000000000000e+00	0.000000000000000000e+00	2.906976744186046679e-01	3.740310077519380938e-01	1.279069767441860239e-01	2.906976744186049247e-02	1.046511627906976383e-01	3.740310077519380938e-01	1.046511627906976383e-01	3.740310077519380938e-01	1.046511627906976383e-01	5.000000000000001110e-01	5.000000000000001110e-01	1.046511627906976383e-01	5.000000000000001110e-01	1.046511627906976383e-01	1.046511627906976383e-01	5.000000000000001110e-01	5.000000000000001110e-01	1.046511627906976383e-01	5.000000000000001110e-01	5.000000000000001110e-01	1.279069767441860239e-01	3.430232558139534316e-01	2.906976744186046679e-01	1.279069767441860239e-01	5.813953488372104739e-02	1.279069767441860239e-01	3.430232558139534316e-01	5.813953488372104739e-02	0.000000000000000000e+00	4.593023255813954431e-01	1.279069767441860239e-01	5.000000000000001110e-01	5.000000000000001110e-01	3.430232558139534316e-01	4.941860465116289930e-02	3.255813953488372881e-01	1.279069767441860239e-01	2.906976744186046679e-01	3.430232558139535426e-01	1.279069767441860239e-01	6.220930232558141704e-01	3.023255813953489302e-01	3.430232558139534316e-01	0.000000000000000000e+00	4.593023255813954431e-01
0.000000000000000000e+00	0.000000000000000000e+00	0.000000000000000000e+00	6.220930232558141704e-01	2.906976744186047235e-01	1.046511627906976383e-01	2.267441860465115866e-01	0.000000000000000000e+00	0.000000000000000000e+00	2.906976744186046679e-01	3.740310077519380938e-01	1.279069767441860239e-01	2.906976744186049247e-02	1.046511627906976383e-01	3.740310077519380938e-01	1.046511627906976383e-01	3.740310077519380938e-01	1.046511627906976383e-01	5.000000000000001110e-01	5.000000000000001110e-01	1.046511627906976383e-01	5.000000000000001110e-01	1.046511627906976383e-01	1.046511627906976383e-01	5.000000000000001110e-01	5.000000000000001110e-01	1.046511627906976383e-01	5.000000000000001110e-01	5.000000000000001110e-01	1.279069767441860239e-01	3.430232558139534316e-01	2.906976744186046679e-01	1.279069767441860239e-01	5.813953488372104739e-02	1.279069767441860239e-01	3.430232558139534316e-01	5.813953488372104739e-02	0.000000000000000000e+00	4.593023255813954431e-01	1.279069767441860239e-01	5.000000000000001110e-01	5.000000000000001110e-01	3.430232558139534316e-01	4.941860465116289930e-02	3.255813953488372881e-01	1.279069767441860239e-01	2.906976744186046679e-01	3.430232558139535426e-01	1.279069767441860239e-01	6.220930232558141704e-01	3.023255813953489302e-01	3.430232558139534316e-01	0.000000000000000000e+00	4.593023255813954431e-01
0.000000000000000000e+00	0.000000000000000000e+00	0.000000000000000000e+00	6.220930232558141704e-01	2.906976744186047235e-01	1.046511627906976383e-01	2.267441860465115866e-01	0.000000000000000000e+00	0.000000000000000000e+00	2.906976744186046679e-01	3.740310077519380938e-01	1.279069767441860239e-01	2.906976744186049247e-02	1.046511627906976383e-01	3.740310077519380938e-01	1.046511627906976383e-01	3.740310077519380938e-01	1.046511627906976383e-01	5.000000000000001110e-01	5.000000000000001110e-01	1.046511627906976383e-01	5.000000000000001110e-01	1.046511627906976383e-01	1.046511627906976383e-01	5.000000000000001110e-01	5.000000000000001110e-01	1.046511627906976383e-01	5.000000000000001110e-01	5.000000000000001110e-01	1.279069767441860239e-01	3.430232558139534316e-01	2.906976744186046679e-01	1.279069767441860239e-01	5.813953488372104739e-02	1.279069767441860239e-01	3.430232558139534316e-01	5.813953488372104739e-02	0.000000000000000000e+00	4.593023255813954431e-01	1.279069767441860239e-01	5.000000000000001110e-01	5.000000000000001110e-01	3.430232558139534316e-01	4.941860465116289930e-02	3.255813953488372881e-01	1.279069767441860239e-01	2.906976744186046679e-01	3.430232558139535426e-01	1.279069767441860239e-01	6.220930232558141704e-01	3.023255813953489302e-01	3.430232558139534316e-01	0.000000000000000000e+00	4.593023255813954431e-01
6.220930232558141704e-01	6.220930232558141704e-01	6.220930232558141704e-01	0.000000000000000000e+00	3.313953488372093359e-01	7.267441860465118086e-01	8.488372093023257570e-01	6.220930232558141704e-01	6.220930232558141704e-01	9.127906976744187828e-01	2.480620155038760211e-01	7.500000000000001110e-01	5.930232558139536536e-01	7.267441860465118086e-01	2.480620155038760211e-01	7.267441860465118086e-01	2.480620155038760211e-01	7.267441860465118086e-01	1.220930232558139900e-01	1.220930232558139900e-01	7.267441860465118086e-01	1.220930232558139900e-01	7.267441860465118086e-01	7.267441860465118086e-01	1.220930232558139900e-01	1.220930232558139900e-01	7.267441860465118086e-01	1.220930232558139900e-01	1.220930232558139900e-01	7.500000000000001110e-01	9.651162790697674909e-01	9.127906976744187828e-01	7.500000000000001110e-01	5.639534883720930258e-01	7.500000000000001110e-01	9.651162790697674909e-01	5.639534883720930258e-01	6.220930232558141704e-01	1.627906976744186440e-01	7.500000000000001110e-01	1.220930232558139900e-01	1.220930232558139900e-01	9.651162790697674909e-01	5.726744186046511809e-01	2.965116279069767713e-01	7.500000000000001110e-01	9.127906976744187828e-01	2.790697674418605723e-01	7.500000000000001110e-01	0.000000000000000000e+00	3.197674418604651292e-01	9.651162790697674909e-01	6.220930232558141704e-01	1.627906976744186440e-01
2.906976744186047235e-01	2.906976744186047235e-01	2.906976744186047235e-01	3.313953488372093359e-01	0.000000000000000000e+00	3.953488372093023617e-01	5.174418604651163101e-01	2.906976744186047235e-01	2.906976744186047235e-01	5.813953488372093359e-01	8.333333333333335646e-02	4.186046511627907751e-01	2.616279069767442067e-01	3.953488372093023617e-01	8.333333333333335646e-02	3.953488372093023617e-01	8.333333333333335646e-02	3.953488372093023617e-01	2.093023255813953876e-01	2.093023255813953876e-01	3.953488372093023617e-01	2.093023255813953876e-01	3.953488372093023617e-01	3.953488372093023617e-01	2.093023255813953876e-01	2.093023255813953876e-01	3.953488372093023617e-01	2.093023255813953876e-01	2.093023255813953876e-01	4.186046511627907751e-01	6.337209302325580440e-01	5.813953488372093359e-01	4.186046511627907751e-01	2.325581395348836622e-01	4.186046511627907751e-01	6.337209302325580440e-01	2.325581395348836622e-01	2.906976744186047235e-01	1.686046511627907196e-01	4.186046511627907751e-01	2.093023255813953876e-01	2.093023255813953876e-01	6.337209302325580440e-01	2.412790697674418172e-01	3.488372093023259235e-02	4.186046511627907751e-01	5.813953488372093359e-01	5.232558139534881914e-02	4.186046511627907751e-01	3.313953488372093359e-01	1.162790697674419629e-02	6.337209302325580440e-01	2.906976744186047235e-01	1.686046511627907196e-01
1.046511627906976383e-01	1.046511627906976383e-01	1.046511627906976383e-01	7.267441860465118086e-01	3.953488372093023617e-01	0.000000000000000000e+00	1.220930232558139344e-01	1.046511627906976383e-01	1.046511627906976383e-01	1.860465116279070019e-01	4.786821705426357321e-01	2.325581395348839259e-02	1.337209302325581273e-01	0.000000000000000000e+00	4.786821705426357321e-01	0.000000000000000000e+00	4.786821705426357321e-01	0.000000000000000000e+00	6.046511627906977493e-01	6.046511627906977493e-01	0.000000000000000000e+00	6.046511627906977493e-01	0.000000000000000000e+00	0.000000000000000000e+00	6.046511627906977493e-01	6.046511627906977493e-01	0.000000000000000000e+00	6.046511627906977493e-01	6.046511627906977493e-01	2.325581395348839259e-02	2.383720930232557655e-01	1.860465116279070019e-01	2.325581395348839259e-02	1.627906976744186995e-01	2.325581395348839259e-02	2.383720930232557655e-01	1.627906976744186995e-01	1.046511627906976383e-01	5.639534883720930258e-01	2.325581395348839259e-02	6.046511627906977493e-01	6.046511627906977493e-01	2.383720930232557655e-01	1.540697674418605445e-01	4.302325581395349263e-01	2.325581395348839259e-02	1.860465116279070019e-01	4.476744186046511809e-01	2.325581395348839259e-02	7.267441860465118086e-01	4.069767441860465684e-01	2.383720930232557655e-01	1.046511627906976383e-01	5.639534883720930258e-01
2.267441860465115866e-01	2.267441860465115866e-01	2.267441860465115866e-01	8.488372093023257570e-01	5.174418604651163101e-01	1.220930232558139344e-01	0.000000000000000000e+00	2.267441860465115866e-01	2.267441860465115866e-01	6.395348837209308135e-02	6.007751937984496804e-01	9.883720930232553492e-02	2.558139534883720478e-01	1.220930232558139344e-01	6.007751937984496804e-01	1.220930232558139344e-01	6.007751937984496804e-01	1.220930232558139344e-01	7.267441860465115866e-01	7.267441860465115866e-01	1.220930232558139344e-01	7.267441860465115866e-01	1.220930232558139344e-01	1.220930232558139344e-01	7.267441860465115866e-01	7.267441860465115866e-01	1.220930232558139344e-01	7.267441860465115866e-01	7.267441860465115866e-01	9.883720930232553492e-02	1.162790697674418311e-01	6.395348837209308135e-02	9.883720930232553492e-02	2.848837209302326201e-01	9.883720930232553492e-02	1.162790697674418311e-01	2.848837209302326201e-01	2.267441860465115866e-01	6.860465116279070852e-01	9.883720930232553492e-02	7.267441860465115866e-01	7.267441860465115866e-01	1.162790697674418311e-01	2.761627906976744651e-01	5.523255813953489302e-01	9.883720930232553492e-02	6.395348837209308135e-02	5.697674418604651292e-01	9.883720930232553492e-02	8.488372093023257570e-01	5.290697674418605168e-01	1.162790697674418311e-01	2.267441860465115866e-01	6.860465116279070852e-01
0.000000000000000000e+00	0.000000000000000000e+00	0.000000000000000000e+00	6.220930232558141704e-01	2.906976744186047235e-01	1.046511627906976383e-01	2.267441860465115866e-01	0.000000000000000000e+00	0.000000000000000000e+00	2.906976744186046679e-01	3.740310077519380938e-01	1.279069767441860239e-01	2.906976744186049247e-02	1.046511627906976383e-01	3.740310077519380938e-01	1.046511627906976383e-01	3.740310077519380938e-01	1.046511627906976383e-01	5.000000000000001110e-01	5.000000000000001110e-01	1.046511627906976383e-01	5.000000000000001110e-01	1.046511627906976383e-01	1.046511627906976383e-01	5.000000000000001110e-01	5.000000000000001110e-01	1.046511627906976383e-01	5.000000000000001110e-01	5.000000000000001110e-01	1.279069767441860239e-01	3.430232558139534316e-01	2.906976744186046679e-01	1.279069767441860239e-01	5.813953488372104739e-02	1.279069767441860239e-01	3.430232558139534316e-01	5.813953488372104739e-02	0.000000000000000000e+00	4.593023255813954431e-01	1.279069767441860239e-01	5.000000000000001110e-01	5.000000000000001110e-01	3.430232558139534316e-01	4.941860465116289930e-02	3.255813953488372881e-01	1.279069767441860239e-01	2.906976744186046679e-01	3.430232558139535426e-01	1.279069767441860239e-01	6.220930232558141704e-01	3.023255813953489302e-01	3.430232558139534316e-01	0.000000000000000000e+00	4.593023255813954431e-01
0.000000000000000000e+00	0.000000000000000000e+00	0.000000000000000000e+00	6.220930232558141704e-01	2.906976744186047235e-01	1.046511627906976383e-01	2.267441860465115866e-01	0.000000000000000000e+00	0.000000000000000000e+00	2.906976744186046679e-01	3.740310077519380938e-01	1.279069767441860239e-01	2.906976744186049247e-02	1.046511627906976383e-01	3.740310077519380938e-01	1.046511627906976383e-01	3.740310077519380938e-01	1.046511627906976383e-01	5.000000000000001110e-01	5.000000000000001110e-01	1.046511627906976383e-01	5.000000000000001110e-01	1.046511627906976383e-01	1.046511627906976383e-01	5.000000000000001110e-01	5.000000000000001110e-01	1.046511627906976383e-01	5.000000000000001110e-01	5.000000000000001110e-01	1.279069767441860239e-01	3.430232558139534316e-01	2.906976744186046679e-01	1.279069767441860239e-01	5.813953488372104739e-02	1.279069767441860239e-01	3.430232558139534316e-01	5.813953488372104739e-02	0.000000000000000000e+00	4.593023255813954431e-01	1.279069767441860239e-01	5.000000000000001110e-01	5.000000000000001110e-01	3.430232558139534316e-01	4.941860465116289930e-02	3.255813953488372881e-01	1.279069767441860239e-01	2.906976744186046679e-01	3.430232558139535426e-01	1.279069767441860239e-01	6.220930232558141704e-01	3.023255813953489302e-01	3.430232558139534316e-01	0.000000000000000000e+00	4.593023255813954431e-01
2.906976744186046679e-01	2.906976744186046679e-01	2.906976744186046679e-01	9.127906976744187828e-01	5.813953488372093359e-01	1.860465116279070019e-01	6.395348837209308135e-02	2.906976744186046679e-01	2.906976744186046679e-01	0.000000000000000000e+00	6.647286821705428173e-01	1.627906976744186163e-01	3.197674418604651292e-01	1.860465116279070019e-01	6.647286821705428173e-01	1.860465116279070019e-01	6.647286821705428173e-01	1.860465116279070019e-01	7.906976744186047235e-01	7.906976744186047235e-01	1.860465116279070019e-01	7.906976744186047235e-01	1.860465116279070019e-01	1.860465116279070019e-01	7.906976744186047235e-01	7.906976744186047235e-01	1.860465116279070019e-01	7.906976744186047235e-01	7.906976744186047235e-01	1.627906976744186163e-01	5.232558139534875669e-02	0.000000000000000000e+00	1.627906976744186163e-01	3.488372093023257015e-01	1.627906976744186163e-01	5.232558139534875669e-02	3.488372093023257015e-01	2.906976744186046679e-01	7.500000000000000000e-01	1.627906976744186163e-01	7.906976744186047235e-01	7.906976744186047235e-01	5.232558139534875669e-02	3.401162790697675464e-01	6.162790697674419560e-01	1.627906976744186163e-01	0.000000000000000000e+00	6.337209302325581550e-01	1.627906976744186163e-01	9.127906976744187828e-01	5.930232558139535426e-01	5.232558139534875669e-02	2.906976744186046679e-01	7.500000000000000000e-01
3.740310077519380938e-01	3.740310077519380938e-01	3.740310077519380938e-01	2.480620155038760211e-01	8.333333333333335646e-02	4.786821705426357321e-01	6.007751937984496804e-01	3.740310077519380938e-01	3.740310077519380938e-01	6.647286821705428173e-01	0.000000000000000000e+00	5.019379844961241455e-01	3.449612403100776326e-01	4.786821705426357321e-01	0.000000000000000000e+00	4.786821705426357321e-01	0.000000000000000000e+00	4.786821705426357321e-01	1.259689922480620172e-01	1.259689922480620172e-01	4.786821705426357321e-01	1.259689922480620172e-01	4.786821705426357321e-01	4.786821705426357321e-01	1.259689922480620172e-01	1.259689922480620172e-01	4.786821705426357321e-01	1.259689922480620172e-01	1.259689922480620172e-01	5.019379844961241455e-01	7.170542635658915254e-01	6.647286821705428173e-01	5.019379844961241455e-01	3.158914728682170048e-01	5.019379844961241455e-01	7.170542635658915254e-01	3.158914728682170048e-01	3.740310077519380938e-01	8.527131782945736316e-02	5.019379844961241455e-01	1.259689922480620172e-01	1.259689922480620172e-01	7.170542635658915254e-01	3.246124031007752153e-01	4.844961240310076411e-02	5.019379844961241455e-01	6.647286821705428173e-01	3.100775193798453386e-02	5.019379844961241455e-01	2.480620155038760211e-01	7.170542635658916364e-02	7.170542635658915254e-01	3.740310077519380938e-01	8.527131782945736316e-02
1.279069767441860239e-01	1.279069767441860239e-01	1.279069767441860239e-01	7.500000000000001110e-01	4.186046511627907751e-01	2.325581395348839259e-02	9.883720930232553492e-02	1.279069767441860239e-01	1.279069767441860239e-01	1.627906976744186163e-01	5.019379844961241455e-01	0.000000000000000000e+00	1.569767441860465129e-01	2.325581395348839259e-02	5.019379844961241455e-01	2.325581395348839259e-02	5.019379844961241455e-01	2.325581395348839259e-02	6.279069767441860517e-01	6.279069767441860517e-01	2.325581395348839259e-02	6.279069767441860517e-01	2.325581395348839259e-02	2.325581395348839259e-02	6.279069767441860517e-01	6.279069767441860517e-01	2.325581395348839259e-02	6.279069767441860517e-01	6.279069767441860517e-01	0.000000000000000000e+00	2.151162790697673799e-01	1.627906976744186163e-01	0.000000000000000000e+00	1.860465116279070852e-01	0.000000000000000000e+00	2.151162790697673799e-01	1.860465116279070852e-01	1.279069767441860239e-01	5.872093023255815503e-01	0.000000000000000000e+00	6.279069767441860517e-01	6.279069767441860517e-01	2.151162790697673799e-01	1.773255813953489302e-01	4.534883720930233397e-01	0.000000000000000000e+00	1.627906976744186163e-01	4.709302325581395943e-01	0.000000000000000000e+00	7.500000000000001110e-01	4.302325581395349263e-01	2.151162790697673799e-01	1.279069767441860239e-01	5.872093023255815503e-01
2.906976744186049247e-02	2.906976744186049247e-02	2.906976744186049247e-02	5.930232558139536536e-01	2.616279069767442067e-01	1.337209302325581273e-01	2.558139534883720478e-01	2.906976744186049247e-02	2.906976744186049247e-02	3.197674418604651292e-01	3.449612403100776326e-01	1.569767441860465129e-01	0.000000000000000000e+00	1.337209302325581273e-01	3.449612403100776326e-01	1.337209302325581273e-01	3.449612403100776326e-01	1.337209302325581273e-01	4.709302325581396498e-01	4.709302325581396498e-01	1.337209302325581273e-01	4.709302325581396498e-01	1.337209302325581273e-01	1.337209302325581273e-01	4.709302325581396498e-01	4.709302325581396498e-01	1.337209302325581273e-01	4.709302325581396498e-01	4.709302325581396498e-01	1.569767441860465129e-01	3.720930232558138928e-01	3.197674418604651292e-01	1.569767441860465129e-01	2.906976744186055492e-02	1.569767441860465129e-01	3.720930232558138928e-01	2.906976744186055492e-02	2.906976744186049247e-02	4.302325581395349263e-01	1.569767441860465129e-01	4.709302325581396498e-01	4.709302325581396498e-01	3.720930232558138928e-01	2.034883720930240683e-02	2.965116279069768268e-01	1.569767441860465129e-01	3.197674418604651292e-01	3.139534883720930258e-01	1.569767441860465129e-01	5.930232558139536536e-01	2.732558139534884134e-01	3.720930232558138928e-01	2.906976744186049247e-02	4.302325581395349263e-01
1.046511627906976383e-01	1.046511627906976383e-01	1.046511627906976383e-01	7.267441860465118086e-01	3.953488372093023617e-01	0.000000000000000000e+00	1.220930232558139344e-01	1.046511627906976383e-01	1.046511627906976383e-01	1.860465116279070019e-01	4.786821705426357321e-01	2.325581395348839259e-02	1.337209302325581273e-01	0.000000000000000000e+00	4.786821705426357321e-01	0.000000000000000000e+00	4.786821705426357321e-01	0.000000000000000000e+00	6.046511627906977493e-01	6.046511627906977493e-01	0.000000000000000000e+00	6.046511627906977493e-01	0.000000000000000000e+00	0.000000000000000000e+00	6.046511627906977493e-01	6.046511627906977493e-01	0.000000000000000000e+00	6.046511627906977493e-01	6.046511627906977493e-01	2.325581395348839259e-02	2.383720930232557655e-01	1.860465116279070019e-01	2.325581395348839259e-02	1.627906976744186995e-01	2.325581395348839259e-02	2.383720930232557655e-01	1.627906976744186995e-01	1.046511627906976383e-01	5.639534883720930258e-01	2.325581395348839259e-02	6.046511627906977493e-01	6.046511627906977493e-01	2.383720930232557655e-01	1.540697674418605445e-01	4.302325581395349263e-01	2.325581395348839259e-02	1.860465116279070019e-01	4.476744186046511809e-01	2.325581395348839259e-02	7.267441860465118086e-01	4.069767441860465684e-01	2.383720930232557655e-01	1.046511627906976383e-01	5.639534883720930258e-01
3.740310077519380938e-01	3.740310077519380938e-01	3.740310077519380938e-01	2.480620155038760211e-01	8.333333333333335646e-02	4.786821705426357321e-01	6.007751937984496804e-01	3.740310077519380938e-01	3.740310077519380938e-01	6.647286821705428173e-01	0.000000000000000000e+00	5.019379844961241455e-01	3.449612403100776326e-01	4.786821705426357321e-01	0.000000000000000000e+00	4.786821705426357321e-01	0.000000000000000000e+00	4.786821705426357321e-01	1.259689922480620172e-01	1.259689922480620172e-01	4.786821705426357321e-01	1.259689922480620172e-01	4.786821705426357321e-01	4.786821705426357321e-01	1.259689922480620172e-01	1.259689922480620172e-01	4.786821705426357321e-01	1.259689922480620172e-01	1.259689922480620172e-01	5.019379844961241455e-01	7.170542635658915254e-01	6.647286821705428173e-01	5.019379844961241455e-01	3.158914728682170048e-01	5.019379844961241455e-01	7.170542635658915254e-01	3.158914728682170048e-01	3.740310077519380938e-01	8.527131782945736316e-02	5.019379844961241455e-01	1.259689922480620172e-01	1.259689922480620172e-01	7.170542635658915254e-01	3.246124031007752153e-01	4.844961240310076411e-02	5.019379844961241455e-01	6.647286821705428173e-01	3.100775193798453386e-02	5.019379844961241455e-01	2.480620155038760211e-01	7.170542635658916364e-02	7.170542635658915254e-01	3.740310077519380938e-01	8.527131782945736316e-02
1.046511627906976383e-01	1.046511627906976383e-01	1.046511627906976383e-01	7.267441860465118086e-01	3.953488372093023617e-01	0.000000000000000000e+00	1.220930232558139344e-01	1.046511627906976383e-01	1.046511627906976383e-01	1.860465116279070019e-01	4.786821705426357321e-01	2.325581395348839259e-02	1.337209302325581273e-01	0.000000000000000000e+00	4.786821705426357321e-01	0.000000000000000000e+00	4.786821705426357321e-01	0.000000000000000000e+00	6.046511627906977493e-01	6.046511627906977493e-01	0.000000000000000000e+00	6.046511627906977493e-01	0.000000000000000000e+00	0.000000000000000000e+00	6.046511627906977493e-01	6.046511627906977493e-01	0.000000000000000000e+00	6.046511627906977493e-01	6.046511627906977493e-01	2.325581395348839259e-02	2.383720930232557655e-01	1.860465116279070019e-01	2.325581395348839259e-02	1.627906976744186995e-01	2.325581395348839259e-02	2.383720930232557655e-01	1.627906976744186995e-01	1.046511627906976383e-01	5.639534883720930258e-01	2.325581395348839259e-02	6.046511627906977493e-01	6.046511627906977493e-01	2.383720930232557655e-01	1.540697674418605445e-01	4.302325581395349263e-01	2.325581395348839259e-02	1.860465116279070019e-01	4.476744186046511809e-01	2.325581395348839259e-02	7.267441860465118086e-01	4.069767441860465684e-01	2.383720930232557655e-01	1.046511627906976383e-01	5.639534883720930258e-01
3.740310077519380938e-01	3.740310077519380938e-01	3.740310077519380938e-01	2.480620155038760211e-01	8.333333333333335646e-02	4.786821705426357321e-01	6.007751937984496804e-01	3.740310077519380938e-01	3.740310077519380938e-01	6.647286821705428173e-01	0.000000000000000000e+00	5.019379844961241455e-01	3.449612403100776326e-01	4.786821705426357321e-01	0.000000000000000000e+00	4.786821705426357321e-01	0.000000000000000000e+00	4.786821705426357321e-01	1.259689922480620172e-01	1.259689922480620172e-01	4.786821705426357321e-01	1.259689922480620172e-01	4.786821705426357321e-01	4.786821705426357321e-01	1.259689922480620172e-01	1.259689922480620172e-01	4.786821705426357321e-01	1.259689922480620172e-01	1.259689922480620172e-01	5.019379844961241455e-01	7.170542635658915254e-01	6.647286821705428173e-01	5.019379844961241455e-01	3.158914728682170048e-01	5.019379844961241455e-01	7.170542635658915254e-01	3.158914728682170048e-01	3.740310077519380938e-01	8.527131782945736316e-02	5.019379844961241455e-01	1.259689922480620172e-01	1.259689922480620172e-01	7.170542635658915254e-01	3.246124031007752153e-01	4.844961240310076411e-02	5.019379844961241455e-01	6.647286821705428173e-01	3.100775193798453386e-02	5.019379844961241455e-01	2.480620155038760211e-01	7.170542635658916364e-02	7.170542635658915254e-01	3.740310077519380938e-01	8.527131782945736316e-02
1.046511627906976383e-01	1.046511627906976383e-01	1.046511627906976383e-01	7.267441860465118086e-01	3.953488372093023617e-01	0.000000000000000000e+00	1.220930232558139344e-01	1.046511627906976383e-01	1.046511627906976383e-01	1.860465116279070019e-01	4.786821705426357321e-01	2.325581395348839259e-02	1.337209302325581273e-01	0.000000000000000000e+00	4.786821705426357321e-01	0.000000000000000000e+00	4.786821705426357321e-01	0.000000000000000000e+00	6.046511627906977493e-01	6.046511627906977493e-01	0.000000000000000000e+00	6.046511627906977493e-01	0.000000000000000000e+00	0.000000000000000000e+00	6.046511627906977493e-01	6.046511627906977493e-01	0.000000000000000000e+00	6.046511627906977493e-01	6.046511627906977493e-01	2.325581395348839259e-02	2.383720930232557655e-01	1.860465116279070019e-01	2.325581395348839259e-02	1.627906976744186995e-01	2.325581395348839259e-02	2.383720930232557655e-01	1.627906976744186995e-01	1.046511627906976383e-01	5.639534883720930258e-01	2.325581395348839259e-02	6.046511627906977493e-01	6.046511627906977493e-01	2.383720930232557655e-01	1.540697674418605445e-01	4.302325581395349263e-01	2.325581395348839259e-02	1.860465116279070019e-01	4.476744186046511809e-01	2.325581395348839259e-02	7.267441860465118086e-01	4.069767441860465684e-01	2.383720930232557655e-01	1.046511627906976383e-01	5.639534883720930258e-01
5.000000000000001110e-01	5.000000000000001110e-01	5.000000000000001110e-01	1.220930232558139900e-01	2.093023255813953876e-01	6.046511627906977493e-01	7.267441860465115866e-01	5.000000000000001110e-01	5.000000000000001110e-01	7.906976744186047235e-01	1.259689922480620172e-01	6.279069767441860517e-01	4.709302325581396498e-01	6.046511627906977493e-01	1.259689922480620172e-01	6.046511627906977493e-01	1.259689922480620172e-01	6.046511627906977493e-01	0.000000000000000000e+00	0.000000000000000000e+00	6.046511627906977493e-01	0.000000000000000000e+00	6.046511627906977493e-01	6.046511627906977493e-01	0.000000000000000000e+00	0.000000000000000000e+00	6.046511627906977493e-01	0.000000000000000000e+00	0.000000000000000000e+00	6.279069767441860517e-01	8.430232558139534316e-01	7.906976744186047235e-01	6.279069767441860517e-01	4.418604651162790775e-01	6.279069767441860517e-01	8.430232558139534316e-01	4.418604651162790775e-01	5.000000000000001110e-01	4.069767441860466101e-02	6.279069767441860517e-01	0.000000000000000000e+00	0.000000000000000000e+00	8.430232558139534316e-01	4.505813953488372325e-01	1.744186046511627952e-01	6.279069767441860517e-01	7.906976744186047235e-01	1.569767441860465684e-01	6.279069767441860517e-01	1.220930232558139900e-01	1.976744186046511809e-01	8.430232558139534316e-01	5.000000000000001110e-01	4.069767441860466101e-02
5.000000000000001110e-01	5.000000000000001110e-01	5.000000000000001110e-01	1.220930232558139900e-01	2.093023255813953876e-01	6.046511627906977493e-01	7.267441860465115866e-01	5.000000000000001110e-01	5.000000000000001110e-01	7.906976744186047235e-01	1.259689922480620172e-01	6.279069767441860517e-01	4.709302325581396498e-01	6.046511627906977493e-01	1.259689922480620172e-01	6.046511627906977493e-01	1.259689922480620172e-01	6.046511627906977493e-01	0.000000000000000000e+00	0.000000000000000000e+00	6.046511627906977493e-01	0.000000000000000000e+00	6.046511627906977493e-01	6.046511627906977493e-01	0.000000000000000000e+00	0.000000000000000000e+00	6.046511627906977493e-01	0.000000000000000000e+00	0.000000000000000000e+00	6.279069767441860517e-01	8.430232558139534316e-01	7.906976744186047235e-01	6.279069767441860517e-01	4.418604651162790775e-01	6.279069767441860517e-01	8.430232558139534316e-01	4.418604651162790775e-01	5.000000000000001110e-01	4.069767441860466101e-02	6.279069767441860517e-01	0.000000000000000000e+00	0.000000000000000000e+00	8.430232558139534316e-01	4.505813953488372325e-01	1.744186046511627952e-01	6.279069767441860517e-01	7.906976744186047235e-01	1.569767441860465684e-01	6.279069767441860517e-01	1.220930232558139900e-01	1.976744186046511809e-01	8.430232558139534316e-01	5.000000000000001110e-01	4.069767441860466101e-02
1.046511627906976383e-01	1.046511627906976383e-01	1.046511627906976383e-01	7.267441860465118086e-01	3.953488372093023617e-01	0.000000000000000000e+00	1.220930232558139344e-01	1.046511627906976383e-01	1.046511627906976383e-01	1.860465116279070019e-01	4.786821705426357321e-01	2.325581395348839259e-02	1.337209302325581273e-01	0.000000000000000000e+00	4.786821705426357321e-01	0.000000000000000000e+00	4.786821705426357321e-01	0.000000000000000000e+00	6.046511627906977493e-01	6.046511627906977493e-01	0.000000000000000000e+00	6.046511627906977493e-01	0.000000000000000000e+00	0.000000000000000000e+00	6.046511627906977493e-01	6.046511627906977493e-01	0.000000000000000000e+00	6.046511627906977493e-01	6.046511627906977493e-01	2.325581395348839259e-02	2.383720930232557655e-01	1.860465116279070019e-01	2.325581395348839259e-02	1.627906976744186995e-01	2.325581395348839259e-02	2.383720930232557655e-01	1.627906976744186995e-01	1.046511627906976383e-01	5.639534883720930258e-01	2.325581395348839259e-02	6.046511627906977493e-01	6.046511627906977493e-01	2.383720930232557655e-01	1.540697674418605445e-01	4.302325581395349263e-01	2.325581395348839259e-02	1.860465116279070019e-01	4.476744186046511809e-01	2.325581395348839259e-02	7.267441860465118086e-01	4.069767441860465684e-01	2.383720930232557655e-01	1.046511627906976383e-01	5.639534883720930258e-01
5.000000000000001110e-01	5.000000000000001110e-01	5.000000000000001110e-01	1.220930232558139900e-01	2.093023255813953876e-01	6.046511627906977493e-01	7.267441860465115866e-01	5.000000000000001110e-01	5.000000000000001110e-01	7.906976744186047235e-01	1.259689922480620172e-01	6.279069767441860517e-01	4.709302325581396498e-01	6.046511627906977493e-01	1.259689922480620172e-01	6.046511627906977493e-01	1.259689922480620172e-01	6.046511627906977493e-01	0.000000000000000000e+00	0.000000000000000000e+00	6.046511627906977493e-01	0.000000000000000000e+00	6.046511627906977493e-01	6.046511627906977493e-01	0.000000000000000000e+00	0.000000000000000000e+00	6.046511627906977493e-01	0.000000000000000000e+00	0.000000000000000000e+00	6.279069767441860517e-01	8.430232558139534316e-01	7.906976744186047235e-01	6.279069767441860517e-01	4.418604651162790775e-01	6.279069767441860517e-01	8.430232558139534316e-01	4.418604651162790775e-01	5.000000000000001110e-01	4.069767441860466101e-02	6.279069767441860517e-01	0.000000000000000000e+00	0.000000000000000000e+00	8.430232558139534316e-01	4.505813953488372325e-01	1.744186046511627952e-01	6.279069767441860517e-01	7.906976744186047235e-01	1.569767441860465684e-01	6.279069767441860517e-01	1.220930232558139900e-01	1.976744186046511809e-01	8.430232558139534316e-01	5.000000000000001110e-01	4.069767441860466101e-02
1.046511627906976383e-01	1.046511627906976383e-01	1.046511627906976383e-01	7.267441860465118086e-01	3.953488372093023617e-01	0.000000000000000000e+00	1.220930232558139344e-01	1.046511627906976383e-01	1.046511627906976383e-01	1.860465116279070019e-01	4.786821705426357321e-01	2.325581395348839259e-02	1.337209302325581273e-01	0.000000000000000000e+00	4.786821705426357321e-01	0.000000000000000000e+00	4.786821705426357321e-01	0.000000000000000000e+00	6.046511627906977493e-01	6.046511627906977493e-01	0.000000000000000000e+00	6.046511627906977493e-01	0.000000000000000000e+00	0.000000000000000000e+00	6.046511627906977493e-01	6.046511627906977493e-01	0.000000000000000000e+00	6.046511627906977493e-01	6.046511627906977493e-01	2.325581395348839259e-02	2.383720930232557655e-01	1.860465116279070019e-01	2.325581395348839259e-02	1.627906976744186995e-01	2.325581395348839259e-02	2.383720930232557655e-01	1.627906976744186995e-01	1.046511627906976383e-01	5.639534883720930258e-01	2.325581395348839259e-02	6.046511627906977493e-01	6.046511627906977493e-01	2.383720930232557655e-01	1.540697674418605445e-01	4.302325581395349263e-01	2.325581395348839259e-02	1.860465116279070019e-01	4.476744186046511809e-01	2.325581395348839259e-02	7.267441860465118086e-01	4.069767441860465684e-01	2.383720930232557655e-01	1.046511627906976383e-01	5.639534883720930258e-01
1.046511627906976383e-01	1.046511627906976383e-01	1.046511627906976383e-01	7.267441860465118086e-01	3.953488372093023617e-01	0.000000000000000000e+00	1.220930232558139344e-01	1.046511627906976383e-01	1.046511627906976383e-01	1.860465116279070019e-01	4.786821705426357321e-01	2.325581395348839259e-02	1.337209302325581273e-01	0.000000000000000000e+00	4.786821705426357321e-01	0.000000000000000000e+00	4.786821705426357321e-01	0.000000000000000000e+00	6.046511627906977493e-01	6.046511627906977493e-01	0.000000000000000000e+00	6.046511627906977493e-01	0.000000000000000000e+00	0.000000000000000000e+00	6.046511627906977493e-01	6.046511627906977493e-01	0.000000000000000000e+00	6.046511627906977493e-01	6.046511627906977493e-01	2.325581395348839259e-02	2.383720930232557655e-01	1.860465116279070019e-01	2.325581395348839259e-02	1.627906976744186995e-01	2.325581395348839259e-02	2.383720930232557655e-01	1.627906976744186995e-01	1.046511627906976383e-01	5.639534883720930258e-01	2.325581395348839259e-02	6.046511627906977493e-01	6.046511627906977493e-01	2.383720930232557655e-01	1.540697674418605445e-01	4.302325581395349263e-01	2.325581395348839259e-02	1.860465116279070019e-01	4.476744186046511809e-01	2.325581395348839259e-02	7.267441860465118086e-01	4.069767441860465684e-01	2.383720930232557655e-01	1.046511627906976383e-01	5.639534883720930258e-01
5.000000000000001110e-01	5.000000000000001110e-01	5.000000000000001110e-01	1.220930232558139900e-01	2.093023255813953876e-01	6.046511627906977493e-01	7.267441860465115866e-01	5.000000000000001110e-01	5.000000000000001110e-01	7.906976744186047235e-01	1.259689922480620172e-01	6.279069767441860517e-01	4.709302325581396498e-01	6.046511627906977493e-01	1.259689922480620172e-01	6.046511627906977493e-01	1.259689922480620172e-01	6.046511627906977493e-01	0.000000000000000000e+00	0.000000000000000000e+00	6.046511627906977493e-01	0.000000000000000000e+00	6.046511627906977493e-01	6.046511627906977493e-01	0.000000000000000000e+00	0.000000000000000000e+00	6.046511627906977493e-01	0.000000000000000000e+00	0.000000000000000000e+00	6.279069767441860517e-01	8.430232558139534316e-01	7.906976744186047235e-01	6.279069767441860517e-01	4.418604651162790775e-01	6.279069767441860517e-01	8.430232558139534316e-01	4.418604651162790775e-01	5.000000000000001110e-01	4.069767441860466101e-02	6.279069767441860517e-01	0.000000000000000000e+00	0.000000000000000000e+00	8.430232558139534316e-01	4.505813953488372325e-01	1.744186046511627952e-01	6.279069767441860517e-01	7.906976744186047235e-01	1.569767441860465684e-01	6.279069767441860517e-01	1.220930232558139900e-01	1.976744186046511809e-01	8.430232558139534316e-01	5.000000000000001110e-01	4.069767441860466101e-02
5.000000000000001110e-01	5.000000000000001110e-01	5.000000000000001110e-01	1.220930232558139900e-01	2.093023255813953876e-01	6.046511627906977493e-01	7.267441860465115866e-01	5.000000000000001110e-01	5.000000000000001110e-01	7.906976744186047235e-01	1.259689922480620172e-01	6.279069767441860517e-01	4.709302325581396498e-01	6.046511627906977493e-01	1.259689922480620172e-01	6.046511627906977493e-01	1.259689922480620172e-01	6.046511627906977493e-01	0.000000000000000000e+00	0.000000000000000000e+00	6.046511627906977493e-01	0.000000000000000000e+00	6.046511627906977493e-01	6.046511627906977493e-01	0.000000000000000000e+00	0.000000000000000000e+00	6.046511627906977493e-01	0.000000000000000000e+00	0.000000000000000000e+00	6.279069767441860517e-01	8.430232558139534316e-01	7.906976744186047235e-01	6.279069767441860517e-01	4.418604651162790775e-01	6.279069767441860517e-01	8.430232558139534316e-01	4.418604651162790775e-01	5.000000000000001110e-01	4.069767441860466101e-02	6.279069767441860517e-01	0.000000000000000000e+00	0.000000000000000000e+00	8.430232558139534316e-01	4.505813953488372325e-01	1.744186046511627952e-01	6.279069767441860517e-01	7.906976744186047235e-01	1.569767441860465684e-01	6.279069767441860517e-01	1.220930232558139900e-01	1.976744186046511809e-01	8.430232558139534316e-01	5.000000000000001110e-01	4.069767441860466101e-02
1.046511627906976383e-01	1.046511627906976383e-01	1.046511627906976383e-01	7.267441860465118086e-01	3.953488372093023617e-01	0.000000000000000000e+00	1.220930232558139344e-01	1.046511627906976383e-01	1.046511627906976383e-01	1.860465116279070019e-01	4.786821705426357321e-01	2.325581395348839259e-02	1.337209302325581273e-01	0.000000000000000000e+00	4.786821705426357321e-01	0.000000000000000000e+00	4.786821705426357321e-01	0.000000000000000000e+00	6.046511627906977493e-01	6.046511627906977493e-01	0.000000000000000000e+00	6.046511627906977493e-01	0.000000000000000000e+00	0.000000000000000000e+00	6.046511627906977493e-01	6.046511627906977493e-01	0.000000000000000000e+00	6.046511627906977493e-01	6.046511627906977493e-01	2.325581395348839259e-02	2.383720930232557655e-01	1.860465116279070019e-01	2.325581395348839259e-02	1.627906976744186995e-01	2.325581395348839259e-02	2.383720930232557655e-01	1.627906976744186995e-01	1.046511627906976383e-01	5.639534883720930258e-01	2.325581395348839259e-02	6.046511627906977493e-01	6.046511627906977493e-01	2.383720930232557655e-01	1.540697674418605445e-01	4.302325581395349263e-01	2.325581395348839259e-02	1.860465116279070019e-01	4.476744186046511809e-01	2.325581395348839259e-02	7.267441860465118086e-01	4.069767441860465684e-01	2.383720930232557655e-01	1.046511627906976383e-01	5.639534883720930258e-01
5.000000000000001110e-01	5.000000000000001110e-01	5.000000000000001110e-01	1.220930232558139900e-01	2.093023255813953876e-01	6.046511627906977493e-01	7.267441860465115866e-01	5.000000000000001110e-01	5.000000000000001110e-01	7.906976744186047235e-01	1.259689922480620172e-01	6.279069767441860517e-01	4.709302325581396498e-01	6.046511627906977493e-01	1.259689922480620172e-01	6.046511627906977493e-01	1.259689922480620172e-01	6.046511627906977493e-01	0.000000000000000000e+00	0.000000000000000000e+00	6.046511627906977493e-01	0.000000000000000000e+00	6.046511627906977493e-01	6.046511627906977493e-01	0.000000000000000000e+00	0.000000000000000000e+00	6.046511627906977493e-01	0.000000000000000000e+00	0.000000000000000000e+00	6.279069767441860517e-01	8.430232558139534316e-01	7.906976744186047235e-01	6.279069767441860517e-01	4.418604651162790775e-01	6.279069767441860517e-01	8.430232558139534316e-01	4.418604651162790775e-01	5.000000000000001110e-01	4.069767441860466101e-02	6.279069767441860517e-01	0.000000000000000000e+00	0.000000000000000000e+00	8.430232558139534316e-01	4.505813953488372325e-01	1.744186046511627952e-01	6.279069767441860517e-01	7.906976744186047235e-01	1.569767441860465684e-01	6.279069767441860517e-01	1.220930232558139900e-01	1.976744186046511809e-01	8.430232558139534316e-01	5.000000000000001110e-01	4.069767441860466101e-02
5.000000000000001110e-01	5.000000000000001110e-01	5.000000000000001110e-01	1.220930232558139900e-01	2.093023255813953876e-01	6.046511627906977493e-01	7.267441860465115866e-01	5.000000000000001110e-01	5.000000000000001110e-01	7.906976744186047235e-01	1.259689922480620172e-01	6.279069767441860517e-01	4.709302325581396498e-01	6.046511627906977493e-01	1.259689922480620172e-01	6.046511627906977493e-01	1.259689922480620172e-01	6.046511627906977493e-01	0.000000000000000000e+00	0.000000000000000000e+00	6.046511627906977493e-01	0.000000000000000000e+00	6.046511627906977493e-01	6.046511627906977493e-01	0.000000000000000000e+00	0.000000000000000000e+00	6.046511627906977493e-01	0.000000000000000000e+00	0.000000000000000000e+00	6.279069767441860517e-01	8.430232558139534316e-01	7.906976744186047235e-01	6.279069767441860517e-01	4.418604651162790775e-01	6.279069767441860517e-01	8.430232558139534316e-01	4.418604651162790775e-01	5.000000000000001110e-01	4.069767441860466101e-02	6.279069767441860517e-01	0.000000000000000000e+00	0.000000000000000000e+00	8.430232558139534316e-01	4.505813953488372325e-01	1.744186046511627952e-01	6.279069767441860517e-01	7.906976744186047235e-01	1.569767441860465684e-01	6.279069767441860517e-01	1.220930232558139900e-01	1.976744186046511809e-01	8.430232558139534316e-01	5.000000000000001110e-01	4.069767441860466101e-02
1.279069767441860239e-01	1.279069767441860239e-01	1.279069767441860239e-01	7.500000000000001110e-01	4.186046511627907751e-01	2.325581395348839259e-02	9.883720930232553492e-02	1.279069767441860239e-01	1.279069767441860239e-01	1.627906976744186163e-01	5.019379844961241455e-01	0.000000000000000000e+00	1.569767441860465129e-01	2.325581395348839259e-02	5.019379844961241455e-01	2.325581395348839259e-02	5.019379844961241455e-01	2.325581395348839259e-02	6.279069767441860517e-01	6.279069767441860517e-01	2.325581395348839259e-02	6.279069767441860517e-01	2.325581395348839259e-02	2.325581395348839259e-02	6.279069767441860517e-01	6.279069767441860517e-01	2.325581395348839259e-02	6.279069767441860517e-01	6.279069767441860517e-01	0.000000000000000000e+00	2.151162790697673799e-01	1.627906976744186163e-01	0.000000000000000000e+00	1.860465116279070852e-01	0.000000000000000000e+00	2.151162790697673799e-01	1.860465116279070852e-01	1.279069767441860239e-01	5.872093023255815503e-01	0.000000000000000000e+00	6.279069767441860517e-01	6.279069767441860517e-01	2.151162790697673799e-01	1.773255813953489302e-01	4.534883720930233397e-01	0.000000000000000000e+00	1.627906976744186163e-01	4.709302325581395943e-01	0.000000000000000000e+00	7.500000000000001110e-01	4.302325581395349263e-01	2.151162790697673799e-01	1.279069767441860239e-01	5.872093023255815503e-01
3.430232558139534316e-01	3.430232558139534316e-01	3.430232558139534316e-01	9.651162790697674909e-01	6.337209302325580440e-01	2.383720930232557655e-01	1.162790697674418311e-01	3.430232558139534316e-01	3.430232558139534316e-01	5.232558139534875669e-02	7.170542635658915254e-01	2.151162790697673799e-01	3.720930232558138928e-01	2.383720930232557655e-01	7.170542635658915254e-01	2.383720930232557655e-01	7.170542635658915254e-01	2.383720930232557655e-01	8.430232558139534316e-01	8.430232558139534316e-01	2.383720930232557655e-01	8.430232558139534316e-01	2.383720930232557655e-01	2.383720930232557655e-01	8.430232558139534316e-01	8.430232558139534316e-01	2.383720930232557655e-01	8.430232558139534316e-01	8.430232558139534316e-01	2.151162790697673799e-01	0.000000000000000000e+00	5.232558139534875669e-02	2.151162790697673799e-01	4.011627906976744651e-01	2.151162790697673799e-01	0.000000000000000000e+00	4.011627906976744651e-01	3.430232558139534316e-01	8.023255813953488191e-01	2.151162790697673799e-01	8.430232558139534316e-01	8.430232558139534316e-01	0.000000000000000000e+00	3.924418604651163101e-01	6.686046511627906641e-01	2.151162790697673799e-01	5.232558139534875669e-02	6.860465116279069742e-01	2.151162790697673799e-01	9.651162790697674909e-01	6.453488372093022507e-01	0.000000000000000000e+00	3.430232558139534316e-01	8.023255813953488191e-01
2.906976744186046679e-01	2.906976744186046679e-01	2.906976744186046679e-01	9.127906976744187828e-01	5.813953488372093359e-01	1.860465116279070019e-01	6.395348837209308135e-02	2.906976744186046679e-01	2.906976744186046679e-01	0.000000000000000000e+00	6.647286821705428173e-01	1.627906976744186163e-01	3.197674418604651292e-01	1.860465116279070019e-01	6.647286821705428173e-01	1.860465116279070019e-01	6.647286821705428173e-01	1.860465116279070019e-01	7.906976744186047235e-01	7.906976744186047235e-01	1.860465116279070019e-01	7.906976744186047235e-01	1.860465116279070019e-01	1.860465116279070019e-01	7.906976744186047235e-01	7.906976744186047235e-01	1.860465116279070019e-01	7.906976744186047235e-01	7.906976744186047235e-01	1.627906976744186163e-01	5.232558139534875669e-02	0.000000000000000000e+00	1.627906976744186163e-01	3.488372093023257015e-01	1.627906976744186163e-01	5.232558139534875669e-02	3.488372093023257015e-01	2.906976744186046679e-01	7.500000000000000000e-01	1.627906976744186163e-01	7.906976744186047235e-01	7.906976744186047235e-01	5.232558139534875669e-02	3.401162790697675464e-01	6.162790697674419560e-01	1.627906976744186163e-01	0.000000000000000000e+00	6.337209302325581550e-01	1.627906976744186163e-01	9.127906976744187828e-01	5.930232558139535426e-01	5.232558139534875669e-02	2.906976744186046679e-01	7.500000000000000000e-01
1.279069767441860239e-01	1.279069767441860239e-01	1.279069767441860239e-01	7.500000000000001110e-01	4.186046511627907751e-01	2.325581395348839259e-02	9.883720930232553492e-02	1.279069767441860239e-01	1.279069767441860239e-01	1.627906976744186163e-01	5.019379844961241455e-01	0.000000000000000000e+00	1.569767441860465129e-01	2.325581395348839259e-02	5.019379844961241455e-01	2.325581395348839259e-02	5.019379844961241455e-01	2.325581395348839259e-02	6.279069767441860517e-01	6.279069767441860517e-01	2.325581395348839259e-02	6.279069767441860517e-01	2.325581395348839259e-02	2.325581395348839259e-02	6.279069767441860517e-01	6.279069767441860517e-01	2.325581395348839259e-02	6.279069767441860517e-01	6.279069767441860517e-01	0.000000000000000000e+00	2.151162790697673799e-01	1.627906976744186163e-01	0.000000000000000000e+00	1.860465116279070852e-01	0.000000000000000000e+00	2.151162790697673799e-01	1.860465116279070852e-01	1.279069767441860239e-01	5.872093023255815503e-01	0.000000000000000000e+00	6.279069767441860517e-01	6.279069767441860517e-01	2.151162790697673799e-01	1.773255813953489302e-01	4.534883720930233397e-01	0.000000000000000000e+00	1.627906976744186163e-01	4.709302325581395943e-01	0.000000000000000000e+00	7.500000000000001110e-01	4.302325581395349263e-01	2.151162790697673799e-01	1.279069767441860239e-01	5.872093023255815503e-01
5.813953488372104739e-02	5.813953488372104739e-02	5.813953488372104739e-02	5.639534883720930258e-01	2.325581395348836622e-01	1.627906976744186995e-01	2.848837209302326201e-01	5.813953488372104739e-02	5.813953488372104739e-02	3.488372093023257015e-01	3.158914728682170048e-01	1.860465116279070852e-01	2.906976744186055492e-02	1.627906976744186995e-01	3.158914728682170048e-01	1.627906976744186995e-01	3.158914728682170048e-01	1.627906976744186995e-01	4.418604651162790775e-01	4.418604651162790775e-01	1.627906976744186995e-01	4.418604651162790775e-01	1.627906976744186995e-01	1.627906976744186995e-01	4.418604651162790775e-01	4.418604651162790775e-01	1.627906976744186995e-01	4.418604651162790775e-01	4.418604651162790775e-01	1.860465116279070852e-01	4.011627906976744651e-01	3.488372093023257015e-01	1.860465116279070852e-01	0.000000000000000000e+00	1.860465116279070852e-01	4.011627906976744651e-01	0.000000000000000000e+00	5.813953488372104739e-02	4.011627906976744096e-01	1.860465116279070852e-01	4.418604651162790775e-01	4.418604651162790775e-01	4.011627906976744651e-01	8.720930232558148087e-03	2.674418604651162545e-01	1.860465116279070852e-01	3.488372093023257015e-01	2.848837209302325091e-01	1.860465116279070852e-01	5.639534883720930258e-01	2.441860465116278689e-01	4.011627906976744651e-01	5.813953488372104739e-02	4.011627906976744096e-01
1.279069767441860239e-01	1.279069767441860239e-01	1.279069767441860239e-01	7.500000000000001110e-01	4.186046511627907751e-01	2.325581395348839259e-02	9.883720930232553492e-02	1.279069767441860239e-01	1.279069767441860239e-01	1.627906976744186163e-01	5.019379844961241455e-01	0.000000000000000000e+00	1.569767441860465129e-01	2.325581395348839259e-02	5.019379844961241455e-01	2.325581395348839259e-02	5.019379844961241455e-01	2.325581395348839259e-02	6.279069767441860517e-01	6.279069767441860517e-01	2.325581395348839259e-02	6.279069767441860517e-01	2.325581395348839259e-02	2.325581395348839259e-02	6.279069767441860517e-01	6.279069767441860517e-01	2.325581395348839259e-02	6.279069767441860517e-01	6.279069767441860517e-01	0.000000000000000000e+00	2.151162790697673799e-01	1.627906976744186163e-01	0.000000000000000000e+00	1.860465116279070852e-01	0.000000000000000000e+00	2.151162790697673799e-01	1.860465116279070852e-01	1.279069767441860239e-01	5.872093023255815503e-01	0.000000000000000000e+00	6.279069767441860517e-01	6.279069767441860517e-01	2.151162790697673799e-01	1.773255813953489302e-01	4.534883720930233397e-01	0.000000000000000000e+00	1.627906976744186163e-01	4.709302325581395943e-01	0.000000000000000000e+00	7.500000000000001110e-01	4.302325581395349263e-01	2.151162790697673799e-01	1.279069767441860239e-01	5.872093023255815503e-01
3.430232558139534316e-01	3.430232558139534316e-01	3.430232558139534316e-01	9.651162790697674909e-01	6.337209302325580440e-01	2.383720930232557655e-01	1.162790697674418311e-01	3.430232558139534316e-01	3.430232558139534316e-01	5.232558139534875669e-02	7.170542635658915254e-01	2.151162790697673799e-01	3.720930232558138928e-01	2.383720930232557655e-01	7.170542635658915254e-01	2.383720930232557655e-01	7.170542635658915254e-01	2.383720930232557655e-01	8.430232558139534316e-01	8.430232558139534316e-01	2.383720930232557655e-01	8.430232558139534316e-01	2.383720930232557655e-01	2.383720930232557655e-01	8.430232558139534316e-01	8.430232558139534316e-01	2.383720930232557655e-01	8.430232558139534316e-01	8.430232558139534316e-01	2.151162790697673799e-01	0.000000000000000000e+00	5.232558139534875669e-02	2.151162790697673799e-01	4.011627906976744651e-01	2.151162790697673799e-01	0.000000000000000000e+00	4.011627906976744651e-01	3.430232558139534316e-01	8.023255813953488191e-01	2.151162790697673799e-01	8.430232558139534316e-01	8.430232558139534316e-01	0.000000000000000000e+00	3.924418604651163101e-01	6.686046511627906641e-01	2.151162790697673799e-01	5.232558139534875669e-02	6.860465116279069742e-01	2.151162790697673799e-01	9.651162790697674909e-01	6.453488372093022507e-01	0.000000000000000000e+00	3.430232558139534316e-01	8.023255813953488191e-01
5.813953488372104739e-02	5.813953488372104739e-02	5.813953488372104739e-02	5.639534883720930258e-01	2.325581395348836622e-01	1.627906976744186995e-01	2.848837209302326201e-01	5.813953488372104739e-02	5.813953488372104739e-02	3.488372093023257015e-01	3.158914728682170048e-01	1.860465116279070852e-01	2.906976744186055492e-02	1.627906976744186995e-01	3.158914728682170048e-01	1.627906976744186995e-01	3.158914728682170048e-01	1.627906976744186995e-01	4.418604651162790775e-01	4.418604651162790775e-01	1.627906976744186995e-01	4.418604651162790775e-01	1.627906976744186995e-01	1.627906976744186995e-01	4.418604651162790775e-01	4.418604651162790775e-01	1.627906976744186995e-01	4.418604651162790775e-01	4.418604651162790775e-01	1.860465116279070852e-01	4.011627906976744651e-01	3.488372093023257015e-01	1.860465116279070852e-01	0.000000000000000000e+00	1.860465116279070852e-01	4.011627906976744651e-01	0.000000000000000000e+00	5.813953488372104739e-02	4.011627906976744096e-01	1.860465116279070852e-01	4.418604651162790775e-01	4.418604651162790775e-01	4.011627906976744651e-01	8.720930232558148087e-03	2.674418604651162545e-01	1.860465116279070852e-01	3.488372093023257015e-01	2.848837209302325091e-01	1.860465116279070852e-01	5.639534883720930258e-01	2.441860465116278689e-01	4.011627906976744651e-01	5.813953488372104739e-02	4.011627906976744096e-01
0.000000000000000000e+00	0.000000000000000000e+00	0.000000000000000000e+00	6.220930232558141704e-01	2.906976744186047235e-01	1.046511627906976383e-01	2.267441860465115866e-01	0.000000000000000000e+00	0.000000000000000000e+00	2.906976744186046679e-01	3.740310077519380938e-01	1.279069767441860239e-01	2.906976744186049247e-02	1.046511627906976383e-01	3.740310077519380938e-01	1.046511627906976383e-01	3.740310077519380938e-01	1.046511627906976383e-01	5.000000000000001110e-01	5.000000000000001110e-01	1.046511627906976383e-01	5.000000000000001110e-01	1.046511627906976383e-01	1.046511627906976383e-01	5.000000000000001110e-01	5.000000000000001110e-01	1.046511627906976383e-01	5.000000000000001110e-01	5.000000000000001110e-01	1.279069767441860239e-01	3.430232558139534316e-01	2.906976744186046679e-01	1.279069767441860239e-01	5.813953488372104739e-02	1.279069767441860239e-01	3.430232558139534316e-01	5.813953488372104739e-02	0.000000000000000000e+00	4.593023255813954431e-01	1.279069767441860239e-01	5.000000000000001110e-01	5.000000000000001110e-01	3.430232558139534316e-01	4.941860465116289930e-02	3.255813953488372881e-01	1.279069767441860239e-01	2.906976744186046679e-01	3.430232558139535426e-01	1.279069767441860239e-01	6.220930232558141704e-01	3.023255813953489302e-01	3.430232558139534316e-01	0.000000000000000000e+00	4.593023255813954431e-01
4.593023255813954431e-01	4.593023255813954431e-01	4.593023255813954431e-01	1.627906976744186440e-01	1.686046511627907196e-01	5.639534883720930258e-01	6.860465116279070852e-01	4.593023255813954431e-01	4.593023255813954431e-01	7.500000000000000000e-01	8.527131782945736316e-02	5.872093023255815503e-01	4.302325581395349263e-01	5.639534883720930258e-01	8.527131782945736316e-02	5.639534883720930258e-01	8.527131782945736316e-02	5.639534883720930258e-01	4.069767441860466101e-02	4.069767441860466101e-02	5.639534883720930258e-01	4.069767441860466101e-02	5.639534883720930258e-01	5.639534883720930258e-01	4.069767441860466101e-02	4.069767441860466101e-02	5.639534883720930258e-01	4.069767441860466101e-02	4.069767441860466101e-02	5.872093023255815503e-01	8.023255813953488191e-01	7.500000000000000000e-01	5.872093023255815503e-01	4.011627906976744096e-01	5.872093023255815503e-01	8.023255813953488191e-01	4.011627906976744096e-01	4.593023255813954431e-01	0.000000000000000000e+00	5.872093023255815503e-01	4.069767441860466101e-02	4.069767441860466101e-02	8.023255813953488191e-01	4.098837209302325646e-01	1.337209302325581273e-01	5.872093023255815503e-01	7.500000000000000000e-01	1.162790697674419005e-01	5.872093023255815503e-01	1.627906976744186440e-01	1.569767441860465129e-01	8.023255813953488191e-01	4.593023255813954431e-01	0.000000000000000000e+00
1.279069767441860239e-01	1.279069767441860239e-01	1.279069767441860239e-01	7.500000000000001110e-01	4.186046511627907751e-01	2.325581395348839259e-02	9.883720930232553492e-02	1.279069767441860239e-01	1.279069767441860239e-01	1.627906976744186163e-01	5.019379844961241455e-01	0.000000000000000000e+00	1.569767441860465129e-01	2.325581395348839259e-02	5.019379844961241455e-01	2.325581395348839259e-02	5.019379844961241455e-01	2.325581395348839259e-02	6.279069767441860517e-01	6.279069767441860517e-01	2.325581395348839259e-02	6.279069767441860517e-01	2.325581395348839259e-02	2.325581395348839259e-02	6.279069767441860517e-01	6.279069767441860517e-01	2.325581395348839259e-02	6.279069767441860517e-01	6.279069767441860517e-01	0.000000000000000000e+00	2.151162790697673799e-01	1.627906976744186163e-01	0.000000000000000000e+00	1.860465116279070852e-01	0.000000000000000000e+00	2.151162790697673799e-01	1.860465116279070852e-01	1.279069767441860239e-01	5.872093023255815503e-01	0.000000000000000000e+00	6.279069767441860517e-01	6.279069767441860517e-01	2.151162790697673799e-01	1.773255813953489302e-01	4.534883720930233397e-01	0.000000000000000000e+00	1.627906976744186163e-01	4.709302325581395943e-01	0.000000000000000000e+00	7.500000000000001110e-01	4.302325581395349263e-01	2.151162790697673799e-01	1.279069767441860239e-01	5.872093023255815503e-01
5.000000000000001110e-01	5.000000000000001110e-01	5.000000000000001110e-01	1.220930232558139900e-01	2.093023255813953876e-01	6.046511627906977493e-01	7.267441860465115866e-01	5.000000000000001110e-01	5.000000000000001110e-01	7.906976744186047235e-01	1.259689922480620172e-01	6.279069767441860517e-01	4.709302325581396498e-01	6.046511627906977493e-01	1.259689922480620172e-01	6.046511627906977493e-01	1.259689922480620172e-01	6.046511627906977493e-01	0.000000000000000000e+00	0.000000000000000000e+00	6.046511627906977493e-01	0.000000000000000000e+00	6.046511627906977493e-01	6.046511627906977493e-01	0.000000000000000000e+00	0.000000000000000000e+00	6.046511627906977493e-01	0.000000000000000000e+00	0.000000000000000000e+00	6.279069767441860517e-01	8.430232558139534316e-01	7.906976744186047235e-01	6.279069767441860517e-01	4.418604651162790775e-01	6.279069767441860517e-01	8.430232558139534316e-01	4.418604651162790775e-01	5.000000000000001110e-01	4.069767441860466101e-02	6.279069767441860517e-01	0.000000000000000000e+00	0.000000000000000000e+00	8.430232558139534316e-01	4.505813953488372325e-01	1.744186046511627952e-01	6.279069767441860517e-01	7.906976744186047235e-01	1.569767441860465684e-01	6.279069767441860517e-01	1.220930232558139900e-01	1.976744186046511809e-01	8.430232558139534316e-01	5.000000000000001110e-01	4.069767441860466101e-02
5.000000000000001110e-01	5.000000000000001110e-01	5.000000000000001110e-01	1.220930232558139900e-01	2.093023255813953876e-01	6.046511627906977493e-01	7.267441860465115866e-01	5.000000000000001110e-01	5.000000000000001110e-01	7.906976744186047235e-01	1.259689922480620172e-01	6.279069767441860517e-01	4.709302325581396498e-01	6.046511627906977493e-01	1.259689922480620172e-01	6.046511627906977493e-01	1.259689922480620172e-01	6.046511627906977493e-01	0.000000000000000000e+00	0.000000000000000000e+00	6.046511627906977493e-01	0.000000000000000000e+00	6.046511627906977493e-01	6.046511627906977493e-01	0.000000000000000000e+00	0.000000000000000000e+00	6.046511627906977493e-01	0.000000000000000000e+00	0.000000000000000000e+00	6.279069767441860517e-01	8.430232558139534316e-01	7.906976744186047235e-01	6.279069767441860517e-01	4.418604651162790775e-01	6.279069767441860517e-01	8.430232558139534316e-01	4.418604651162790775e-01	5.000000000000001110e-01	4.069767441860466101e-02	6.279069767441860517e-01	0.000000000000000000e+00	0.000000000000000000e+00	8.430232558139534316e-01	4.505813953488372325e-01	1.744186046511627952e-01	6.279069767441860517e-01	7.906976744186047235e-01	1.569767441860465684e-01	6.279069767441860517e-01	1.220930232558139900e-01	1.976744186046511809e-01	8.430232558139534316e-01	5.000000000000001110e-01	4.069767441860466101e-02
3.430232558139534316e-01	3.430232558139534316e-01	3.430232558139534316e-01	9.651162790697674909e-01	6.337209302325580440e-01	2.383720930232557655e-01	1.162790697674418311e-01	3.430232558139534316e-01	3.430232558139534316e-01	5.232558139534875669e-02	7.170542635658915254e-01	2.151162790697673799e-01	3.720930232558138928e-01	2.383720930232557655e-01	7.170542635658915254e-01	2.383720930232557655e-01	7.170542635658915254e-01	2.383720930232557655e-01	8.430232558139534316e-01	8.430232558139534316e-01	2.383720930232557655e-01	8.430232558139534316e-01	2.383720930232557655e-01	2.383720930232557655e-01	8.430232558139534316e-01	8.430232558139534316e-01	2.383720930232557655e-01	8.430232558139534316e-01	8.430232558139534316e-01	2.151162790697673799e-01	0.000000000000000000e+00	5.232558139534875669e-02	2.151162790697673799e-01	4.011627906976744651e-01	2.151162790697673799e-01	0.000000000000000000e+00	4.011627906976744651e-01	3.430232558139534316e-01	8.023255813953488191e-01	2.151162790697673799e-01	8.430232558139534316e-01	8.430232558139534316e-01	0.000000000000000000e+00	3.924418604651163101e-01	6.686046511627906641e-01	2.151162790697673799e-01	5.232558139534875669e-02	6.860465116279069742e-01	2.151162790697673799e-01	9.651162790697674909e-01	6.453488372093022507e-01	0.000000000000000000e+00	3.430232558139534316e-01	8.023255813953488191e-01
4.941860465116289930e-02	4.941860465116289930e-02	4.941860465116289930e-02	5.726744186046511809e-01	2.412790697674418172e-01	1.540697674418605445e-01	2.761627906976744651e-01	4.941860465116289930e-02	4.941860465116289930e-02	3.401162790697675464e-01	3.246124031007752153e-01	1.773255813953489302e-01	2.034883720930240683e-02	1.540697674418605445e-01	3.246124031007752153e-01	1.540697674418605445e-01	3.246124031007752153e-01	1.540697674418605445e-01	4.505813953488372325e-01	4.505813953488372325e-01	1.540697674418605445e-01	4.505813953488372325e-01	1.540697674418605445e-01	1.540697674418605445e-01	4.505813953488372325e-01	4.505813953488372325e-01	1.540697674418605445e-01	4.505813953488372325e-01	4.505813953488372325e-01	1.773255813953489302e-01	3.924418604651163101e-01	3.401162790697675464e-01	1.773255813953489302e-01	8.720930232558148087e-03	1.773255813953489302e-01	3.924418604651163101e-01	8.720930232558148087e-03	4.941860465116289930e-02	4.098837209302325646e-01	1.773255813953489302e-01	4.505813953488372325e-01	4.505813953488372325e-01	3.924418604651163101e-01	0.000000000000000000e+00	2.761627906976744096e-01	1.773255813953489302e-01	3.401162790697675464e-01	2.936046511627906641e-01	1.773255813953489302e-01	5.726744186046511809e-01	2.529069767441859962e-01	3.924418604651163101e-01	4.941860465116289930e-02	4.098837209302325646e-01
3.255813953488372881e-01	3.255813953488372881e-01	3.255813953488372881e-01	2.965116279069767713e-01	3.488372093023259235e-02	4.302325581395349263e-01	5.523255813953489302e-01	3.255813953488372881e-01	3.255813953488372881e-01	6.162790697674419560e-01	4.844961240310076411e-02	4.534883720930233397e-01	2.965116279069768268e-01	4.302325581395349263e-01	4.844961240310076411e-02	4.302325581395349263e-01	4.844961240310076411e-02	4.302325581395349263e-01	1.744186046511627952e-01	1.744186046511627952e-01	4.302325581395349263e-01	1.744186046511627952e-01	4.302325581395349263e-01	4.302325581395349263e-01	1.744186046511627952e-01	1.744186046511627952e-01	4.302325581395349263e-01	1.744186046511627952e-01	1.744186046511627952e-01	4.534883720930233397e-01	6.686046511627906641e-01	6.162790697674419560e-01	4.534883720930233397e-01	2.674418604651162545e-01	4.534883720930233397e-01	6.686046511627906641e-01	2.674418604651162545e-01	3.255813953488372881e-01	1.337209302325581273e-01	4.534883720930233397e-01	1.744186046511627952e-01	1.744186046511627952e-01	6.686046511627906641e-01	2.761627906976744096e-01	0.000000000000000000e+00	4.534883720930233397e-01	6.162790697674419560e-01	1.744186046511623026e-02	4.534883720930233397e-01	2.965116279069767713e-01	2.325581395348839259e-02	6.686046511627906641e-01	3.255813953488372881e-01	1.337209302325581273e-01
1.279069767441860239e-01	1.279069767441860239e-01	1.279069767441860239e-01	7.500000000000001110e-01	4.186046511627907751e-01	2.325581395348839259e-02	9.883720930232553492e-02	1.279069767441860239e-01	1.279069767441860239e-01	1.627906976744186163e-01	5.019379844961241455e-01	0.000000000000000000e+00	1.569767441860465129e-01	2.325581395348839259e-02	5.019379844961241455e-01	2.325581395348839259e-02	5.019379844961241455e-01	2.325581395348839259e-02	6.279069767441860517e-01	6.279069767441860517e-01	2.325581395348839259e-02	6.279069767441860517e-01	2.325581395348839259e-02	2.325581395348839259e-02	6.279069767441860517e-01	6.279069767441860517e-01	2.325581395348839259e-02	6.279069767441860517e-01	6.279069767441860517e-01	0.000000000000000000e+00	2.151162790697673799e-01	1.627906976744186163e-01	0.000000000000000000e+00	1.860465116279070852e-01	0.000000000000000000e+00	2.151162790697673799e-01	1.860465116279070852e-01	1.279069767441860239e-01	5.872093023255815503e-01	0.000000000000000000e+00	6.279069767441860517e-01	6.279069767441860517e-01	2.151162790697673799e-01	1.773255813953489302e-01	4.534883720930233397e-01	0.000000000000000000e+00	1.627906976744186163e-01	4.709302325581395943e-01	0.000000000000000000e+00	7.500000000000001110e-01	4.302325581395349263e-01	2.151162790697673799e-01	1.279069767441860239e-01	5.872093023255815503e-01
2.906976744186046679e-01	2.906976744186046679e-01	2.906976744186046679e-01	9.127906976744187828e-01	5.813953488372093359e-01	1.860465116279070019e-01	6.395348837209308135e-02	2.906976744186046679e-01	2.906976744186046679e-01	0.000000000000000000e+00	6.647286821705428173e-01	1.627906976744186163e-01	3.197674418604651292e-01	1.860465116279070019e-01	6.647286821705428173e-01	1.860465116279070019e-01	6.647286821705428173e-01	1.860465116279070019e-01	7.906976744186047235e-01	7.906976744186047235e-01	1.860465116279070019e-01	7.906976744186047235e-01	1.860465116279070019e-01	1.860465116279070019e-01	7.906976744186047235e-01	7.906976744186047235e-01	1.860465116279070019e-01	7.906976744186047235e-01	7.906976744186047235e-01	1.627906976744186163e-01	5.232558139534875669e-02	0.000000000000000000e+00	1.627906976744186163e-01	3.488372093023257015e-01	1.627906976744186163e-01	5.232558139534875669e-02	3.488372093023257015e-01	2.906976744186046679e-01	7.500000000000000000e-01	1.627906976744186163e-01	7.906976744186047235e-01	7.906976744186047235e-01	5.232558139534875669e-02	3.401162790697675464e-01	6.162790697674419560e-01	1.627906976744186163e-01	0.000000000000000000e+00	6.337209302325581550e-01	1.627906976744186163e-01	9.127906976744187828e-01	5.930232558139535426e-01	5.232558139534875669e-02	2.906976744186046679e-01	7.500000000000000000e-01
3.430232558139535426e-01	3.430232558139535426e-01	3.430232558139535426e-01	2.790697674418605723e-01	5.232558139534881914e-02	4.476744186046511809e-01	5.697674418604651292e-01	3.430232558139535426e-01	3.430232558139535426e-01	6.337209302325581550e-01	3.100775193798453386e-02	4.709302325581395943e-01	3.139534883720930258e-01	4.476744186046511809e-01	3.100775193798453386e-02	4.476744186046511809e-01	3.100775193798453386e-02	4.476744186046511809e-01	1.569767441860465684e-01	1.569767441860465684e-01	4.476744186046511809e-01	1.569767441860465684e-01	4.476744186046511809e-01	4.476744186046511809e-01	1.569767441860465684e-01	1.569767441860465684e-01	4.476744186046511809e-01	1.569767441860465684e-01	1.569767441860465684e-01	4.709302325581395943e-01	6.860465116279069742e-01	6.337209302325581550e-01	4.709302325581395943e-01	2.848837209302325091e-01	4.709302325581395943e-01	6.860465116279069742e-01	2.848837209302325091e-01	3.430232558139535426e-01	1.162790697674419005e-01	4.709302325581395943e-01	1.569767441860465684e-01	1.569767441860465684e-01	6.860465116279069742e-01	2.936046511627906641e-01	1.744186046511623026e-02	4.709302325581395943e-01	6.337209302325581550e-01	0.000000000000000000e+00	4.709302325581395943e-01	2.790697674418605723e-01	4.069767441860462631e-02	6.860465116279069742e-01	3.430232558139535426e-01	1.162790697674419005e-01
1.279069767441860239e-01	1.279069767441860239e-01	1.279069767441860239e-01	7.500000000000001110e-01	4.186046511627907751e-01	2.325581395348839259e-02	9.883720930232553492e-02	1.279069767441860239e-01	1.279069767441860239e-01	1.627906976744186163e-01	5.019379844961241455e-01	0.000000000000000000e+00	1.569767441860465129e-01	2.325581395348839259e-02	5.019379844961241455e-01	2.325581395348839259e-02	5.019379844961241455e-01	2.325581395348839259e-02	6.279069767441860517e-01	6.279069767441860517e-01	2.325581395348839259e-02	6.279069767441860517e-01	2.325581395348839259e-02	2.325581395348839259e-02	6.279069767441860517e-01	6.279069767441860517e-01	2.325581395348839259e-02	6.279069767441860517e-01	6.279069767441860517e-01	0.000000000000000000e+00	2.151162790697673799e-01	1.627906976744186163e-01	0.000000000000000000e+00	1.860465116279070852e-01	0.000000000000000000e+00	2.151162790697673799e-01	1.860465116279070852e-01	1.279069767441860239e-01	5.872093023255815503e-01	0.000000000000000000e+00	6.279069767441860517e-01	6.279069767441860517e-01	2.151162790697673799e-01	1.773255813953489302e-01	4.534883720930233397e-01	0.000000000000000000e+00	1.627906976744186163e-01	4.709302325581395943e-01	0.000000000000000000e+00	7.500000000000001110e-01	4.302325581395349263e-01	2.151162790697673799e-01	1.279069767441860239e-01	5.872093023255815503e-01
6.220930232558141704e-01	6.220930232558141704e-01	6.220930232558141704e-01	0.000000000000000000e+00	3.313953488372093359e-01	7.267441860465118086e-01	8.488372093023257570e-01	6.220930232558141704e-01	6.220930232558141704e-01	9.127906976744187828e-01	2.480620155038760211e-01	7.500000000000001110e-01	5.930232558139536536e-01	7.267441860465118086e-01	2.480620155038760211e-01	7.267441860465118086e-01	2.480620155038760211e-01	7.267441860465118086e-01	1.220930232558139900e-01	1.220930232558139900e-01	7.267441860465118086e-01	1.220930232558139900e-01	7.267441860465118086e-01	7.267441860465118086e-01	1.220930232558139900e-01	1.220930232558139900e-01	7.267441860465118086e-01	1.220930232558139900e-01	1.220930232558139900e-01	7.500000000000001110e-01	9.651162790697674909e-01	9.127906976744187828e-01	7.500000000000001110e-01	5.639534883720930258e-01	7.500000000000001110e-01	9.651162790697674909e-01	5.639534883720930258e-01	6.220930232558141704e-01	1.627906976744186440e-01	7.500000000000001110e-01	1.220930232558139900e-01	1.220930232558139900e-01	9.651162790697674909e-01	5.726744186046511809e-01	2.965116279069767713e-01	7.500000000000001110e-01	9.127906976744187828e-01	2.790697674418605723e-01	7.500000000000001110e-01	0.000000000000000000e+00	3.197674418604651292e-01	9.651162790697674909e-01	6.220930232558141704e-01	1.627906976744186440e-01
